district,divisional_secretariat,gn_division
Colombo,Colombo,Sammanthranapura
Colombo,Colombo,Mattakkuliya
Colombo,Colombo,Modara
Colombo,Colombo,Madampitiya
Colombo,Colombo,Mahawatta
Colombo,Colombo,Aluthmawatha
Colombo,Colombo,Lunupokuna
Colombo,Colombo,Bloemendhal
Colombo,Colombo,"Kotahena East"
Colombo,Colombo,"Kotahena West"
Colombo,Colombo,"Kochchikade North"
Colombo,Colombo,Jinthupitiya
Colombo,Colombo,Masangasweediya
Colombo,Colombo,"New Bazaar"
Colombo,Colombo,"Grandpass South"
Colombo,Colombo,"Grandpass North"
Colombo,Colombo,Nawagampura
Colombo,Colombo,"Maligawatta East"
Colombo,Colombo,Khettarama
Colombo,Colombo,"Aluthkade East"
Colombo,Colombo,"Aluthkade West"
Colombo,Colombo,"Kochchikade South"
Colombo,Colombo,Pettah
Colombo,Colombo,Fort
Colombo,Colombo,"Galle Face"
Colombo,Colombo,"Slave Island"
Colombo,Colombo,Hunupitiya
Colombo,Colombo,Suduwella
Colombo,Colombo,Keselwatta
Colombo,Colombo,Panchikawatta
Colombo,Colombo,"Maligawatta West"
Colombo,Colombo,Maligakanda
Colombo,Colombo,Maradana
Colombo,Colombo,Ibbanwala
Colombo,Colombo,Wekanda
Colombo,Kolonnawa,Wadulla
Colombo,Kolonnawa,Sedawatta
Colombo,Kolonnawa,Halmulla
Colombo,Kolonnawa,Kotuvila
Colombo,Kolonnawa,Veheragoda
Colombo,Kolonnawa,Orugodawatta
Colombo,Kolonnawa,Meethotamulla
Colombo,Kolonnawa,Welewatta
Colombo,Kolonnawa,Kittampahuwa
Colombo,Kolonnawa,Wennawatta
Colombo,Kolonnawa,"Maha Buthgamuwa B"
Colombo,Kolonnawa,"Kuda Buthgamuwa"
Colombo,Kolonnawa,Kelanimulla
Colombo,Kolonnawa,Ambathale
Colombo,Kolonnawa,"Mulleriyawa North"
Colombo,Kolonnawa,Belagama
Colombo,Kolonnawa,"Kotikawatta East"
Colombo,Kolonnawa,"Maha Buthgamuwa A"
Colombo,Kolonnawa,"Maha Buthgamuwa C"
Colombo,Kolonnawa,Wellampitiya
Colombo,Kolonnawa,Kuruniyawatta
Colombo,Kolonnawa,Kolonnawa
Colombo,Kolonnawa,Dahampura
Colombo,Kolonnawa,Singhapura
Colombo,Kolonnawa,"Megoda Kolonnawa"
Colombo,Kolonnawa,Bopetta
Colombo,Kolonnawa,Batalandahena
Colombo,Kolonnawa,"Kotikawatta West"
Colombo,Kolonnawa,"Mulleriyawa South"
Colombo,Kolonnawa,Malgama
Colombo,Kolonnawa,"Udumulla North"
Colombo,Kolonnawa,Maligagodella
Colombo,Kolonnawa,Rajasinghagama
Colombo,Kolonnawa,"Udumulla South"
Colombo,Kolonnawa,"Himbutana East"
Colombo,Kolonnawa,"Himbutana West"
Colombo,Kolonnawa,Malpura
Colombo,Kolonnawa,"Gothatuwa New Town"
Colombo,Kolonnawa,Kajugahawatta
Colombo,Kolonnawa,Gothatuwa
Colombo,Kolonnawa,Salamulla
Colombo,Kolonnawa,Wijayapura
Colombo,Kolonnawa,Gajabapura
Colombo,Kolonnawa,Madinnagoda
Colombo,Kolonnawa,Elhena
Colombo,Kolonnawa,Dodamgahahena
Colombo,Kaduwela,Welivita
Colombo,Kaduwela,Raggahawatta
Colombo,Kaduwela,Hewagama
Colombo,Kaduwela,Kaduwela
Colombo,Kaduwela,"Pahala Bomiriya"
Colombo,Kaduwela,"Ihala Bomiriya"
Colombo,Kaduwela,Wekewatta
Colombo,Kaduwela,Nawagamuwa
Colombo,Kaduwela,"Pahala Bomiriya B"
Colombo,Kaduwela,Welihinda
Colombo,Kaduwela,Kothalawala
Colombo,Kaduwela,Mahadeniya
Colombo,Kaduwela,"Thalahena North"
Colombo,Kaduwela,"Malabe North"
Colombo,Kaduwela,Thunadahena
Colombo,Kaduwela,Koratota
Colombo,Kaduwela,"Nawagamuwa South"
Colombo,Kaduwela,Batewela
Colombo,Kaduwela,Ranala
Colombo,Kaduwela,Dedigamuwa
Colombo,Kaduwela,Embilladeniya
Colombo,Kaduwela,Welipillewa
Colombo,Kaduwela,Shanthalokagama
Colombo,Kaduwela,Pore
Colombo,Kaduwela,"Malabe East"
Colombo,Kaduwela,"Malabe West"
Colombo,Kaduwela,"Thalangama North B"
Colombo,Kaduwela,"Thalahena South"
Colombo,Kaduwela,"Muttettugoda "
Colombo,Kaduwela,"Thalangama North A"
Colombo,Kaduwela,Walpola
Colombo,Kaduwela,Kalapaluwawa
Colombo,Kaduwela,Kotuwegoda
Colombo,Kaduwela,Subhoothipura
Colombo,Kaduwela,Udumulla
Colombo,Kaduwela,"Battaramulla North"
Colombo,Kaduwela,Batapotha
Colombo,Kaduwela,Pothuarawa
Colombo,Kaduwela,"Hokandara North"
Colombo,Kaduwela,Oruwala
Colombo,Kaduwela,Athurugiriya
Colombo,Kaduwela,Thaldiyawala
Colombo,Kaduwela,Boralugoda
Colombo,Kaduwela,"Hokandara East"
Colombo,Kaduwela,"Arangala "
Colombo,Kaduwela,Evarihena
Colombo,Kaduwela,Kumaragewatta
Colombo,Kaduwela,Jayawadanagama
Colombo,Kaduwela,Aruppitiya
Colombo,Kaduwela,"Asiri Uyana"
Colombo,Kaduwela,"Battaramulla South"
Colombo,Kaduwela,Rajamalwatta
Colombo,Kaduwela,Pahalawela
Colombo,Kaduwela,Wickramasinghapura
Colombo,Kaduwela,Wellangiriya
Colombo,Kaduwela,"Hokandara South"
Colombo,Kaduwela,"Athurugiriya South"
Colombo,Homagama,Jalthara
Colombo,Homagama,Henpita
Colombo,Homagama,"Atigala West"
Colombo,Homagama,"Atigala East"
Colombo,Homagama,Batawala
Colombo,Homagama,Walpita
Colombo,Homagama,Nawalamulla
Colombo,Homagama,Meegasmulla
Colombo,Homagama,"Habarakada North"
Colombo,Homagama,"Mullegama North"
Colombo,Homagama,"Mullegama South"
Colombo,Homagama,"Habarakada South"
Colombo,Homagama,"Panagoda Town"
Colombo,Homagama,Henawatta
Colombo,Homagama,"Meegoda North"
Colombo,Homagama,Panaluwa
Colombo,Homagama,"Watareka North"
Colombo,Homagama,"Meegoda South"
Colombo,Homagama,"Godagama North"
Colombo,Homagama,"Panagoda West"
Colombo,Homagama,"Panagoda East"
Colombo,Homagama,"Habarakada Watta"
Colombo,Homagama,"Homagama North"
Colombo,Homagama,"Homagama West"
Colombo,Homagama,"Homagama South"
Colombo,Homagama,"Galavilawatta North"
Colombo,Homagama,"Homagama Town"
Colombo,Homagama,"Homagama East"
Colombo,Homagama,"Pitipana Town"
Colombo,Homagama,"Godagama South"
Colombo,Homagama,Kurunduwatta
Colombo,Homagama,Gehenuwala
Colombo,Homagama,"Watareka South"
Colombo,Homagama,Ovitigama
Colombo,Homagama,Kandanawatta
Colombo,Homagama,Kiriberiyakele
Colombo,Homagama,Mawathgama
Colombo,Homagama,Katuwana
Colombo,Homagama,"Galavilawatta South"
Colombo,Homagama,Niyandagala
Colombo,Homagama,Hiripitiya
Colombo,Homagama,Mambulgoda
Colombo,Homagama,Kithulhena
Colombo,Homagama,"Siddamulla North"
Colombo,Homagama,"Siddamulla South"
Colombo,Homagama,"Mattegoda West"
Colombo,Homagama,"Mattegoda Central A"
Colombo,Homagama,"Mattegoda East"
Colombo,Homagama,Brahmanagama
Colombo,Homagama,Deepangoda
Colombo,Homagama,"Magammana West"
Colombo,Homagama,"Magammana East"
Colombo,Homagama,Uduwana
Colombo,Homagama,Prasannapura
Colombo,Homagama,"Pitipana North"
Colombo,Homagama,Suwapubudugama
Colombo,Homagama,"Pitipana South"
Colombo,Homagama,Dolahena
Colombo,Homagama,"Diyagama East"
Colombo,Homagama,"Diyagama West"
Colombo,Homagama,Kirigampamunuwa
Colombo,Homagama,"Mattegoda Central B"
Colombo,Homagama,"Siyambalagoda North"
Colombo,Homagama,Kudamaduwa
Colombo,Homagama,Sangharama
Colombo,Homagama,"Siyambalagoda South"
Colombo,Homagama,Rilawala
Colombo,Homagama,"Kahathuduwa West"
Colombo,Homagama,"Kiriwattuduwa South"
Colombo,Homagama,"Kiriwattuduwa North"
Colombo,Homagama,"Moonamale - Yakahaluwa"
Colombo,Homagama,Kithulavila
Colombo,Homagama,"Kahathuduwa North"
Colombo,Homagama,"Kahathuduwa East"
Colombo,Homagama,"Kahathuduwa South"
Colombo,Homagama,Undurugoda
Colombo,Homagama,Wethara
Colombo,Homagama,Ambalangoda
Colombo,Homagama,Heraliyawala
Colombo,Homagama,Palagama
Colombo,Homagama,weniwelkola
Colombo,Seethawaka,Bollathawa
Colombo,Seethawaka,"Kanampella West"
Colombo,Seethawaka,"Kanampella East"
Colombo,Seethawaka,Manakada
Colombo,Seethawaka,"Eswatta North"
Colombo,Seethawaka,"Kiriwandala North"
Colombo,Seethawaka,Kudagama
Colombo,Seethawaka,Weralupitiya
Colombo,Seethawaka,Seethagama
Colombo,Seethawaka,Avissawella
Colombo,Seethawaka,Ukwatta
Colombo,Seethawaka,"Agra Pedesa"
Colombo,Seethawaka,"Eswatta South"
Colombo,Seethawaka,"Ihala Kosgama North"
Colombo,Seethawaka,Thawalgoda
Colombo,Seethawaka,Muruthagama
Colombo,Seethawaka,Akaravita
Colombo,Seethawaka,Kahatapitiya
Colombo,Seethawaka,"Kalu Aggala"
Colombo,Seethawaka,Salawa
Colombo,Seethawaka,"Pahala Kosgama west"
Colombo,Seethawaka,"Pahala Kosgama East"
Colombo,Seethawaka,"Ihala Kosgama South"
Colombo,Seethawaka,Miriswatta
Colombo,Seethawaka,"Aluth Ambalama"
Colombo,Seethawaka,"Kiriwandala South"
Colombo,Seethawaka,Kotahera
Colombo,Seethawaka,Seethawaka
Colombo,Seethawaka,"Aradhana Kanda"
Colombo,Seethawaka,"Puwakpitiya South"
Colombo,Seethawaka,Puwakpitiya
Colombo,Seethawaka,Egodagama
Colombo,Seethawaka,"Weragolla North"
Colombo,Seethawaka,Hingurala
Colombo,Seethawaka,"Kadugoda North"
Colombo,Seethawaka,Mawalgama
Colombo,Seethawaka,Suduwella
Colombo,Seethawaka,"Gira Imbula"
Colombo,Seethawaka,Walawwatta
Colombo,Seethawaka,"Pahala Hanwella"
Colombo,Seethawaka,"Hanwella Town"
Colombo,Seethawaka,"Ihala Hanwella North"
Colombo,Seethawaka,Niripola
Colombo,Seethawaka,Brandigampala
Colombo,Seethawaka,"Kadugoda South"
Colombo,Seethawaka,"Weragolla South"
Colombo,Seethawaka,Digana
Colombo,Seethawaka,Lahirugama
Colombo,Seethawaka,Mambula
Colombo,Seethawaka,Welikanna
Colombo,Seethawaka,Kahahena
Colombo,Seethawaka,Neluwattuduwa
Colombo,Seethawaka,"Diddeniya North"
Colombo,Seethawaka,"Ihala Hanwella South"
Colombo,Seethawaka,Pahathgama
Colombo,Seethawaka,Jayaweeragoda
Colombo,Seethawaka,Koodaluvila
Colombo,Seethawaka,"Thunnana East"
Colombo,Seethawaka,"Diddeniya South"
Colombo,Seethawaka,Elamalawala
Colombo,Seethawaka,Ilukovita
Colombo,Seethawaka,Koswatta
Colombo,Seethawaka,Pagngnagula
Colombo,Seethawaka,Pelpola
Colombo,Seethawaka,Kudakanda
Colombo,Seethawaka,"Thunnana West"
Colombo,Seethawaka,"Mawathagama West"
Colombo,Seethawaka,"Mawathagama East"
Colombo,Padukka,"Pinnawala North"
Colombo,Padukka,"Pinnawala South"
Colombo,Padukka,"Waga North"
Colombo,Padukka,"Waga East"
Colombo,Padukka,Thummodara
Colombo,Padukka,"Waga South"
Colombo,Padukka,Siyambalawa
Colombo,Padukka,"Pahala Bope"
Colombo,Padukka,Halpe
Colombo,Padukka,"Waga West"
Colombo,Padukka,Uggalla
Colombo,Padukka,Wewelpanawa
Colombo,Padukka,"Pitumpe North"
Colombo,Padukka,"Pitumpe South"
Colombo,Padukka,"Galagedara East"
Colombo,Padukka,"Galagedara North"
Colombo,Padukka,"Galagedara South"
Colombo,Padukka,Padukka
Colombo,Padukka,"Arukwatta North"
Colombo,Padukka,"Arukwatta South"
Colombo,Padukka,Ganegoda
Colombo,Padukka,Angampitiya
Colombo,Padukka,Weragala
Colombo,Padukka,Angamuwa
Colombo,Padukka,Udumulla
Colombo,Padukka,Poregedara
Colombo,Padukka,"Pahala Padukka"
Colombo,Padukka,Liyanwala
Colombo,Padukka,Kurugala
Colombo,Padukka,"Madulawa South"
Colombo,Padukka,"Madulawa North"
Colombo,Padukka,Horakandawala
Colombo,Padukka,Dampe
Colombo,Padukka,Beruketiya
Colombo,Padukka,"Horagala West"
Colombo,Padukka,"Horagala East"
Colombo,Padukka,Beliattavila
Colombo,Padukka,Miriyagalla
Colombo,Padukka,Malagala
Colombo,Padukka,Kahawala
Colombo,Padukka,Yatawathura
Colombo,Padukka,Mahingala
Colombo,Padukka,"Ihala Bope"
Colombo,Padukka,Gurulana
Colombo,Padukka,Udagama
Colombo,Padukka,Dambora
Colombo,Maharagama,"Mirihana South"
Colombo,Maharagama,"Mirihana North"
Colombo,Maharagama,Madiwela
Colombo,Maharagama,"Thalawathugoda West"
Colombo,Maharagama,"Thalawathugoda East"
Colombo,Maharagama,Kalalgoda
Colombo,Maharagama,"Kottawa East"
Colombo,Maharagama,"Rukmale West"
Colombo,Maharagama,"Rukmale East A"
Colombo,Maharagama,"Rukmale East B"
Colombo,Maharagama,Liyanagoda
Colombo,Maharagama,"Kottawa North"
Colombo,Maharagama,Depanama
Colombo,Maharagama,Polwatta
Colombo,Maharagama,Pamunuwa
Colombo,Maharagama,Thalapathpitiya
Colombo,Maharagama,Pragathipura
Colombo,Maharagama,"Udahamulla East"
Colombo,Maharagama,"Udahamulla West"
Colombo,Maharagama,Pathiragoda
Colombo,Maharagama,"Maharagama East"
Colombo,Maharagama,"Maharagama West"
Colombo,Maharagama,Dambahena
Colombo,Maharagama,"Pannipitiya North"
Colombo,Maharagama,"Kottawa West"
Colombo,Maharagama,"Kottawa South"
Colombo,Maharagama,"Malapalla West"
Colombo,Maharagama,"Malapalla East"
Colombo,Maharagama,"Makumbura North"
Colombo,Maharagama,"Makumbura South"
Colombo,Maharagama,"Kottawa Town"
Colombo,Maharagama,"Pannipitiya South"
Colombo,Maharagama,"Maharagama Town"
Colombo,Maharagama,"Godigamuwa South"
Colombo,Maharagama,"Godigamuwa South B"
Colombo,Maharagama,"Godigamuwa North"
Colombo,Maharagama,Wattegedara
Colombo,Maharagama,Navinna
Colombo,Maharagama,Wijerama
Colombo,Maharagama,"Gangodavila South B"
Colombo,Maharagama,Jambugasmulla
Colombo,"Sri Jayawardanapura Kotte",Obesekarapura
Colombo,"Sri Jayawardanapura Kotte","Welikada West"
Colombo,"Sri Jayawardanapura Kotte","Welikada East"
Colombo,"Sri Jayawardanapura Kotte",Rajagiriya
Colombo,"Sri Jayawardanapura Kotte","Welikada North"
Colombo,"Sri Jayawardanapura Kotte","Nawala West"
Colombo,"Sri Jayawardanapura Kotte",Koswatta
Colombo,"Sri Jayawardanapura Kotte","Ethulkotte West"
Colombo,"Sri Jayawardanapura Kotte",Ethulkotte
Colombo,"Sri Jayawardanapura Kotte","Pitakotte East"
Colombo,"Sri Jayawardanapura Kotte",Pitakotte
Colombo,"Sri Jayawardanapura Kotte","Pitakotte West"
Colombo,"Sri Jayawardanapura Kotte","Nawala East"
Colombo,"Sri Jayawardanapura Kotte","Nugegoda West"
Colombo,"Sri Jayawardanapura Kotte",Pagoda
Colombo,"Sri Jayawardanapura Kotte",Nugegoda
Colombo,"Sri Jayawardanapura Kotte","Pagoda East"
Colombo,"Sri Jayawardanapura Kotte","Gangodavila North"
Colombo,"Sri Jayawardanapura Kotte","Gangodavila South"
Colombo,"Sri Jayawardanapura Kotte","Gangodavila East"
Colombo,Thimbirigasyaya,Kollupitiya
Colombo,Thimbirigasyaya,Bambalapitiya
Colombo,Thimbirigasyaya,Kurunduwatta
Colombo,Thimbirigasyaya,"Kuppiyawatta West"
Colombo,Thimbirigasyaya,"Kuppiyawatta East"
Colombo,Thimbirigasyaya,Dematagoda
Colombo,Thimbirigasyaya,Wanathamulla
Colombo,Thimbirigasyaya,"Borella North"
Colombo,Thimbirigasyaya,"Borella South"
Colombo,Thimbirigasyaya,Gothamipura
Colombo,Thimbirigasyaya,Narahenpita
Colombo,Thimbirigasyaya,Thimbirigasyaya
Colombo,Thimbirigasyaya,Milagiriya
Colombo,Thimbirigasyaya,"Havelock Town"
Colombo,Thimbirigasyaya,Kirula
Colombo,Thimbirigasyaya,Kirulapone
Colombo,Thimbirigasyaya,"Wellawatta North"
Colombo,Thimbirigasyaya,"Wellawatta South"
Colombo,Thimbirigasyaya,"Pamankada West"
Colombo,Thimbirigasyaya,"Pamankada East"
Colombo,Dehiwala,"Sri Saranankara"
Colombo,Dehiwala,Vilawala
Colombo,Dehiwala,Dutugemunu
Colombo,Dehiwala,Kohuwala
Colombo,Dehiwala,Kalubovila
Colombo,Dehiwala,Hathbodhiya
Colombo,Dehiwala,Galwala
Colombo,Dehiwala,"Dehiwala West"
Colombo,Dehiwala,"Dehiwala East"
Colombo,Dehiwala,Udyanaya
Colombo,Dehiwala,Nedimala
Colombo,Dehiwala,Malwatta
Colombo,Dehiwala,Jayathilaka
Colombo,Dehiwala,Karagampitiya
Colombo,Dehiwala,"Kawdana East"
Colombo,Ratmalana,"Mount Lavinia"
Colombo,Ratmalana,"Kawdana West"
Colombo,Ratmalana,Watarappala
Colombo,Ratmalana,Wathumulla
Colombo,Ratmalana,Katukurunduwaththa
Colombo,Ratmalana,"Attidiya North"
Colombo,Ratmalana,"Attidiya South"
Colombo,Ratmalana,Piriwena
Colombo,Ratmalana,Wedikanda
Colombo,Ratmalana,Vihara
Colombo,Ratmalana,"Rathmalana West"
Colombo,Ratmalana,"Rathmalana East"
Colombo,Ratmalana,Kandawala
Colombo,Moratuwa,"Angulana North"
Colombo,Moratuwa,Kaldemulla
Colombo,Moratuwa,"Soysapura North"
Colombo,Moratuwa,"Soysapura South"
Colombo,Moratuwa,Dahampura
Colombo,Moratuwa,"Thelawala North"
Colombo,Moratuwa,Borupana
Colombo,Moratuwa,"Thelawala South"
Colombo,Moratuwa,"Lakshapathiya North"
Colombo,Moratuwa,"Lakshapathiya Central"
Colombo,Moratuwa,"Angulana South"
Colombo,Moratuwa,"Uyana South"
Colombo,Moratuwa,"Uyana North"
Colombo,Moratuwa,"Rawathawatta South"
Colombo,Moratuwa,"Rawathawatta East"
Colombo,Moratuwa,"Lakshapathiya South"
Colombo,Moratuwa,Kuduwamulla
Colombo,Moratuwa,Katubedda
Colombo,Moratuwa,Molpe
Colombo,Moratuwa,"Moratumulla North"
Colombo,Moratuwa,Kadalana
Colombo,Moratuwa,"Rawathawatta West"
Colombo,Moratuwa,Idama
Colombo,Moratuwa,Uswatta
Colombo,Moratuwa,"Moratuwella South"
Colombo,Moratuwa,"Indibedda West"
Colombo,Moratuwa,"Moratumulla East"
Colombo,Moratuwa,"Moratumulla West"
Colombo,Moratuwa,"Villorawatta East"
Colombo,Moratuwa,"Villorawatta West"
Colombo,Moratuwa,"Indibedda East"
Colombo,Moratuwa,"Moratuwella North"
Colombo,Moratuwa,"Moratuwella West"
Colombo,Moratuwa,"Koralawella North"
Colombo,Moratuwa,"Koralawella Eest"
Colombo,Moratuwa,"Koralawella West"
Colombo,Moratuwa,"Koralawella South"
Colombo,Moratuwa,"Katukurunda North"
Colombo,Moratuwa,"Katukurunda South"
Colombo,Moratuwa,"Egoda Uyana North"
Colombo,Moratuwa,"Egoda Uyana Central"
Colombo,Moratuwa,"Egoda Uyana South"
Colombo,Kesbewa,"Pepiliyana West"
Colombo,Kesbewa,"Pepiliyana East"
Colombo,Kesbewa,"Divulpitiya East"
Colombo,Kesbewa,"Divulpitiya West"
Colombo,Kesbewa,Bellanvila
Colombo,Kesbewa,"Boralesgamuwa West A"
Colombo,Kesbewa,"Boralesgamuwa West C"
Colombo,Kesbewa,Rattanapitiya
Colombo,Kesbewa,Egodawatta
Colombo,Kesbewa,"Boralesgamuwa East A"
Colombo,Kesbewa,"Boralesgamuwa West B"
Colombo,Kesbewa,"Werahera North"
Colombo,Kesbewa,"Boralesgamuwa East B"
Colombo,Kesbewa,Neelammahara
Colombo,Kesbewa,"Katuwawala North"
Colombo,Kesbewa,Vishwakalawa
Colombo,Kesbewa,"Werahera South"
Colombo,Kesbewa,"Katuwawala South"
Colombo,Kesbewa,Niwanthidiya
Colombo,Kesbewa,"Erewwala West"
Colombo,Kesbewa,"Erewwala North"
Colombo,Kesbewa,"Erewwala East"
Colombo,Kesbewa,Rathmaldeniya
Colombo,Kesbewa,Mahalwarawa
Colombo,Kesbewa,Bangalawatta
Colombo,Kesbewa,"Pelenwatta East"
Colombo,Kesbewa,"Pelenwatta North"
Colombo,Kesbewa,"Pelenwatta West"
Colombo,Kesbewa,Paligedara
Colombo,Kesbewa,Kaliyammahara
Colombo,Kesbewa,Bokundara
Colombo,Kesbewa,"Thumbovila South"
Colombo,Kesbewa,"Thumbovila North"
Colombo,Kesbewa,"Wewala West"
Colombo,Kesbewa,"Wewala East"
Colombo,Kesbewa,"Thumbovila West"
Colombo,Kesbewa,"Mampe North"
Colombo,Kesbewa,Makuludoowa
Colombo,Kesbewa,Gorakapitiya
Colombo,Kesbewa,Nampamunuwa
Colombo,Kesbewa,"Mavittara North"
Colombo,Kesbewa,"Mampe East"
Colombo,Kesbewa,Bodhirajapura
Colombo,Kesbewa,"Mampe West"
Colombo,Kesbewa,"Mampe South"
Colombo,Kesbewa,Kolamunna
Colombo,Kesbewa,"Suwarapola East"
Colombo,Kesbewa,"Suwarapola West"
Colombo,Kesbewa,Hedigama
Colombo,Kesbewa,"Batakettara North"
Colombo,Kesbewa,"Kesbewa North"
Colombo,Kesbewa,"Kesbewa East"
Colombo,Kesbewa,"Mavittara South"
Colombo,Kesbewa,"Honnanthara North"
Colombo,Kesbewa,"Honnanthara South"
Colombo,Kesbewa,"Makandana East"
Colombo,Kesbewa,"Kesbewa South"
Colombo,Kesbewa,"Batakettara South"
Colombo,Kesbewa,Madapatha
Colombo,Kesbewa,"Delthara West"
Colombo,Kesbewa,"Delthara East"
Colombo,Kesbewa,Dampe
Colombo,Kesbewa,"Makandana west"
Colombo,Kesbewa,Nivungama
Colombo,Kesbewa,Halpita
Colombo,Kesbewa,Horathuduwa
Colombo,Kesbewa,Morenda
Colombo,Kesbewa,"Batuwandara North"
Colombo,Kesbewa,"Batuwandara South"
Colombo,Kesbewa,Jamburaliya
Colombo,Kesbewa,Polhena
Colombo,Kesbewa,"Regidel watta"
Colombo,Kesbewa,Kahapola
Gampaha,Negombo,Kammalthura
Gampaha,Negombo,"Pallansena North"
Gampaha,Negombo,Kochchikade
Gampaha,Negombo,"Pallansena South"
Gampaha,Negombo,Daluwakotuwa
Gampaha,Negombo,Palangathure
Gampaha,Negombo,Ettukala
Gampaha,Negombo,"Daluwakotuwa East"
Gampaha,Negombo,Kattuwa
Gampaha,Negombo,"Dalupatha East"
Gampaha,Negombo,Dalupatha
Gampaha,Negombo,Kudapaduwa
Gampaha,Negombo,"Kudapaduwa North"
Gampaha,Negombo,"Kudapaduwa South"
Gampaha,Negombo,Wellaweediya
Gampaha,Negombo,"Wellaweediya East"
Gampaha,Negombo,Periyamulla
Gampaha,Negombo,Hunupitiya
Gampaha,Negombo,Angurukaramulla
Gampaha,Negombo,Udayarthoppuwa
Gampaha,Negombo,"Wellaweediya South"
Gampaha,Negombo,"Munnakkaraya North"
Gampaha,Negombo,Doowa
Gampaha,Negombo,"Pitipana North"
Gampaha,Negombo,"Pitipana Central"
Gampaha,Negombo,Munnakkaraya
Gampaha,Negombo,"Munnakkaraya East"
Gampaha,Negombo,Thaladoowa
Gampaha,Negombo,"Udayarthoppuwa South"
Gampaha,Negombo,Bolawalana
Gampaha,Negombo,"Kurana West"
Gampaha,Negombo,"Kurana East"
Gampaha,Negombo,"Siriwardana Pedesa"
Gampaha,Negombo,"Pitipana South East"
Gampaha,Negombo,"Pitipana South West"
Gampaha,Negombo,Thalahena
Gampaha,Negombo,Dungalpitiya
Gampaha,Negombo,Settappaduwa
Gampaha,Negombo,Kepungoda
Gampaha,Katana,Muruthana
Gampaha,Katana,Manaveriya
Gampaha,Katana,Udangawa
Gampaha,Katana,Thoppuwa
Gampaha,Katana,Bambukuliya
Gampaha,Katana,"Katana North"
Gampaha,Katana,"Katana East"
Gampaha,Katana,"Katana West"
Gampaha,Katana,"Maha Ethgala"
Gampaha,Katana,Ethgala
Gampaha,Katana,Adikkandiya
Gampaha,Katana,"Welihena North"
Gampaha,Katana,"Welihena South"
Gampaha,Katana,"Pahala Kandawala"
Gampaha,Katana,"Ethgala South"
Gampaha,Katana,"Ihala Kandawala"
Gampaha,Katana,"Kaluwarippuwa West"
Gampaha,Katana,Kondagammulla
Gampaha,Katana,Katiyala
Gampaha,Katana,"Kadirana North"
Gampaha,Katana,"K.C.De Silva Puraya"
Gampaha,Katana,Thimbirigaskatuwa
Gampaha,Katana,Sellakanda
Gampaha,Katana,Katuwapitiya
Gampaha,Katana,"Mahahunupitiya West"
Gampaha,Katana,"Mahahunupitiya East"
Gampaha,Katana,"Pahala Kadirana"
Gampaha,Katana,Kadirana
Gampaha,Katana,"Akkara 50"
Gampaha,Katana,"Kadirana South"
Gampaha,Katana,"Kimbulapitiya West"
Gampaha,Katana,"Kimbulapitiya North"
Gampaha,Katana,"Kimbulapitiya South"
Gampaha,Katana,"Kimbulapitiya Central"
Gampaha,Katana,"Andiambalama West"
Gampaha,Katana,Walpola
Gampaha,Katana,"Andiambalama East"
Gampaha,Katana,Dewamottawa
Gampaha,Katana,Kovinna
Gampaha,Katana,Evariwatta
Gampaha,Katana,"Air Force Camp"
Gampaha,Katana,"Kurana Katunayaka Central"
Gampaha,Katana," Kurana Katunayaka North"
Gampaha,Katana,"Kurana Katunayaka South"
Gampaha,Katana,"Katunayaka North"
Gampaha,Katana,"Katunayaka South"
Gampaha,Katana,Walanagoda
Gampaha,Katana,Kalahapitiya
Gampaha,Katana,Madawala
Gampaha,Katana,Muthuwadiya
Gampaha,Katana,"Liyanagemulla North"
Gampaha,Katana,"Liyanagemulla South"
Gampaha,Katana,Amandoluwa
Gampaha,Katana,Thempala
Gampaha,Katana,Kuswala
Gampaha,Katana,Ganepola
Gampaha,Katana,"Heenatiyana West"
Gampaha,Katana,"Heenatiyana South"
Gampaha,Katana,"Heenatiyana East"
Gampaha,Katana,"Raddolugama North A"
Gampaha,Katana,"Raddolugama North"
Gampaha,Katana,"Raddolugama South"
Gampaha,Katana,"Raddolugama South A"
Gampaha,Katana,"Raddolugama North"
Gampaha,Katana,"Raddolugama West"
Gampaha,Katana,Seeduwa
Gampaha,Katana,"Mookalangamuwa West"
Gampaha,Katana,"Mookalangamuwa East"
Gampaha,Katana,"Banarawatta East"
Gampaha,Katana,"Bandarawatta West"
Gampaha,Katana,Dambaduraya
Gampaha,Katana,"Raddoluwa South"
Gampaha,Katana,Lansiyawadiya
Gampaha,Katana,Kotugoda
Gampaha,Katana,Kasagahawatta
Gampaha,Katana,"Udammita North"
Gampaha,Katana,Alawathupitiya
Gampaha,Katana,"Udammita South"
Gampaha,Katana,Ambalammulla
Gampaha,Divulapitiya,Andimulla
Gampaha,Divulapitiya,Ambalayaya
Gampaha,Divulapitiya,Bolagala
Gampaha,Divulapitiya,Otharawadiya
Gampaha,Divulapitiya,"Godigamuwa West"
Gampaha,Divulapitiya,"Godigamuwa East"
Gampaha,Divulapitiya,Balawala
Gampaha,Divulapitiya,Badalagama
Gampaha,Divulapitiya,Delpakadawara
Gampaha,Divulapitiya,"Siringapathawatta "
Gampaha,Divulapitiya,Pethigoda
Gampaha,Divulapitiya,Alugolla
Gampaha,Divulapitiya,Polwatta
Gampaha,Divulapitiya,Polhena
Gampaha,Divulapitiya,Mellawagedara
Gampaha,Divulapitiya,Diklanda
Gampaha,Divulapitiya,Katukenda
Gampaha,Divulapitiya,Akarangaha
Gampaha,Divulapitiya,"Kehelella West"
Gampaha,Divulapitiya,Lihiniyagammana
Gampaha,Divulapitiya,"Akaragama East"
Gampaha,Divulapitiya,"Akaragama West"
Gampaha,Divulapitiya,"Akaragama North"
Gampaha,Divulapitiya,"Pahala Madampalla"
Gampaha,Divulapitiya,Halpe
Gampaha,Divulapitiya,"Kaluwarippuwa East- North"
Gampaha,Divulapitiya,"Kongodamulla North"
Gampaha,Divulapitiya,"Kongodamulla West "
Gampaha,Divulapitiya,"Kongodamulla South"
Gampaha,Divulapitiya,"Kongodamulla East"
Gampaha,Divulapitiya,"Ihala Madampalla North"
Gampaha,Divulapitiya,"Ihala Madampalla West"
Gampaha,Divulapitiya,"Ihala Madampalla East "
Gampaha,Divulapitiya,Ihalagama
Gampaha,Divulapitiya,"Kehelella South"
Gampaha,Divulapitiya,"Kehelella North"
Gampaha,Divulapitiya,Delwagura
Gampaha,Divulapitiya,Wekada
Gampaha,Divulapitiya,Kalumada
Gampaha,Divulapitiya,Agalegedara
Gampaha,Divulapitiya,Waradala
Gampaha,Divulapitiya,Kotadeniyawa
Gampaha,Divulapitiya,"Erabadda "
Gampaha,Divulapitiya,Diyagampala
Gampaha,Divulapitiya,Koradaminna
Gampaha,Divulapitiya,Dimbuldeniya
Gampaha,Divulapitiya,"Paragoda North"
Gampaha,Divulapitiya,"Paragoda South"
Gampaha,Divulapitiya,Moragalkanda
Gampaha,Divulapitiya,"Nawana West"
Gampaha,Divulapitiya,"Hettimulla "
Gampaha,Divulapitiya,Haloluwa
Gampaha,Divulapitiya,Kelegedara
Gampaha,Divulapitiya,Heeralugedara
Gampaha,Divulapitiya,Walpita
Gampaha,Divulapitiya,Welagana
Gampaha,Divulapitiya,Thammita
Gampaha,Divulapitiya,"Palliyapitiya West"
Gampaha,Divulapitiya,"Induragara North"
Gampaha,Divulapitiya,"Induragara South"
Gampaha,Divulapitiya,"Kadawala North"
Gampaha,Divulapitiya,Kadawala
Gampaha,Divulapitiya,"Kaluwarippuwa East -South"
Gampaha,Divulapitiya,Miriswatta
Gampaha,Divulapitiya,"Dagonna North"
Gampaha,Divulapitiya,"Dagonna East"
Gampaha,Divulapitiya,"Halgahawelawatta "
Gampaha,Divulapitiya,"Katuwellegama North"
Gampaha,Divulapitiya,"Kadawala South"
Gampaha,Divulapitiya,Batepola
Gampaha,Divulapitiya,"Doonagaha South"
Gampaha,Divulapitiya,Doonagaha
Gampaha,Divulapitiya,"Palliyapitiya East"
Gampaha,Divulapitiya,Hunumulla
Gampaha,Divulapitiya,"Hapugahagama "
Gampaha,Divulapitiya,Balawavila
Gampaha,Divulapitiya,"Kudagammana "
Gampaha,Divulapitiya,"Pahala Madithiyawala"
Gampaha,Divulapitiya,Kaluaggala
Gampaha,Divulapitiya,Kuleegedara
Gampaha,Divulapitiya,"Nawana East"
Gampaha,Divulapitiya,Nariyamulla
Gampaha,Divulapitiya,Halpe
Gampaha,Divulapitiya,"Parana Halpe West"
Gampaha,Divulapitiya,"Parana Halpe East"
Gampaha,Divulapitiya,Gurullagama
Gampaha,Divulapitiya,"Kithulwala Ihala"
Gampaha,Divulapitiya,"Kithulwala Pahala"
Gampaha,Divulapitiya,"Kithulwala North"
Gampaha,Divulapitiya,"Kaluaggala Pahalagama"
Gampaha,Divulapitiya,Wattemulla
Gampaha,Divulapitiya,"Ihala Madithiyawala "
Gampaha,Divulapitiya,Hangawatta
Gampaha,Divulapitiya,Rassapana
Gampaha,Divulapitiya,"Balagalla West"
Gampaha,Divulapitiya,"Parana Handiya"
Gampaha,Divulapitiya,"Pinnakele "
Gampaha,Divulapitiya,"Pinnakele South"
Gampaha,Divulapitiya,Urapana
Gampaha,Divulapitiya,Kelepitimulla
Gampaha,Divulapitiya,"Sayakkaramulla "
Gampaha,Divulapitiya,Henpitagedara
Gampaha,Divulapitiya,"Aluthepola West"
Gampaha,Divulapitiya,Thotillagahawatta
Gampaha,Divulapitiya,"Katuwellegama South"
Gampaha,Divulapitiya,Palugahawela
Gampaha,Divulapitiya,"Dagonna South"
Gampaha,Divulapitiya,"Hapuwalana South"
Gampaha,Divulapitiya,Hapuwalana
Gampaha,Divulapitiya,"Bomugammana North"
Gampaha,Divulapitiya,"Bomugammana South"
Gampaha,Divulapitiya,Pinnalanda
Gampaha,Divulapitiya,"Divulapitiya "
Gampaha,Divulapitiya,"Balagalla East"
Gampaha,Divulapitiya,"Ullalapola East"
Gampaha,Divulapitiya,"Ullalapola West"
Gampaha,Divulapitiya,Wewagedara
Gampaha,Divulapitiya,Horagasmulla
Gampaha,Divulapitiya,"Assennawatta East"
Gampaha,Divulapitiya,"Hapuwalana North"
Gampaha,Divulapitiya,"Assennawatta West"
Gampaha,Divulapitiya,Weragodamulla
Gampaha,Divulapitiya,"Aluthepola East"
Gampaha,Mirigama,Nalla
Gampaha,Mirigama,Giriullagama
Gampaha,Mirigama,Loluwagoda
Gampaha,Mirigama,"Delwala South"
Gampaha,Mirigama,Delwala
Gampaha,Mirigama,"Loluwagoda South"
Gampaha,Mirigama,Madurupitiya
Gampaha,Mirigama,Hapugahagedara
Gampaha,Mirigama,Kandangamuwa
Gampaha,Mirigama,Henegama
Gampaha,Mirigama,Maladeniya
Gampaha,Mirigama,Kahandawa
Gampaha,Mirigama,Kandalama
Gampaha,Mirigama,Walbothale
Gampaha,Mirigama,Pirisyala
Gampaha,Mirigama,Kamarangawa
Gampaha,Mirigama,Keenadeniya
Gampaha,Mirigama,"Bothale Pahalagama North"
Gampaha,Mirigama,Maveehena
Gampaha,Mirigama,Kurunguwatta
Gampaha,Mirigama,"Purana Meerigama"
Gampaha,Mirigama,Hakurukumbura
Gampaha,Mirigama,Mugurugampala
Gampaha,Mirigama,Wilwatta
Gampaha,Mirigama,Thawalampitiya
Gampaha,Mirigama,"Bothale Pahalagama"
Gampaha,Mirigama,"Bothale Pahalagama West"
Gampaha,Mirigama,"Bothale Medagama"
Gampaha,Mirigama,"Bothale Pahalagama East"
Gampaha,Mirigama,"Thalagama East"
Gampaha,Mirigama,Thalagama
Gampaha,Mirigama,Balathawa
Gampaha,Mirigama,Makoora
Gampaha,Mirigama,Pottekanda
Gampaha,Mirigama,"Bothale Ihalagama"
Gampaha,Mirigama,Andagalakanda
Gampaha,Mirigama,"Halugama Ihala"
Gampaha,Mirigama,Kindiwala
Gampaha,Mirigama,"Halugama Pahala"
Gampaha,Mirigama,Mirigama
Gampaha,Mirigama,Walawwatta
Gampaha,Mirigama,Thilinagama
Gampaha,Mirigama,Vijayarajadahana
Gampaha,Mirigama,"Neligama Ihala"
Gampaha,Mirigama,"Neligama Central"
Gampaha,Mirigama,Neligama
Gampaha,Mirigama,Lindara
Gampaha,Mirigama,Halugama
Gampaha,Mirigama,Siyambalagoda
Gampaha,Mirigama,"Lindara Pahala"
Gampaha,Mirigama,Pohonnaruwa
Gampaha,Mirigama,Indiparape
Gampaha,Mirigama,Kosetadeniya
Gampaha,Mirigama,Imbulanwala
Gampaha,Mirigama,Uduulla
Gampaha,Mirigama,Gaspe
Gampaha,Mirigama,Banduragoda
Gampaha,Mirigama,Keppitiwalana
Gampaha,Mirigama,"Gaspe Pahalagama"
Gampaha,Mirigama,Galgana
Gampaha,Mirigama,Pelapitigama
Gampaha,Mirigama,Elhena
Gampaha,Mirigama,Ganegoda
Gampaha,Mirigama,Hiriwala
Gampaha,Mirigama,Handurumulla
Gampaha,Mirigama,Pamunuwatta
Gampaha,Mirigama,"Lindara Ihala"
Gampaha,Mirigama,Arukgoda
Gampaha,Mirigama,Madabavita
Gampaha,Mirigama,"Madabavita Ihalagama"
Gampaha,Mirigama,Newgala
Gampaha,Mirigama,Danovita
Gampaha,Mirigama,"Weweldeniya Pahalagama"
Gampaha,Mirigama,"Weweldeniya Pahalagama West"
Gampaha,Mirigama,Henepola
Gampaha,Mirigama,Palmada
Gampaha,Mirigama,Kal/Pallewela
Gampaha,Mirigama,Raddalgoda
Gampaha,Mirigama,"Ihala Bokalagama"
Gampaha,Mirigama,"Pahala Bokalagama"
Gampaha,Mirigama,Kukulnape
Gampaha,Mirigama,"Gaspe South"
Gampaha,Mirigama,Muddaragama
Gampaha,Mirigama,Hanchapola
Gampaha,Mirigama,Hirikuluwa
Gampaha,Mirigama,Pathagama
Gampaha,Mirigama,"Borukgamuwa West"
Gampaha,Mirigama,Borukgamuwa
Gampaha,Mirigama,Pallewela
Gampaha,Mirigama,Weragoda/Kakkale
Gampaha,Mirigama,Hansagiriya
Gampaha,Mirigama,"Wellevilamulla North"
Gampaha,Mirigama,Wellevilamulla
Gampaha,Mirigama,Udawela
Gampaha,Mirigama,Hapitigama
Gampaha,Mirigama,"Makkanigoda North"
Gampaha,Mirigama,Pahalawela
Gampaha,Mirigama,Millawala
Gampaha,Mirigama,"Weweldeniya Ihalagama West"
Gampaha,Mirigama,"Weweldeniya Ihalagama"
Gampaha,Mirigama,Kotadeniya
Gampaha,Mirigama,Ilukpatha/Weragoda
Gampaha,Mirigama,Hadidenikanda
Gampaha,Mirigama,Radawadunna
Gampaha,Mirigama,Bataleeya
Gampaha,Mirigama,"Bataleeya South"
Gampaha,Mirigama,Bolana
Gampaha,Mirigama,Mallehewa
Gampaha,Mirigama,Webadamulla
Gampaha,Mirigama,Weragoda
Gampaha,Mirigama,Midellawala
Gampaha,Mirigama,Kandalanda
Gampaha,Mirigama,Nungamuwa
Gampaha,Mirigama,Uthuwanbogahawatta
Gampaha,Mirigama,"Maligathenna Pahala"
Gampaha,Mirigama,"Maligathenna Central"
Gampaha,Mirigama,Wandurawa
Gampaha,Mirigama,"Galgamuwa West"
Gampaha,Mirigama,"Galgamuwa East"
Gampaha,Mirigama,Kumbaloluwa
Gampaha,Mirigama,"Kumbaloluwa Ihala"
Gampaha,Mirigama,"Kumbaloluwa Pahala"
Gampaha,Mirigama,"Dumunnegedara South"
Gampaha,Mirigama,Dumunnegedara
Gampaha,Mirigama,Pasyala
Gampaha,Mirigama,"Pasyala West"
Gampaha,Mirigama,Muruthawala
Gampaha,Mirigama,Kithanawatta
Gampaha,Mirigama,Kammalpitiya
Gampaha,Mirigama,"Radawadunna Central"
Gampaha,Mirigama,Imbulgasovita
Gampaha,Mirigama,"Radawadunna Pahala"
Gampaha,Mirigama,Weerasooriyakanda
Gampaha,Mirigama,"Pasyala East"
Gampaha,Mirigama,Udugama
Gampaha,Mirigama,Panawala
Gampaha,Mirigama,Delgahamedilla
Gampaha,Mirigama,"Mottunna West"
Gampaha,Mirigama,Mottunna
Gampaha,Mirigama,Maligathenna
Gampaha,Mirigama,Kureekotuwa
Gampaha,Mirigama,Hakwadunna
Gampaha,Mirigama,"Kureekotuwa Pahala"
Gampaha,Mirigama,Ellalamulla
Gampaha,Mirigama,Debahera
Gampaha,Mirigama,Mawathahena
Gampaha,Mirigama,Meevitiya
Gampaha,Mirigama,Ketakalapitiya
Gampaha,Mirigama,Dambutuwa
Gampaha,Minuwangoda,"Medemulla North"
Gampaha,Minuwangoda,"Nilpanagoda West"
Gampaha,Minuwangoda,"Nilpanagoda East"
Gampaha,Minuwangoda,Nilpanagoda
Gampaha,Minuwangoda,Arangawa
Gampaha,Minuwangoda,"Horampella North"
Gampaha,Minuwangoda,Galkanda
Gampaha,Minuwangoda,Bodhipihituwala
Gampaha,Minuwangoda,Watinapaha
Gampaha,Minuwangoda,"Mabodala West"
Gampaha,Minuwangoda,"Mabodala North"
Gampaha,Minuwangoda,"Ihala Vithanamulla"
Gampaha,Minuwangoda,Nalapaha
Gampaha,Minuwangoda,"Pahala Vithanamulla "
Gampaha,Minuwangoda,"Mabodala East"
Gampaha,Minuwangoda,"Mabodala South"
Gampaha,Minuwangoda,"Watinapaham South"
Gampaha,Minuwangoda,Wankepumulla
Gampaha,Minuwangoda,Kamaragoda
Gampaha,Minuwangoda,Kudagama
Gampaha,Minuwangoda,"Horampella South"
Gampaha,Minuwangoda,Mahagama
Gampaha,Minuwangoda,"Wegowwa South"
Gampaha,Minuwangoda,"Minuwangoda East"
Gampaha,Minuwangoda,"Minuwangoda North"
Gampaha,Minuwangoda,"Medemulla South"
Gampaha,Minuwangoda,"Boragodawatta North"
Gampaha,Minuwangoda,Yatiyana
Gampaha,Minuwangoda,Peellawatta
Gampaha,Minuwangoda,Unnaruwa
Gampaha,Minuwangoda,"Yatiyana Central"
Gampaha,Minuwangoda,"Yatiyana East"
Gampaha,Minuwangoda,Kopiwatta
Gampaha,Minuwangoda,"Boragodawatta South"
Gampaha,Minuwangoda,"Minuwangoda West"
Gampaha,Minuwangoda,"Meda Minuwangoda"
Gampaha,Minuwangoda,Pansilgoda
Gampaha,Minuwangoda,"Wegowwa East"
Gampaha,Minuwangoda,Helakandana
Gampaha,Minuwangoda,"Peralanda "
Gampaha,Minuwangoda,Dewalapola
Gampaha,Minuwangoda,Wadumulla
Gampaha,Minuwangoda,Metikotumulla
Gampaha,Minuwangoda,Essella
Gampaha,Minuwangoda,Yatagama
Gampaha,Minuwangoda,"Naiwala North"
Gampaha,Minuwangoda,"Naiwala East"
Gampaha,Minuwangoda,"Naiwala West"
Gampaha,Minuwangoda,Walpitamulla
Gampaha,Minuwangoda,Balabowa
Gampaha,Minuwangoda,"Balabowa West"
Gampaha,Minuwangoda,"Pethiyagoda North"
Gampaha,Minuwangoda,Gallegedara
Gampaha,Minuwangoda,Ganihimulla
Gampaha,Minuwangoda,Hendimahara
Gampaha,Minuwangoda,Kalawana
Gampaha,Minuwangoda,Wattegedara
Gampaha,Minuwangoda,Ambagahawatta
Gampaha,Minuwangoda,"Galloluwa East"
Gampaha,Minuwangoda,Galloluwa
Gampaha,Minuwangoda,Kalahugoda
Gampaha,Minuwangoda,"Polwatta west"
Gampaha,Minuwangoda,"Polwatta East"
Gampaha,Minuwangoda,"Pattanduwana North"
Gampaha,Minuwangoda,Ellangala
Gampaha,Minuwangoda,Burullapitiya
Gampaha,Minuwangoda,Mathammana
Gampaha,Minuwangoda,"Weediyawatta East"
Gampaha,Minuwangoda,Goigama
Gampaha,Minuwangoda,"Ihala Udugampala"
Gampaha,Minuwangoda,"Pethiyagoda South"
Gampaha,Minuwangoda,Korase
Gampaha,Minuwangoda,"Korase Meda"
Gampaha,Minuwangoda,Marapola
Gampaha,Minuwangoda,Vigoda
Gampaha,Minuwangoda,"Doranagoda East"
Gampaha,Minuwangoda,"Korase East"
Gampaha,Minuwangoda,"Doranagoda North"
Gampaha,Minuwangoda,"Doranagoda West"
Gampaha,Minuwangoda,"Pahala Udugampola East"
Gampaha,Minuwangoda,"Pahala Udugampola North "
Gampaha,Minuwangoda,"Pahala Udugampola West"
Gampaha,Minuwangoda,"Weediyawatta West"
Gampaha,Minuwangoda,Welhena
Gampaha,Minuwangoda,Weliya
Gampaha,Minuwangoda,Pattanduwana
Gampaha,Minuwangoda,"Pattanduwana West"
Gampaha,Minuwangoda,"Yagodamulla North"
Gampaha,Minuwangoda,Yagodamulla
Gampaha,Minuwangoda,"Uggalboda West"
Gampaha,Minuwangoda,Uggalboda
Gampaha,Minuwangoda,"Kehelbaddara West"
Gampaha,Minuwangoda,"Kehelbaddara East"
Gampaha,Minuwangoda,"Pahala Udugampola South"
Gampaha,Minuwangoda,"Asgiriwalpola North"
Gampaha,Minuwangoda,Dombawala
Gampaha,Minuwangoda,Pedipola
Gampaha,Minuwangoda,"Doranagoda South"
Gampaha,Minuwangoda,Wathumulla
Gampaha,Minuwangoda,"Asgiriya North"
Gampaha,Minuwangoda,"Asgiriya East"
Gampaha,Minuwangoda,Asgiriya
Gampaha,Minuwangoda,"Asgiriya West"
Gampaha,Minuwangoda,"Asgiriwalpola South"
Gampaha,Minuwangoda,"Asgiriwalpola West"
Gampaha,Minuwangoda,"Madelgamuwa East"
Gampaha,Minuwangoda,Batapotha
Gampaha,Minuwangoda,"Nedagamuwa North"
Gampaha,Minuwangoda,"Nedagamuwa South"
Gampaha,Minuwangoda,"Nedagamuwa West"
Gampaha,Minuwangoda,Arachchiwatta
Gampaha,Minuwangoda,"Yagodamulla South"
Gampaha,Minuwangoda,Samurdhigama
Gampaha,Minuwangoda,Opatha
Gampaha,Minuwangoda,"Kotugoda 2"
Gampaha,Minuwangoda,"Kotugoda 1"
Gampaha,Minuwangoda,Maduruvita
Gampaha,Minuwangoda,Siyambalapitiya
Gampaha,Minuwangoda,"Madelgamuwa West"
Gampaha,Minuwangoda,"Thammita West"
Gampaha,Minuwangoda,Thammita
Gampaha,Wattala,Pamunugama
Gampaha,Wattala,"Maha Pamunugama"
Gampaha,Wattala,"Delathura West"
Gampaha,Wattala,"Delathura East"
Gampaha,Wattala,Bopitiyathuduwa
Gampaha,Wattala,Bopitiya
Gampaha,Wattala,Pulluhena
Gampaha,Wattala,Paranambalama
Gampaha,Wattala,Nugape
Gampaha,Wattala,Kunjawatta
Gampaha,Wattala,Magulpokuna
Gampaha,Wattala,Elehiwatta
Gampaha,Wattala,Welisara
Gampaha,Wattala,Pattiyawala
Gampaha,Wattala,Uswetakeiyawa
Gampaha,Wattala,Mahabage
Gampaha,Wattala,Elapitiwala
Gampaha,Wattala,Horapethuduwa
Gampaha,Wattala,Horape
Gampaha,Wattala,"Kurukulawa North"
Gampaha,Wattala,"Kurukulawa South"
Gampaha,Wattala,Heenkenda
Gampaha,Wattala,Thuduwegedara
Gampaha,Wattala,Galudupita
Gampaha,Wattala,Mattumagala
Gampaha,Wattala,Kerangapokuna
Gampaha,Wattala,Kerawalapitiya
Gampaha,Wattala,Matagoda
Gampaha,Wattala,Balagala
Gampaha,Wattala,Dikovita
Gampaha,Wattala,"Palliyawatta North"
Gampaha,Wattala,Elakanda
Gampaha,Wattala,"Nayakakanda North"
Gampaha,Wattala,Mabola
Gampaha,Wattala,Welikadamulla
Gampaha,Wattala,Wattala
Gampaha,Wattala,"Handala North"
Gampaha,Wattala,"Handala South"
Gampaha,Wattala,"Nayakakanda South"
Gampaha,Wattala,Thimbirigasyaya
Gampaha,Wattala,"Palliyawatta South"
Gampaha,Wattala,Kurunduhena
Gampaha,Wattala,Evariwatta
Gampaha,Wattala,Telangapatha
Gampaha,Wattala,Galwetiya
Gampaha,Wattala,Hekitta
Gampaha,Ja-Ela,Mahawatta
Gampaha,Ja-Ela,Dandugama
Gampaha,Ja-Ela,"Dehiyagatha North"
Gampaha,Ja-Ela,"Kudahakapola North"
Gampaha,Ja-Ela,Gallawatta
Gampaha,Ja-Ela,Ekala
Gampaha,Ja-Ela,"Dehiyagatha South"
Gampaha,Ja-Ela,"Kudahakapola South"
Gampaha,Ja-Ela,"Ekala Kurunduwatta "
Gampaha,Ja-Ela,Vishakawatta
Gampaha,Ja-Ela,"Thudella North"
Gampaha,Ja-Ela,"Thudella West"
Gampaha,Ja-Ela,"Thudella South"
Gampaha,Ja-Ela,Kanuwana
Gampaha,Ja-Ela,Alexendrawatta
Gampaha,Ja-Ela,Bandigoda
Gampaha,Ja-Ela,Yakkaduwa
Gampaha,Ja-Ela,"Nivandama North"
Gampaha,Ja-Ela,"Nivandama South"
Gampaha,Ja-Ela,"Batagama North"
Gampaha,Ja-Ela,Maeliya
Gampaha,Ja-Ela,Ja-Ela
Gampaha,Ja-Ela,"Waligampitiya North"
Gampaha,Ja-Ela,"Indivitiya "
Gampaha,Ja-Ela,Wewala
Gampaha,Ja-Ela,"Weligampitiya South"
Gampaha,Ja-Ela,Thumpeliya
Gampaha,Ja-Ela,Indiminna
Gampaha,Ja-Ela,Dolahena
Gampaha,Ja-Ela,"Hapugoda West"
Gampaha,Ja-Ela,Kapuwatta
Gampaha,Ja-Ela,Kalaeliya
Gampaha,Ja-Ela,Nadurupitiya
Gampaha,Ja-Ela,Rilavulla
Gampaha,Ja-Ela,"Kandana East"
Gampaha,Ja-Ela,"Kandana West"
Gampaha,Ja-Ela,Uswatta
Gampaha,Ja-Ela,"Hapugoda Central"
Gampaha,Ja-Ela,"Batagama South"
Gampaha,Ja-Ela,Polpitimookalana
Gampaha,Ja-Ela,"Batuwatta West"
Gampaha,Ja-Ela,"Batuwatta East"
Gampaha,Ja-Ela,"Walpola East"
Gampaha,Ja-Ela,Jayadagama
Gampaha,Ja-Ela,"Hapugoda East"
Gampaha,Ja-Ela,Nagoda
Gampaha,Ja-Ela,Jayasamarugama
Gampaha,Ja-Ela,Peralanda
Gampaha,Ja-Ela,Podiveekubura
Gampaha,Ja-Ela,"Walpola West"
Gampaha,Ja-Ela,"Narangodapaluwa West"
Gampaha,Ja-Ela,"Narangodapaluwa East"
Gampaha,Ja-Ela,Thewatta
Gampaha,Ja-Ela,Ragama
Gampaha,Ja-Ela,Ketagewatta
Gampaha,Ja-Ela,Dambuwa
Gampaha,Ja-Ela,Rampitiya
Gampaha,Gampaha,"Makevita North"
Gampaha,Gampaha,"Makevita South"
Gampaha,Gampaha,Mabima
Gampaha,Gampaha,"Gonagaha II"
Gampaha,Gampaha,Welikada
Gampaha,Gampaha,"Gonagaha i"
Gampaha,Gampaha,Ambanvita
Gampaha,Gampaha,Kirindivita
Gampaha,Gampaha,Akaravita
Gampaha,Gampaha,Pahalagama
Gampaha,Gampaha,"Medagama ii"
Gampaha,Gampaha,"Ihalagama West"
Gampaha,Gampaha,"Ihalagama East"
Gampaha,Gampaha,"Gampaha Aluthgama North"
Gampaha,Gampaha,Karanakamulla
Gampaha,Gampaha,Baduwathugoda
Gampaha,Gampaha,Boraliyawatha
Gampaha,Gampaha,Thiththalapitigoda
Gampaha,Gampaha,"Aluthgama Bogamuwa North"
Gampaha,Gampaha,"Aluthgama Bogamuwa South"
Gampaha,Gampaha,Mahipalagoda
Gampaha,Gampaha,Morenna
Gampaha,Gampaha,Weediyawatta
Gampaha,Gampaha,"Keselwathugoda North"
Gampaha,Gampaha,Indigolla
Gampaha,Gampaha,"Gampaha Aluthgama West"
Gampaha,Gampaha,"Bendiyamulla "
Gampaha,Gampaha,"Medagama iv"
Gampaha,Gampaha,"Medagama iii"
Gampaha,Gampaha,"Medagama i"
Gampaha,Gampaha,"Oruthota South"
Gampaha,Gampaha,Kosovita
Gampaha,Gampaha,Rathmalvita
Gampaha,Gampaha,Makilangamuwa
Gampaha,Gampaha,"Horagolla North"
Gampaha,Gampaha,Thibbotugoda
Gampaha,Gampaha,Midellavita
Gampaha,Gampaha,Kudabollatha
Gampaha,Gampaha,"Bollatha North"
Gampaha,Gampaha,"Wewel Agara"
Gampaha,Gampaha,"Bollatha West"
Gampaha,Gampaha,"Bollatha South"
Gampaha,Gampaha,"Bulugahagoda West"
Gampaha,Gampaha,"Bulugahagoda East"
Gampaha,Gampaha,"Galahitiyawa North"
Gampaha,Gampaha,"Horagolla South"
Gampaha,Gampaha,Neduna
Gampaha,Gampaha,"Pahala Yagoda"
Gampaha,Gampaha,"Oruthota North"
Gampaha,Gampaha,"Moragoda 1"
Gampaha,Gampaha,"Bendiyamulla West"
Gampaha,Gampaha,Kidagammulla
Gampaha,Gampaha,"Bendiyamulla East"
Gampaha,Gampaha,"Gampaha Aluthgama East"
Gampaha,Gampaha,"Keselwathugoda South"
Gampaha,Gampaha,"Yakkala North"
Gampaha,Gampaha,Galthotamulla
Gampaha,Gampaha,"Yakkala West"
Gampaha,Gampaha,Pepolgasdeniya
Gampaha,Gampaha,"Yakkala East"
Gampaha,Gampaha,"Yakkala South"
Gampaha,Gampaha,Henarathgoda
Gampaha,Gampaha,"Mudungoda West"
Gampaha,Gampaha,"Moragoda 2"
Gampaha,Gampaha,"Ihala Yagoda North"
Gampaha,Gampaha,Mahena
Gampaha,Gampaha,"Ganemulla South"
Gampaha,Gampaha,"Ganemulla North"
Gampaha,Gampaha,"Galahitiyawa East"
Gampaha,Gampaha,"Galahitiyawa South"
Gampaha,Gampaha,"Kossinna East"
Gampaha,Gampaha,"Amunugoda North"
Gampaha,Gampaha,"Ihala Yagoda South"
Gampaha,Gampaha,"Mudungoda South"
Gampaha,Gampaha,"Mudungoda North"
Gampaha,Gampaha,Godagedara
Gampaha,Gampaha,Rathupaswala
Gampaha,Gampaha,Galloluwa
Gampaha,Gampaha,Belummahara
Gampaha,Gampaha,"Ihala Imbulgoda North"
Gampaha,Gampaha,"Ihala Imbulgoda South"
Gampaha,Gampaha,"Pahala Imbulgoda South"
Gampaha,Gampaha,"Pahala Imbulgoda West"
Gampaha,Gampaha,"Amunugoda South"
Gampaha,Gampaha,"Parakandeniya North 1"
Gampaha,Gampaha,"Kossinna West 1"
Gampaha,Gampaha,"Katuwalamulla North"
Gampaha,Gampaha,"Kossinna West 2"
Gampaha,Gampaha,"Katuwalamulla South"
Gampaha,Gampaha,"Parakandeniya North 2"
Gampaha,Gampaha,"Parakandeniya "
Gampaha,Gampaha,"Pahala Imbulgoda East"
Gampaha,Gampaha,"Embaraluwa North 2"
Gampaha,Gampaha,"Embaraluwa North 1"
Gampaha,Gampaha,"Weliweriya West"
Gampaha,Gampaha,Nedungamuwa
Gampaha,Gampaha,"Weliweriya East"
Gampaha,Gampaha,"Weliweriya North"
Gampaha,Gampaha,"Weliweriya South"
Gampaha,Gampaha,"Embaraluwa South 1"
Gampaha,Gampaha,"Embaraluwa South 2"
Gampaha,Attanagalla,"Eluwapitiya West"
Gampaha,Attanagalla,Eluwapitiya
Gampaha,Attanagalla,"Hiripitiya West"
Gampaha,Attanagalla,"Hiripitiya North"
Gampaha,Attanagalla,"Hiripitiya Central"
Gampaha,Attanagalla,"Hiripitiya East"
Gampaha,Attanagalla,"Thalgasmote West"
Gampaha,Attanagalla,Thalgasmote
Gampaha,Attanagalla,"Thalgasmote East"
Gampaha,Attanagalla,Udammita
Gampaha,Attanagalla,"Himbutiyawa West"
Gampaha,Attanagalla,Himbutiyawa
Gampaha,Attanagalla,"Parana Veyangoda"
Gampaha,Attanagalla,Kongasdeniya
Gampaha,Attanagalla,Wedagama
Gampaha,Attanagalla,Kalalpitiya
Gampaha,Attanagalla,Nawagamuwa
Gampaha,Attanagalla,Napagoda
Gampaha,Attanagalla,"Nittambuwa South"
Gampaha,Attanagalla,"Nittambuwa North"
Gampaha,Attanagalla,"Nittambuwa East"
Gampaha,Attanagalla,Kolawatta
Gampaha,Attanagalla,"Pattalagedara East"
Gampaha,Attanagalla,Pattalagedara
Gampaha,Attanagalla,"Hiripitiya South"
Gampaha,Attanagalla,Wataddara
Gampaha,Attanagalla,"Wataddara West"
Gampaha,Attanagalla,Magalegoda
Gampaha,Attanagalla,"Magalegoda South"
Gampaha,Attanagalla,Heendeniya
Gampaha,Attanagalla,Pattigoda
Gampaha,Attanagalla,"Wataddara South"
Gampaha,Attanagalla,"Hiripitiya Pahala"
Gampaha,Attanagalla,Danvilana
Gampaha,Attanagalla,"Dadagamuwa East"
Gampaha,Attanagalla,Pinnagolla
Gampaha,Attanagalla,"Egoda Nittambuwa"
Gampaha,Attanagalla,Horagollagama
Gampaha,Attanagalla,"Nambadaluwa West"
Gampaha,Attanagalla,"Nambadaluwa East"
Gampaha,Attanagalla,"Ranpokunagama A Zone"
Gampaha,Attanagalla,"Ellakkala West"
Gampaha,Attanagalla,Maimbula
Gampaha,Attanagalla,Ranpokunagama
Gampaha,Attanagalla,"Ranpokunagama D Zone"
Gampaha,Attanagalla,"Ranpokunagama C Zone"
Gampaha,Attanagalla,"Ranpokunagama B Zone"
Gampaha,Attanagalla,Maduwegedara
Gampaha,Attanagalla,Yatiyana
Gampaha,Attanagalla,"Orcharwatta North"
Gampaha,Attanagalla,Malwatta
Gampaha,Attanagalla,"Thihariya North"
Gampaha,Attanagalla,"Katuwasgoda West"
Gampaha,Attanagalla,Katuwasgoda
Gampaha,Attanagalla,Dadagamuwa
Gampaha,Attanagalla,Mudagamuwa
Gampaha,Attanagalla,Bandarabatawala
Gampaha,Attanagalla,Pitiyegedara
Gampaha,Attanagalla,Daraluwa
Gampaha,Attanagalla,Bemmulla
Gampaha,Attanagalla,Kandaoluwawa
Gampaha,Attanagalla,Raniswala
Gampaha,Attanagalla,Sapugasthenna
Gampaha,Attanagalla,"Thiriwanegama South"
Gampaha,Attanagalla,"Thiriwanegama North"
Gampaha,Attanagalla,Halgampitiya
Gampaha,Attanagalla,Kalagedihena
Gampaha,Attanagalla,Thihariyagama
Gampaha,Attanagalla,"Thihariya East"
Gampaha,Attanagalla,Kalotuwawa
Gampaha,Attanagalla,Kattota
Gampaha,Attanagalla,"Orcharwatta South"
Gampaha,Attanagalla,Bogoda
Gampaha,Attanagalla,"Mathalana West"
Gampaha,Attanagalla,Wathupitiwala
Gampaha,Attanagalla,Walpola
Gampaha,Attanagalla,Haggalla
Gampaha,Attanagalla,Ellakkala
Gampaha,Attanagalla,"Godagama West"
Gampaha,Attanagalla,Godagama
Gampaha,Attanagalla,Welikadamulla
Gampaha,Attanagalla,Karasnagala
Gampaha,Attanagalla,"Alawala North"
Gampaha,Attanagalla,"Etha Udakanda"
Gampaha,Attanagalla,"Alawala South"
Gampaha,Attanagalla,Nikahetikanda
Gampaha,Attanagalla,"Karasnagala South"
Gampaha,Attanagalla,Palkumbura
Gampaha,Attanagalla,Pelpita
Gampaha,Attanagalla,Walaliyadda
Gampaha,Attanagalla,"Haggalla East"
Gampaha,Attanagalla,Diyakade
Gampaha,Attanagalla,Welagedara
Gampaha,Attanagalla,Kamburagalla
Gampaha,Attanagalla,"Mathalana North"
Gampaha,Attanagalla,Mathalana
Gampaha,Attanagalla,Meewala
Gampaha,Attanagalla,Kittammahara
Gampaha,Attanagalla,"Thihariya South"
Gampaha,Attanagalla,"Pahala Thihariya"
Gampaha,Attanagalla,"Thihariya West"
Gampaha,Attanagalla,Bogamuwa
Gampaha,Attanagalla,Mangalathiriya
Gampaha,Attanagalla,Pilankada
Gampaha,Attanagalla,Bonegala
Gampaha,Attanagalla,"Meewala West"
Gampaha,Attanagalla,"Udugoda West"
Gampaha,Attanagalla,"Mathalana East"
Gampaha,Attanagalla,Udugoda
Gampaha,Attanagalla,Pannila
Gampaha,Attanagalla,Hunupola
Gampaha,Attanagalla,Halpandeniya
Gampaha,Attanagalla,Urapola
Gampaha,Attanagalla,Wanduramulla
Gampaha,Attanagalla,"Deenapamunuwa West"
Gampaha,Attanagalla,Deenapamunuwa
Gampaha,Attanagalla,Yatawaka
Gampaha,Attanagalla,Sapugasthenna
Gampaha,Attanagalla,Bopagama
Gampaha,Attanagalla,"Bopagama East"
Gampaha,Attanagalla,Meevitigammana
Gampaha,Attanagalla,"Bopetta South"
Gampaha,Attanagalla,Bopetta
Gampaha,Attanagalla,Nagoda
Gampaha,Attanagalla,Kurawalana
Gampaha,Attanagalla,Kahatovita
Gampaha,Attanagalla,"Kahatovita West"
Gampaha,Attanagalla,"Ogodapola North"
Gampaha,Attanagalla,Ogodapola
Gampaha,Attanagalla,Kahambilihena
Gampaha,Attanagalla,Udatuttiripitiya
Gampaha,Attanagalla,Mattagoda
Gampaha,Attanagalla,Weerangula
Gampaha,Attanagalla,"Weerangula South"
Gampaha,Attanagalla,"Koskandawala North"
Gampaha,Attanagalla,Kirikittamulla
Gampaha,Attanagalla,"Kirikittamulla South"
Gampaha,Attanagalla,Koskandawala
Gampaha,Attanagalla,Opathella
Gampaha,Attanagalla,Paranagama
Gampaha,Attanagalla,"Paranagama East"
Gampaha,Attanagalla,Aruppassa
Gampaha,Attanagalla,"Madakotuwa West"
Gampaha,Attanagalla,Madakotuwa
Gampaha,Attanagalla,Rathambale
Gampaha,Attanagalla,Walgammulla
Gampaha,Attanagalla,Ruwanpura
Gampaha,Attanagalla,Lavulupitiya
Gampaha,Attanagalla,Galboda
Gampaha,Attanagalla,Dematalanda
Gampaha,Attanagalla,Happitiya
Gampaha,Dompe,"Maryland Colony"
Gampaha,Dompe,Indurugalla
Gampaha,Dompe,Wathurugama
Gampaha,Dompe,"Bandaranayakapura West"
Gampaha,Dompe,"Bandarenayakapura East"
Gampaha,Dompe,Mailawalana
Gampaha,Dompe,"Mailawalana South"
Gampaha,Dompe,Thibirigama
Gampaha,Dompe,"Mahal Loluwa"
Gampaha,Dompe,"Millathe Ihala"
Gampaha,Dompe,Pingamuwa
Gampaha,Dompe,"Pahala Millathe"
Gampaha,Dompe,Millathe
Gampaha,Dompe,Kirindiwela
Gampaha,Dompe,Bogahawatta
Gampaha,Dompe,Rambutanwatta
Gampaha,Dompe,Etambagahawatta
Gampaha,Dompe," Kannimahara"
Gampaha,Dompe,"Radawana North"
Gampaha,Dompe," Palupelpita"
Gampaha,Dompe,Kithulakanda
Gampaha,Dompe,"Radawana South"
Gampaha,Dompe,Alliyawatta
Gampaha,Dompe,"Diyawala North"
Gampaha,Dompe,Diyawala
Gampaha,Dompe,Meddegama
Gampaha,Dompe,Udagama
Gampaha,Dompe,"Vihara Kumbura"
Gampaha,Dompe,Kuttivila
Gampaha,Dompe,Thalgaswatta
Gampaha,Dompe,Kendagolla
Gampaha,Dompe,Udawela
Gampaha,Dompe,Kirimetiyawatta
Gampaha,Dompe,Hiswella
Gampaha,Dompe,Kiriwana
Gampaha,Dompe,"Meddegama North"
Gampaha,Dompe,"Maddegama South"
Gampaha,Dompe,Werahera
Gampaha,Dompe,"Pallegama South"
Gampaha,Dompe,Pallegama
Gampaha,Dompe," Anuragoda"
Gampaha,Dompe,Weralugampala
Gampaha,Dompe,"Nedungolla South"
Gampaha,Dompe,Nedungolla
Gampaha,Dompe,"Nandarama Pedesa"
Gampaha,Dompe,"Mandawala North"
Gampaha,Dompe,Mawatha
Gampaha,Dompe,Parakadamulla
Gampaha,Dompe,Nakandapola
Gampaha,Dompe,Keragela
Gampaha,Dompe,Weliketiyawatta
Gampaha,Dompe,Kurunduhena
Gampaha,Dompe,Baduwatta
Gampaha,Dompe,"Mandawala South"
Gampaha,Dompe,"Anuragoda South"
Gampaha,Dompe,Walpola
Gampaha,Dompe,Pepiliyawala
Gampaha,Dompe,"Ginihigama North"
Gampaha,Dompe,Watawala
Gampaha,Dompe,Meethirigala
Gampaha,Dompe,Polhena
Gampaha,Dompe,"Ginihigama South"
Gampaha,Dompe,"Dangalla North"
Gampaha,Dompe,Meniklanda
Gampaha,Dompe,Pelpita
Gampaha,Dompe,"Punchi Mandawala"
Gampaha,Dompe," Waharaka"
Gampaha,Dompe,Putupagala
Gampaha,Dompe,Walaramba
Gampaha,Dompe,Demalagama
Gampaha,Dompe,Helummahara
Gampaha,Dompe,Pananwala
Gampaha,Dompe,"Egoda Pelahela"
Gampaha,Dompe,Pelahela
Gampaha,Dompe,Madurawa
Gampaha,Dompe,Kajugaswatta
Gampaha,Dompe,"Ihala Lunugama"
Gampaha,Dompe,Meegahawatta
Gampaha,Dompe,Yakambe
Gampaha,Dompe,Pattiyagama
Gampaha,Dompe,Dangalla
Gampaha,Dompe,Ranwala
Gampaha,Dompe,Wedagama
Gampaha,Dompe,udugama
Gampaha,Dompe,"Udukanampella south"
Gampaha,Dompe,Udakanampella
Gampaha,Dompe,Senasungoda
Gampaha,Dompe,Poogoda
Gampaha,Dompe,Bangalawatta
Gampaha,Dompe,Kumarimulla
Gampaha,Dompe,Ovitigama
Gampaha,Dompe,Parathapakanda
Gampaha,Dompe,Dethemulla
Gampaha,Dompe,"Pahala Lunugama"
Gampaha,Dompe,"Wanaluwawa North"
Gampaha,Dompe,Thelkekuna
Gampaha,Dompe,Indolamulla
Gampaha,Dompe,Parangoda
Gampaha,Dompe,Namaluwa
Gampaha,Dompe,Dekatana
Gampaha,Dompe,Narampola
Gampaha,Dompe,"Kalukodayawa West"
Gampaha,Dompe,"Kalukondayawa East"
Gampaha,Dompe,Galwalagoda
Gampaha,Dompe,Ganegoda
Gampaha,Dompe,Dompe
Gampaha,Dompe,Iddamaldeniya
Gampaha,Dompe,Guruwala
Gampaha,Dompe,"Egoda Guruwala"
Gampaha,Dompe,"Wanaluwawa South"
Gampaha,Dompe,"Giridara West"
Gampaha,Dompe,Galpothugoda
Gampaha,Dompe,Nikawala
Gampaha,Dompe,Kapugoda
Gampaha,Dompe,Giridara
Gampaha,Dompe,"Malinda East"
Gampaha,Dompe,Malinda
Gampaha,Dompe,Palugama
Gampaha,Dompe,Degawatta
Gampaha,Dompe,"Pahala Dompe"
Gampaha,Dompe,Malwana
Gampaha,Dompe,"Phala Mapitigama"
Gampaha,Dompe,Morahena
Gampaha,Dompe,Kimbulvilawatta
Gampaha,Dompe,Udamapitigama
Gampaha,Dompe,"Udamapitigama  South"
Gampaha,Dompe,"Palugama West"
Gampaha,Dompe,Welgama
Gampaha,Dompe,Lanciyahena
Gampaha,Dompe,"Samanabedda North"
Gampaha,Dompe,Mahawalawatta
Gampaha,Dompe,Thittapattara
Gampaha,Dompe,Samanabedda
Gampaha,Mahara,Kimbulgoda
Gampaha,Mahara,Pituwalgoda
Gampaha,Mahara,Kinigama
Gampaha,Mahara,Maharagama
Gampaha,Mahara,Siwralumulla
Gampaha,Mahara,Pilikuttuwa
Gampaha,Mahara,Yongammulla
Gampaha,Mahara,Ambagaspitiya
Gampaha,Mahara,Warapalana
Gampaha,Mahara,Kandumulla
Gampaha,Mahara,Pasgammana
Gampaha,Mahara,Maligathenna
Gampaha,Mahara,"Batepola North"
Gampaha,Mahara,Batepola
Gampaha,Mahara,"Amunukumbura "
Gampaha,Mahara,Malwathuhiripitiya
Gampaha,Mahara,"Buthpitiya North"
Gampaha,Mahara,"Uruwala East"
Gampaha,Mahara,"Uruwala West"
Gampaha,Mahara,"Buthpitiya South"
Gampaha,Mahara,"Neelamahara North"
Gampaha,Mahara,"Neelamahara South"
Gampaha,Mahara,"Aramangoda North"
Gampaha,Mahara,Puwakpitiya
Gampaha,Mahara,"Amunukumbura South"
Gampaha,Mahara,Balivila
Gampaha,Mahara,"Vilimbula North"
Gampaha,Mahara,"Vilimbula South"
Gampaha,Mahara,Aramangoda
Gampaha,Mahara,Kahatana
Gampaha,Mahara,Henegama
Gampaha,Mahara,"Etikehelgalla East"
Gampaha,Mahara,"Etikehelgalla West"
Gampaha,Mahara,"Kirikitta North"
Gampaha,Mahara,"Kirikitta East"
Gampaha,Mahara,"Kirikitta West"
Gampaha,Mahara,Ahugammana
Gampaha,Mahara,"Naranwala South"
Gampaha,Mahara,Naranwala
Gampaha,Mahara,"Udupila East"
Gampaha,Mahara,"Udupila South"
Gampaha,Mahara,"Udupila North"
Gampaha,Mahara,"Webada South"
Gampaha,Mahara,"Webada North"
Gampaha,Mahara,"Webada West"
Gampaha,Mahara,"Kirillawala North"
Gampaha,Mahara,Kirillawala
Gampaha,Mahara,"Kirillawala West"
Gampaha,Mahara,"Sooriyapaluwa North"
Gampaha,Mahara,"Kendaliyeddapaluwa East"
Gampaha,Mahara,"Kendaliyeddapaluwa North"
Gampaha,Mahara,Dangahawela
Gampaha,Mahara,"Kendaliyeddapaluwa West"
Gampaha,Mahara,"Mahara Nugegoda North"
Gampaha,Mahara,"Mahara Nugegoda West"
Gampaha,Mahara,"Mahara Nugegoda East"
Gampaha,Mahara,"Sooriyapaluwa East"
Gampaha,Mahara,"Sooriyapaluwa South"
Gampaha,Mahara,Rammuthugala
Gampaha,Mahara,"Kirillawala South"
Gampaha,Mahara,"Webada East"
Gampaha,Mahara,"Gonahena East"
Gampaha,Mahara,"Gonahena North"
Gampaha,Mahara,"Gonahena South"
Gampaha,Mahara,"Gonahena West"
Gampaha,Mahara,"Eldeniya East"
Gampaha,Mahara,"Eldeniya West"
Gampaha,Mahara,Puwakwetiya
Gampaha,Mahara,"Ihala Karagahamuna South"
Gampaha,Mahara,"Ihala Karagahamuna East"
Gampaha,Mahara,"Ihala Karagahamuna North"
Gampaha,Mahara,"Mahara Nugegoda South"
Gampaha,Mahara,Neligama
Gampaha,Mahara,"Pahala Karagahamuna North"
Gampaha,Mahara,"Pahala Karagahamuna East"
Gampaha,Mahara,"Pahala Karagahamuna West"
Gampaha,Mahara,Kopiwatta
Gampaha,Mahara,"Dalupitiya East"
Gampaha,Mahara,Kirimetiyagara
Gampaha,Mahara,"Dalupitiya South"
Gampaha,Mahara,"Dalupitiya West"
Gampaha,Mahara,"Pinnameda West"
Gampaha,Mahara,Gongithota
Gampaha,Mahara,Appugewatta
Gampaha,Mahara,"Gongithota West"
Gampaha,Mahara,"Enderamulla South"
Gampaha,Mahara,"Enderamulla East"
Gampaha,Mahara,Pinnameda
Gampaha,Mahara,Nathuduwa
Gampaha,Mahara,"Enderamulla West"
Gampaha,Mahara,"Nathuduwa West"
Gampaha,Mahara,"Akbar Town"
Gampaha,Kelaniya,Welegoda
Gampaha,Kelaniya,"Hunupitiya North"
Gampaha,Kelaniya,Nahena
Gampaha,Kelaniya,Eriyawetiya
Gampaha,Kelaniya,Kiribathgoda
Gampaha,Kelaniya,"Thalawathuhenpita North"
Gampaha,Kelaniya,"Thalawathuhenpita South"
Gampaha,Kelaniya,Kendahena
Gampaha,Kelaniya,"Egoda Eriyawetiya"
Gampaha,Kelaniya,"Hunupitiya East"
Gampaha,Kelaniya,"Hunupitiya South"
Gampaha,Kelaniya,"Wanawasala West"
Gampaha,Kelaniya,"Wanawasala East"
Gampaha,Kelaniya,Dippitigoda
Gampaha,Kelaniya,Weweldoowa
Gampaha,Kelaniya,Warakanatta
Gampaha,Kelaniya,Koholvila
Gampaha,Kelaniya,Dalugamgoda
Gampaha,Kelaniya,Nungamugoda
Gampaha,Kelaniya,Dalugama
Gampaha,Kelaniya,Himbutuwelgoda
Gampaha,Kelaniya,"Pattiya East"
Gampaha,Kelaniya,"Pattiya North"
Gampaha,Kelaniya,Meegahawatta
Gampaha,Kelaniya,Peliyagodawatta
Gampaha,Kelaniya,"Peliyagoda Gangabada"
Gampaha,Kelaniya,"Peliyagoda Gangabada Eas"
Gampaha,Kelaniya,"Pattiya West"
Gampaha,Kelaniya,Wedamulla
Gampaha,Kelaniya,Galborella
Gampaha,Kelaniya,Polhena
Gampaha,Kelaniya,Kelaniya
Gampaha,Kelaniya,"Sinharamulla North"
Gampaha,Kelaniya,Pilapitiya
Gampaha,Kelaniya,Pethiyagoda
Gampaha,Kelaniya,Mewella
Gampaha,Kelaniya,Sinharamulla
Gampaha,Biyagama,"Pahala Biyanvila East"
Gampaha,Biyagama,"Ihala Biyanvila North"
Gampaha,Biyagama,"Ihala Biyanvila Central"
Gampaha,Biyagama,Mawaramandiya
Gampaha,Biyagama,"Meegahawatta West"
Gampaha,Biyagama,"Meegahawatta East"
Gampaha,Biyagama,Kammalwatta
Gampaha,Biyagama,Delgoda
Gampaha,Biyagama,Athurumulla
Gampaha,Biyagama,"Kanduboda East"
Gampaha,Biyagama,"Kanduboda West"
Gampaha,Biyagama,"Siyambalape Watta"
Gampaha,Biyagama,Daranagama
Gampaha,Biyagama,"Siyambalape North"
Gampaha,Biyagama,"Heiyanthuduwa North"
Gampaha,Biyagama,"Makola South Ihala"
Gampaha,Biyagama,"Makola North Ihala"
Gampaha,Biyagama,"Makola North Central"
Gampaha,Biyagama,"Pahala Biyanviia West"
Gampaha,Biyagama,"Pahala Biyanvila Central"
Gampaha,Biyagama,"Makola North Pahala"
Gampaha,Biyagama,"Makola South Pahala"
Gampaha,Biyagama,Pamunuvila
Gampaha,Biyagama,"Gonawala East"
Gampaha,Biyagama,Sapugaskanda
Gampaha,Biyagama,"Heiyanthuduwa West"
Gampaha,Biyagama,"Heiyanthuduwa East"
Gampaha,Biyagama,"Siyambalape South"
Gampaha,Biyagama,Yatihena
Gampaha,Biyagama,Ulahitiwala
Gampaha,Biyagama,"Walgama West"
Gampaha,Biyagama,"Biyagama North"
Gampaha,Biyagama,"Biyagama West"
Gampaha,Biyagama,"Heiyanthuduwa South"
Gampaha,Biyagama,"Mabima East"
Gampaha,Biyagama,"Mabima West"
Gampaha,Biyagama,"Pattivila North"
Gampaha,Biyagama,"Gonawala Central"
Gampaha,Biyagama,Galedanda
Gampaha,Biyagama,"Gonawala West"
Gampaha,Biyagama,Thalwatta
Gampaha,Biyagama,Bollegala
Gampaha,Biyagama,"Pattivila South"
Gampaha,Biyagama,"Biyagama South"
Gampaha,Biyagama,"Biyagama East"
Gampaha,Biyagama,"Yabaraluwa North"
Gampaha,Biyagama,"Yabaraluwa South"
Gampaha,Biyagama,"Malwana Town"
Gampaha,Biyagama,"Walgama East"
Kalutara,Panadura,"Horethuduwa North"
Kalutara,Panadura,Horethuduwa
Kalutara,Panadura,"Horethuduwa Central"
Kalutara,Panadura,"Horethuduwa South"
Kalutara,Panadura,Gorakana
Kalutara,Panadura,"Gorakana South"
Kalutara,Panadura,"Paratta West"
Kalutara,Panadura,Paratta
Kalutara,Panadura,Diggala
Kalutara,Panadura,Keselwatta
Kalutara,Panadura,Sarikkamulla
Kalutara,Panadura,Henamulla
Kalutara,Panadura,Wattalpola
Kalutara,Panadura,Miriyawatta
Kalutara,Panadura,Thotawatta
Kalutara,Panadura,Werawatta
Kalutara,Panadura,Pallimulla
Kalutara,Panadura,Gorakapola
Kalutara,Panadura,"Walana North"
Kalutara,Panadura,Ambalanduwa
Kalutara,Panadura,"Galthude North"
Kalutara,Panadura,Galthude
Kalutara,Panadura,"Hirana West"
Kalutara,Panadura,Hirana
Kalutara,Panadura,"Thanthirimulla East"
Kalutara,Panadura,Thanthirimulla
Kalutara,Panadura,Bekkegama
Kalutara,Panadura,"Walana South"
Kalutara,Panadura,Walana
Kalutara,Panadura,Udahamulla
Kalutara,Panadura,Punchideniya
Kalutara,Panadura,"Malamulla West"
Kalutara,Panadura,Kiriberiya
Kalutara,Panadura,"Malamulla "
Kalutara,Panadura,Kuruppumulla
Kalutara,Panadura,Etambagoda
Kalutara,Panadura,"Pattiya North"
Kalutara,Panadura,"Bazaar North"
Kalutara,Panadura,"Sagara Place"
Kalutara,Panadura,"Bazaar West"
Kalutara,Panadura,Bazaar
Kalutara,Panadura,"Walapala Pattiya"
Kalutara,Panadura,Walapala
Kalutara,Panadura,Eluvila
Kalutara,Panadura,"Wekada East"
Kalutara,Panadura,"Wekada North"
Kalutara,Panadura,"Wekada West"
Kalutara,Panadura,Pattiya
Kalutara,Panadura,Uyankele
Kalutara,Panadura,"Pattiya South"
Kalutara,Panadura,Kaludewala
Kalutara,Panadura,"Kaludewala East"
Kalutara,Panadura,Moravinna
Kalutara,Panadura,"Nallooruwa North"
Kalutara,Panadura,Nallooruwa
Kalutara,Panadura,Dibbedda
Kalutara,Panadura,"Dibbedda North"
Kalutara,Panadura,Narampitiya
Kalutara,Panadura,Pinwatta
Kalutara,Panadura,"Pinwatta West"
Kalutara,Panadura,"Thalpitiya North"
Kalutara,Panadura,"Thalpitiya South"
Kalutara,Panadura,Pallimankada
Kalutara,Panadura,"Wadduwa West"
Kalutara,Panadura,"Wadduwa East"
Kalutara,Panadura,"Maha Wadduwa"
Kalutara,Panadura,Pattieliya
Kalutara,Panadura,"Kuda Wadduwa"
Kalutara,Panadura,"Wadduwa South"
Kalutara,Panadura,Molligoda
Kalutara,Panadura,"Molligoda North"
Kalutara,Panadura,"Molligoda South"
Kalutara,Bandaragama,"Kidelpitiya West"
Kalutara,Bandaragama,"Kidelpitiya East"
Kalutara,Bandaragama,Senapura
Kalutara,Bandaragama,Aluthgama
Kalutara,Bandaragama,Alothiyawa
Kalutara,Bandaragama,"Walgama North"
Kalutara,Bandaragama,Rerukana
Kalutara,Bandaragama,Samaranayakapura
Kalutara,Bandaragama,Kothalawala
Kalutara,Bandaragama,"Veedagama East"
Kalutara,Bandaragama,"Walgama South"
Kalutara,Bandaragama,Gammanpila
Kalutara,Bandaragama,Medagama
Kalutara,Bandaragama,"Alubomulla East"
Kalutara,Bandaragama,"Kuda Aruggoda East"
Kalutara,Bandaragama,"Maha Aruggoda"
Kalutara,Bandaragama,"Kuda Aruggoda West"
Kalutara,Bandaragama,Batadombathuduwa
Kalutara,Bandaragama,Miriswatta
Kalutara,Bandaragama,"Wanduramulla West"
Kalutara,Bandaragama,"Pinwala East"
Kalutara,Bandaragama,"Pinwala West"
Kalutara,Bandaragama,"Wanduramulla East"
Kalutara,Bandaragama,Mahavila
Kalutara,Bandaragama,Pamunugama
Kalutara,Bandaragama,"Alubomulla West"
Kalutara,Bandaragama,"Rambukkana North"
Kalutara,Bandaragama,"Kamburugoda West"
Kalutara,Bandaragama,"Kamburugoda East"
Kalutara,Bandaragama,"Veedagama West"
Kalutara,Bandaragama,Gelanigama
Kalutara,Bandaragama,"Raigama South"
Kalutara,Bandaragama,"Raigama West"
Kalutara,Bandaragama,"Raigama East"
Kalutara,Bandaragama,"Raigama North"
Kalutara,Bandaragama,"Kolamediriya North"
Kalutara,Bandaragama,"Bandaragama East"
Kalutara,Bandaragama,Bandaragama
Kalutara,Bandaragama,"Rambukkana South"
Kalutara,Bandaragama,Bolgoda
Kalutara,Bandaragama,Mahabellana
Kalutara,Bandaragama,Imbulliha
Kalutara,Bandaragama,Diganathuduwa
Kalutara,Bandaragama,Madupitiya
Kalutara,Bandaragama,Mahawatta
Kalutara,Bandaragama,"Bandaragama West"
Kalutara,Bandaragama,Yatiyana
Kalutara,Bandaragama,Wevita
Kalutara,Bandaragama,"Atulugama East"
Kalutara,Bandaragama,Panape
Kalutara,Bandaragama,Galgemandiya
Kalutara,Bandaragama,"Atulugama West"
Kalutara,Bandaragama,"Bamunumulla (Muslim)"
Kalutara,Bandaragama,Bamunumulla
Kalutara,Bandaragama,Epitamulla
Kalutara,Bandaragama,Korawala
Kalutara,Bandaragama,Bogahawatta
Kalutara,Bandaragama,Kimmanthudawa
Kalutara,Horana,Kotigamgoda
Kalutara,Horana,"Millewa North"
Kalutara,Horana,"Pahala Millewa South"
Kalutara,Horana,"ihala Millewa North"
Kalutara,Horana,"Ihala Millewa South"
Kalutara,Horana,"Thalagala East"
Kalutara,Horana,"Thalagala North"
Kalutara,Horana,"Thalagala West"
Kalutara,Horana,"Olaboduwa North"
Kalutara,Horana,Koralaima
Kalutara,Horana,"Godigamuwa East"
Kalutara,Horana,Halpitiya
Kalutara,Horana,Wallmilla
Kalutara,Horana,"Godigamuwa West"
Kalutara,Horana,Palannoruwa
Kalutara,Horana,"Olaboduwa South"
Kalutara,Horana,"Olabouwa East"
Kalutara,Horana,"Thalagala South"
Kalutara,Horana,Pannila
Kalutara,Horana,Kahatapitiya
Kalutara,Horana,"Uduwa North"
Kalutara,Horana,Kedelpitiya
Kalutara,Horana,Gorokgoda
Kalutara,Horana,Dambara
Kalutara,Horana,Handupelpola
Kalutara,Horana,"Kuda Uduwa"
Kalutara,Horana,"Maha Uduwa"
Kalutara,Horana,"Kananvila North"
Kalutara,Horana,"Batuwita North"
Kalutara,Horana,"Kumbuka East"
Kalutara,Horana,"Kumbuka South"
Kalutara,Horana,"Kumbuka North"
Kalutara,Horana,"Kumbuka West"
Kalutara,Horana,Pokunuvita
Kalutara,Horana,"Batuvita South"
Kalutara,Horana,Meemana
Kalutara,Horana,"Kananvila South"
Kalutara,Horana,"Uduwa South"
Kalutara,Horana,Kirigalahena
Kalutara,Horana,"Meewanapalana West"
Kalutara,Horana,"Meewanapalana East"
Kalutara,Horana,Gurugoda
Kalutara,Horana,"Munagama East"
Kalutara,Horana,Midellamulahena
Kalutara,Horana,Ovitiyagala
Kalutara,Horana,Aramanagolla
Kalutara,Horana,Warallahena
Kalutara,Horana,Kulupana
Kalutara,Horana,Kanewala
Kalutara,Horana,Henegama
Kalutara,Horana,"Gal Edandugoda"
Kalutara,Horana,"Horana North"
Kalutara,Horana,"Munagama West"
Kalutara,Horana,Dikhenagama
Kalutara,Horana,Narthanagala
Kalutara,Horana,"Horana South"
Kalutara,Horana,"Wawala West"
Kalutara,Horana,Halthotiyawatta
Kalutara,Horana,Mahena
Kalutara,Horana,"Wawala East"
Kalutara,Horana,"Horana East"
Kalutara,Ingiriya,Menerigama
Kalutara,Ingiriya,Arakavila
Kalutara,Ingiriya,Kandanapitiya
Kalutara,Ingiriya,Kottiyawaththa
Kalutara,Ingiriya,"Kurana North"
Kalutara,Ingiriya,"Kurana South"
Kalutara,Ingiriya,Kotigala
Kalutara,Ingiriya,"Hapangoda East"
Kalutara,Ingiriya,"Hadapangoda West"
Kalutara,Ingiriya,Kekulandola
Kalutara,Ingiriya,"Hadapangoda South"
Kalutara,Ingiriya,Batugampala
Kalutara,Ingiriya,"Raigam Waththa"
Kalutara,Ingiriya,"Maha Ingiriya"
Kalutara,Ingiriya,Nambapana
Kalutara,Ingiriya,"Urugala East"
Kalutara,Ingiriya,"Ingiriya East"
Kalutara,Ingiriya,"Ingiriya North"
Kalutara,Ingiriya,Nimalagama
Kalutara,Ingiriya,Eduragala
Kalutara,Ingiriya,Maputugala
Kalutara,Ingiriya,Palpitigoda
Kalutara,Ingiriya,"Rathmalgoda East"
Kalutara,Ingiriya,"Rathmalgoda West"
Kalutara,Ingiriya,"Poruwadanda West"
Kalutara,Ingiriya,"Poruwadanda East"
Kalutara,Ingiriya,Wagawatta
Kalutara,Ingiriya,Kekulaliya
Kalutara,Ingiriya,Dobagaskanda
Kalutara,Ingiriya,"Ingiriya West"
Kalutara,Ingiriya,"Urugala West"
Kalutara,Bulathsinhala,"Ihala Naragala"
Kalutara,Bulathsinhala,"Kobawaka North"
Kalutara,Bulathsinhala,Diwalakada
Kalutara,Bulathsinhala,Meegahakumbura
Kalutara,Bulathsinhala,Yahalawattha
Kalutara,Bulathsinhala,"Bothale Gamgoda"
Kalutara,Bulathsinhala,Kongasthenna
Kalutara,Bulathsinhala,Halwathura
Kalutara,Bulathsinhala,"Amaragedara North"
Kalutara,Bulathsinhala,Bothale
Kalutara,Bulathsinhala,"Bulathsinhala North"
Kalutara,Bulathsinhala,Egaloya
Kalutara,Bulathsinhala,"Kobawaka South"
Kalutara,Bulathsinhala,"Ihala Naragala South"
Kalutara,Bulathsinhala,"Govinna North"
Kalutara,Bulathsinhala,"Pahala Naragala"
Kalutara,Bulathsinhala,Dewamulla
Kalutara,Bulathsinhala,"Govinna South"
Kalutara,Bulathsinhala,Retiyala
Kalutara,Bulathsinhala,Galahena
Kalutara,Bulathsinhala,"Bulathsinhala South"
Kalutara,Bulathsinhala,Bulathsinhala
Kalutara,Bulathsinhala,"Bulathsinhala Central"
Kalutara,Bulathsinhala,"Amaragedara South"
Kalutara,Bulathsinhala,Delmella
Kalutara,Bulathsinhala,Udugalakanda
Kalutara,Bulathsinhala,Niggaha
Kalutara,Bulathsinhala,Yatagampitiya
Kalutara,Bulathsinhala,Karaldekma
Kalutara,Bulathsinhala,"Bulathsinhala East"
Kalutara,Bulathsinhala,Damparadugoda
Kalutara,Bulathsinhala,"Pahala Welgama"
Kalutara,Bulathsinhala,"Bulathsinhala West"
Kalutara,Bulathsinhala,"Diyakaduwa East"
Kalutara,Bulathsinhala,"Diyakaduwa West"
Kalutara,Bulathsinhala,Bogahawatta
Kalutara,Bulathsinhala,"Mahagama North"
Kalutara,Bulathsinhala,Demodarawatta
Kalutara,Bulathsinhala,Thennahena
Kalutara,Bulathsinhala,"Ihala Welgama"
Kalutara,Bulathsinhala,"Paragoda West"
Kalutara,Bulathsinhala,"Paragoda East"
Kalutara,Bulathsinhala,Molkawa
Kalutara,Bulathsinhala,Galahitiya
Kalutara,Bulathsinhala,"Mahagama East"
Kalutara,Bulathsinhala,"Polegoda West"
Kalutara,Bulathsinhala,"Mahagama West"
Kalutara,Bulathsinhala,"Pahala Kudaligama"
Kalutara,Bulathsinhala,"Ihala Kudaligama"
Kalutara,Bulathsinhala,"Weyangalla West"
Kalutara,Bulathsinhala,"Weyangalle East"
Kalutara,Bulathsinhala,"Mahagama South"
Kalutara,Bulathsinhala,Muduna
Kalutara,Bulathsinhala,Gamagewatta
Kalutara,Madurawala,IIimba
Kalutara,Madurawala,"Kandana North"
Kalutara,Madurawala,"Kandana South"
Kalutara,Madurawala,Elawella
Kalutara,Madurawala,"Bellapitiya West"
Kalutara,Madurawala,"Mahena South"
Kalutara,Madurawala,"Bellapitiya East"
Kalutara,Madurawala,Walpita
Kalutara,Madurawala,Werawatta
Kalutara,Madurawala,Peramunagama
Kalutara,Madurawala,Weliketella
Kalutara,Madurawala,Remuna
Kalutara,Madurawala,"Mahayala East"
Kalutara,Madurawala,Kananwila
Kalutara,Madurawala,"Mahayala West"
Kalutara,Madurawala,Hallankanda
Kalutara,Madurawala,Koodella
Kalutara,Madurawala,"Madurawala East"
Kalutara,Madurawala,Kudayala
Kalutara,Madurawala,"Pahala Karannagoda"
Kalutara,Madurawala,Anguruwathota
Kalutara,Madurawala,"Madurawala West"
Kalutara,Madurawala,Keselhenawa
Kalutara,Madurawala,Karannagoda
Kalutara,Madurawala,"Ihala Karannagoda"
Kalutara,Madurawala,Katuhena
Kalutara,Madurawala,"Warakagoda North"
Kalutara,Madurawala,"Warakagoda West"
Kalutara,Madurawala,"Warakagoda South"
Kalutara,Madurawala,"Warakagoda East"
Kalutara,Madurawala,Nahalla
Kalutara,Madurawala,Pahalagoda
Kalutara,Madurawala,Ihalagoda
Kalutara,Millaniya,Gungamuwa
Kalutara,Millaniya,Bellanthudawa
Kalutara,Millaniya,Kelesgamuwa
Kalutara,Millaniya,Welikala
Kalutara,Millaniya,Thibbotugoda
Kalutara,Millaniya,Lenawara
Kalutara,Millaniya,Halthota
Kalutara,Millaniya,Langana
Kalutara,Millaniya,Deldorawatta
Kalutara,Millaniya,Millaniya
Kalutara,Millaniya,Raddegoda
Kalutara,Millaniya,Delkada
Kalutara,Millaniya,Paragasthota
Kalutara,Millaniya,Dikhena
Kalutara,Millaniya,Arakagoda
Kalutara,Millaniya,Kennanthudawa
Kalutara,Millaniya,Mawathgama
Kalutara,Millaniya,Yalagala
Kalutara,Millaniya,Labugama
Kalutara,Millaniya,"Pethigamuwa North"
Kalutara,Millaniya,"Pethigamuwa South"
Kalutara,Millaniya,Weniwelpitiya
Kalutara,Millaniya,Millagaspola
Kalutara,Millaniya,Boralessa
Kalutara,Millaniya,Pelpola
Kalutara,Millaniya,Imbulahena
Kalutara,Millaniya,Punsiripura
Kalutara,Millaniya,"Galpatha West"
Kalutara,Millaniya,"Galpatha East"
Kalutara,Millaniya,Batagoda
Kalutara,Millaniya,Mulkadakanda
Kalutara,Millaniya,Adhikarigoda
Kalutara,Millaniya,Dombagoda
Kalutara,Millaniya,"Uduwara North"
Kalutara,Millaniya,"Uduwara West"
Kalutara,Millaniya,"Uduwara East"
Kalutara,Millaniya,"Uduwara South"
Kalutara,Millaniya,Pathakada
Kalutara,Millaniya,Panagoda
Kalutara,Millaniya,"Yatawara South"
Kalutara,Millaniya,Mahadurupitiya
Kalutara,Millaniya,Delgoda
Kalutara,Millaniya,"Yatawara North"
Kalutara,Millaniya,"Begamuwa Thalahitiya"
Kalutara,Kalutara,Mestiya
Kalutara,Kalutara,"Maha Gonadoowa"
Kalutara,Kalutara,"Kuda Gonadoowa"
Kalutara,Kalutara,"Moronthuduwa North"
Kalutara,Kalutara,Mawala
Kalutara,Kalutara,"Melegama North"
Kalutara,Kalutara,"Melegama South"
Kalutara,Kalutara,Habaralagahalanda
Kalutara,Kalutara,"Pohoddaramulla West"
Kalutara,Kalutara,"Pohoddaramulla East"
Kalutara,Kalutara,"Pothupitiya East"
Kalutara,Kalutara,"Mawala South"
Kalutara,Kalutara,Maharekma
Kalutara,Kalutara,Nandoowa
Kalutara,Kalutara,"Moronthuduwa South"
Kalutara,Kalutara,Kalapugama
Kalutara,Kalutara,"Kalapugama West"
Kalutara,Kalutara,Ariyagama
Kalutara,Kalutara,Deldoowa
Kalutara,Kalutara,Nugagoda
Kalutara,Kalutara,"Pothupitiya South"
Kalutara,Kalutara,"Pothupitiya North"
Kalutara,Kalutara,"Pothupitiya West"
Kalutara,Kalutara,"Meda Pothupitiya"
Kalutara,Kalutara,"Kuda Waskaduwa West"
Kalutara,Kalutara,"Kuda Waskaduwa North"
Kalutara,Kalutara,"Kuda Waskaduwa East"
Kalutara,Kalutara,Kapuhena
Kalutara,Kalutara,Usgodella
Kalutara,Kalutara,"Panapitiya North"
Kalutara,Kalutara,Paraduwa
Kalutara,Kalutara,Dodammulla
Kalutara,Kalutara,Diyagama
Kalutara,Kalutara,"Panapitiya South"
Kalutara,Kalutara,Rannungala
Kalutara,Kalutara,"Uggalbada West"
Kalutara,Kalutara,Dediyawala
Kalutara,Kalutara,"Kuda Waskaduwa South"
Kalutara,Kalutara,"Mahawaskaduwa South"
Kalutara,Kalutara,"Mahawaskaduwa North"
Kalutara,Kalutara,"Vilegoda North"
Kalutara,Kalutara,Malwatta
Kalutara,Kalutara,Wijerathnawatta
Kalutara,Kalutara,"Uggalbada East"
Kalutara,Kalutara,Thekkawatta
Kalutara,Kalutara,Jawatta
Kalutara,Kalutara,Botnikwatta
Kalutara,Kalutara,"Kalutara North"
Kalutara,Kalutara,"Deshasthra Kalutara"
Kalutara,Kalutara,"Deshasthra Kaluthara West"
Kalutara,Kalutara,Vidyasara
Kalutara,Kalutara,Thotupala
Kalutara,Kalutara,Ethanamadala
Kalutara,Kalutara,Palathota
Kalutara,Kalutara,Welapura
Kalutara,Kalutara,"Kalutara South"
Kalutara,Kalutara,"Kuda Heenatiyangala"
Kalutara,Kalutara,Ilukwatta
Kalutara,Kalutara,"Vilegoda South"
Kalutara,Kalutara,Godaparagahahena
Kalutara,Kalutara,Kithulawa
Kalutara,Kalutara,Alviswatta
Kalutara,Kalutara,Etavila
Kalutara,Kalutara,Akkaragoda
Kalutara,Kalutara,Mahawatta
Kalutara,Kalutara,"Kalutara South A"
Kalutara,Kalutara,Kalapuwa
Kalutara,Kalutara,Wettumakada
Kalutara,Kalutara,Kuruduwatta
Kalutara,Kalutara,"Maha Heenatiyangala"
Kalutara,Kalutara,Wattamulla
Kalutara,Kalutara,Alubogahalanda
Kalutara,Kalutara,"Rajawatta Aluth Kotasa"
Kalutara,Kalutara,"Rajawatta Parana Kotasa"
Kalutara,Kalutara,Pulartan
Kalutara,Kalutara,Uswatta
Kalutara,Kalutara,Katukurunda
Kalutara,Kalutara,"Kalamulla North"
Kalutara,Kalutara,"Nagoda West"
Kalutara,Kalutara,Kajudoowawatta
Kalutara,Kalutara,"Nagoda South"
Kalutara,Kalutara,Weniwelketiya
Kalutara,Kalutara,Gallassa
Kalutara,Kalutara,"Kalamulla East"
Kalutara,Kalutara,"Kalamulla South"
Kalutara,Kalutara,"Ethagama West"
Kalutara,Kalutara,"Ethagama East"
Kalutara,Beruwala,"Kuda Payagala North"
Kalutara,Beruwala,Mehimulla
Kalutara,Beruwala,Pambe
Kalutara,Beruwala,Hirigalgodella
Kalutara,Beruwala,Malegoda
Kalutara,Beruwala,"Kuda Payagala South"
Kalutara,Beruwala,"Payagala North"
Kalutara,Beruwala,Pinidiyamulla
Kalutara,Beruwala,Viharakanda
Kalutara,Beruwala,Palayangoda
Kalutara,Beruwala,Weragala
Kalutara,Beruwala,"Katukurundugahalanda East"
Kalutara,Beruwala,"Katukurundugahalanda West"
Kalutara,Beruwala,"Pothuvila East"
Kalutara,Beruwala,Mahagammedda
Kalutara,Beruwala,"Maha Payagala"
Kalutara,Beruwala,"Pothuvila West"
Kalutara,Beruwala,Munasinghagoda
Kalutara,Beruwala,Diyalagoda
Kalutara,Beruwala,Kapugoda
Kalutara,Beruwala,Halkandavila
Kalutara,Beruwala,Yovungama
Kalutara,Beruwala,Doowegoda
Kalutara,Beruwala,Kendagahavila
Kalutara,Beruwala,Munhena
Kalutara,Beruwala,"Maggona East"
Kalutara,Beruwala,Akkaramale
Kalutara,Beruwala,"Maggona West"
Kalutara,Beruwala,Idiriligoda
Kalutara,Beruwala,"Kuda Magalkanda"
Kalutara,Beruwala,"Magalkanda North"
Kalutara,Beruwala,"Magalkanda South"
Kalutara,Beruwala,"Akkara Asoowa"
Kalutara,Beruwala,Bubulalanda
Kalutara,Beruwala,Kadurugasmulla
Kalutara,Beruwala,Bandanagoda
Kalutara,Beruwala,Kalavilakanda
Kalutara,Beruwala,Walathara
Kalutara,Beruwala,Pannila
Kalutara,Beruwala,Cheenakotuwa
Kalutara,Beruwala,Akkaragoda
Kalutara,Beruwala,Karandagoda
Kalutara,Beruwala,Marakkalahawatta
Kalutara,Beruwala,Polkotuwa
Kalutara,Beruwala,Paranakade
Kalutara,Beruwala,Maradana
Kalutara,Beruwala,Hettiyakanda
Kalutara,Beruwala,Massalgoda
Kalutara,Beruwala,Kankanamgoda
Kalutara,Beruwala,Ambepitiya
Kalutara,Beruwala,Pinhena
Kalutara,Beruwala,"Pinhena Colony"
Kalutara,Beruwala,Kalavila
Kalutara,Beruwala,Malewangoda
Kalutara,Beruwala,Padagoda
Kalutara,Beruwala,Hettimulla
Kalutara,Beruwala,Mahagoda
Kalutara,Beruwala,Maligahena
Kalutara,Beruwala,Moragalla
Kalutara,Beruwala,Mullapitiya
Kalutara,Beruwala,Gammedda
Kalutara,Beruwala,"Kaluwamodara North"
Kalutara,Beruwala,Galhena
Kalutara,Beruwala,Alakadupitiya
Kalutara,Beruwala,Welipitiya
Kalutara,Beruwala,Pathirajagoda
Kalutara,Beruwala,Kadiyawatta
Kalutara,Beruwala,Malewana
Kalutara,Beruwala,Adhikarigoda
Kalutara,Beruwala,Nakandalagoda
Kalutara,Beruwala,Danwattagoda
Kalutara,Beruwala,Kotapitiya
Kalutara,Beruwala,Warapitiya
Kalutara,Beruwala,"Dharga Town East"
Kalutara,Beruwala,"Ganga Addara"
Kalutara,Beruwala,"Dharga Town"
Kalutara,Beruwala,"Kaluwamodara East"
Kalutara,Beruwala,"Kaluwamodara West"
Kalutara,Beruwala,Ganegama
Kalutara,Beruwala,Seenawatta
Kalutara,Beruwala,"Aluthgama East"
Kalutara,Beruwala,"Aluthgama West"
Kalutara,Dodangoda,"Koholana North"
Kalutara,Dodangoda,Ukwatta
Kalutara,Dodangoda,Bolossagama
Kalutara,Dodangoda,"Remunagoda North"
Kalutara,Dodangoda,Pelapitiyagoda
Kalutara,Dodangoda,"Pelapitiyagoda North"
Kalutara,Dodangoda,"Pahala Nebada"
Kalutara,Dodangoda,Nebada
Kalutara,Dodangoda,"Nebada West"
Kalutara,Dodangoda,"Thebuwana East"
Kalutara,Dodangoda,"Thebuwana West"
Kalutara,Dodangoda,"Remunagoda South"
Kalutara,Dodangoda,"Gamagoda East"
Kalutara,Dodangoda,"Serupita East"
Kalutara,Dodangoda,"Serupita West"
Kalutara,Dodangoda,"Koholana South"
Kalutara,Dodangoda,Adhikarigoda
Kalutara,Dodangoda,"Gamagoda West"
Kalutara,Dodangoda,"Bombuwala North_West"
Kalutara,Dodangoda,"Bombuwala Norrth_Central"
Kalutara,Dodangoda,"Bombuwala North_East"
Kalutara,Dodangoda,"Bombuwala South_West"
Kalutara,Dodangoda,"Bombuwala South_Centarl"
Kalutara,Dodangoda,"Bombuwala South_East"
Kalutara,Dodangoda,"Thudugala East"
Kalutara,Dodangoda,Wellatha
Kalutara,Dodangoda,"Ihala Nebada"
Kalutara,Dodangoda,Wattahena
Kalutara,Dodangoda,Nehinna
Kalutara,Dodangoda,Wadugama
Kalutara,Dodangoda,"Thudugala West"
Kalutara,Dodangoda,"Dodangoda East_North"
Kalutara,Dodangoda,"Dodangoda West_North"
Kalutara,Dodangoda,"Dodangoda West_North West"
Kalutara,Dodangoda,"Dodangoda West"
Kalutara,Dodangoda,"Dodangoda West_Central"
Kalutara,Dodangoda,"Dodangoda West_South"
Kalutara,Dodangoda,"Dodangoda East_South"
Kalutara,Dodangoda,Sapugahawatta
Kalutara,Dodangoda,"Puhambugoda East"
Kalutara,Dodangoda,"Dodangoda East"
Kalutara,Dodangoda,"Dodangoda East_Central"
Kalutara,Dodangoda,"Puhambugoda West"
Kalutara,Dodangoda,Eladoowa
Kalutara,Dodangoda,Galpottavila
Kalutara,Mathugama,"Iddagoda West"
Kalutara,Mathugama,"Iddagoda East"
Kalutara,Mathugama,Hiriketiya
Kalutara,Mathugama,Panthiya
Kalutara,Mathugama,Welimanana
Kalutara,Mathugama,"Bopitiya East"
Kalutara,Mathugama,Yattovita
Kalutara,Mathugama,"Mathugama West"
Kalutara,Mathugama,"Mathugama North"
Kalutara,Mathugama,Gurudola
Kalutara,Mathugama,Wettewa
Kalutara,Mathugama,"Mathugama East"
Kalutara,Mathugama,"Mathugama South"
Kalutara,Mathugama,Naravila
Kalutara,Mathugama,"Bopitiya West"
Kalutara,Mathugama,Diyagala
Kalutara,Mathugama,Thambaretiya
Kalutara,Mathugama,"Yatadolawatta Eest"
Kalutara,Mathugama,"Yatadolawatta West"
Kalutara,Mathugama,Aluthgamgoda
Kalutara,Mathugama,Navuttuduwa
Kalutara,Mathugama,Keeranthidiya
Kalutara,Mathugama,Pussalamulla
Kalutara,Mathugama,Kolehekada
Kalutara,Mathugama,Kotagedara
Kalutara,Mathugama,Henegama
Kalutara,Mathugama,Badugama
Kalutara,Mathugama,Ovitagala
Kalutara,Mathugama,Sandasirigama
Kalutara,Mathugama,"Badugama New Colony"
Kalutara,Mathugama,"Horawala East"
Kalutara,Mathugama,"Horawala North"
Kalutara,Mathugama,Horawala
Kalutara,Mathugama,"Horawala West"
Kalutara,Mathugama,"Welipenna East-South"
Kalutara,Mathugama,"Welipenna West"
Kalutara,Mathugama,"Welipenna East North"
Kalutara,Mathugama,Dippita
Kalutara,Mathugama,"Lewwanduwa North"
Kalutara,Mathugama,Henpita
Kalutara,Mathugama,Galmatta
Kalutara,Mathugama,"Walagedara North"
Kalutara,Mathugama,Warakatholla
Kalutara,Mathugama,Nugagahalanda
Kalutara,Mathugama,Keppetiyagahalanda
Kalutara,Mathugama,Bondupitiya
Kalutara,Mathugama,Andawala
Kalutara,Mathugama,Thalgasgoda
Kalutara,Mathugama,Indigasthuduwa
Kalutara,Mathugama,Ladduwa
Kalutara,Mathugama,Meegama
Kalutara,Mathugama,Dewagoda
Kalutara,Mathugama,"Walagedara South"
Kalutara,Mathugama,Kurudippita
Kalutara,Mathugama,"Lewwanduwa West"
Kalutara,Mathugama,"Lewwanduwa East"
Kalutara,Mathugama,Madawala
Kalutara,Agalawatta,Girikola
Kalutara,Agalawatta,Pimbura
Kalutara,Agalawatta,Omatta
Kalutara,Agalawatta,"Omatta East"
Kalutara,Agalawatta,Evariwatta
Kalutara,Agalawatta,"Kekulandala South"
Kalutara,Agalawatta,Halovita
Kalutara,Agalawatta,Uduwela
Kalutara,Agalawatta,Helamba
Kalutara,Agalawatta,"Yatiyana West"
Kalutara,Agalawatta,Gorakgoda
Kalutara,Agalawatta,Beragama
Kalutara,Agalawatta,Agalawatta
Kalutara,Agalawatta,"Kekulandala North"
Kalutara,Agalawatta,Dapiligoda
Kalutara,Agalawatta,Wandurabba
Kalutara,Agalawatta,"Yatiyana East"
Kalutara,Agalawatta,Pinnagoda
Kalutara,Agalawatta,Bodhiyakanda
Kalutara,Agalawatta,Mulatiyana
Kalutara,Agalawatta,Ridirekhagama
Kalutara,Agalawatta,Kithulgoda
Kalutara,Agalawatta,"Kithulgoda South"
Kalutara,Agalawatta,"Kuda Kalupahana"
Kalutara,Agalawatta,Kalupahana
Kalutara,Agalawatta,"Kevitiyagala North"
Kalutara,Agalawatta,Diyapattugama
Kalutara,Agalawatta,Kurupita
Kalutara,Agalawatta,Harankahapatha
Kalutara,Agalawatta,Kevitiyagala
Kalutara,Agalawatta,Polgampala
Kalutara,Agalawatta,"Polgampala East"
Kalutara,Agalawatta,"Rathmale East"
Kalutara,Agalawatta,Rathmale
Kalutara,Palindanuwara,Kosgulana
Kalutara,Palindanuwara,Kelinkanda
Kalutara,Palindanuwara,"Kelinkanda Colony"
Kalutara,Palindanuwara,Walakada
Kalutara,Palindanuwara,Kapugedara
Kalutara,Palindanuwara,Galahitiya
Kalutara,Palindanuwara,Ilukpatha
Kalutara,Palindanuwara,"Pelenda West"
Kalutara,Palindanuwara,Pelanda
Kalutara,Palindanuwara,Bampara
Kalutara,Palindanuwara,Ambegoda
Kalutara,Palindanuwara,"Morapitiya North"
Kalutara,Palindanuwara,Morapitiya
Kalutara,Palindanuwara,"Midalana  West"
Kalutara,Palindanuwara,Maragahadeniya
Kalutara,Palindanuwara,"Lathpandura East"
Kalutara,Palindanuwara,"Bellana East"
Kalutara,Palindanuwara,Viharagama
Kalutara,Palindanuwara,Kapugama
Kalutara,Palindanuwara,Bellana
Kalutara,Palindanuwara,Yakupitiya
Kalutara,Palindanuwara,Lathpadura
Kalutara,Palindanuwara,Kamburawala
Kalutara,Palindanuwara,Baduraliya
Kalutara,Palindanuwara,Diggoda
Kalutara,Palindanuwara,Midalana
Kalutara,Palindanuwara,"Morapitiya South"
Kalutara,Palindanuwara,Athwelthota
Kalutara,Palindanuwara,Diganna
Kalutara,Palindanuwara,Batahena
Kalutara,Palindanuwara,Hedigalla
Kalutara,Palindanuwara,"Magura East"
Kalutara,Palindanuwara,"Magura West"
Kalutara,Palindanuwara,Addaragoda
Kalutara,Palindanuwara,Penigala
Kalutara,Palindanuwara,Kalugala
Kalutara,Palindanuwara,Athale
Kalutara,Palindanuwara,Ingurudaluwa
Kalutara,Palindanuwara,Bollunna
Kalutara,Palindanuwara,Kalukandawa
Kalutara,Palindanuwara,Batagodavila
Kalutara,Palindanuwara,Boralugoda
Kalutara,Palindanuwara,Thiniyawala
Kalutara,Walallawita,"Pannila South"
Kalutara,Walallawita,"Pannila East"
Kalutara,Walallawita,"Uragoda West"
Kalutara,Walallawita,"Uragoda East"
Kalutara,Walallawita,"Lihiniyawa West"
Kalutara,Walallawita,"Lihiniyawa East"
Kalutara,Walallawita,Moragala
Kalutara,Walallawita,Meegahathenna
Kalutara,Walallawita,"Mallawachchigoda Gangaba"
Kalutara,Walallawita,Bothalawa
Kalutara,Walallawita,Kumbadoowa
Kalutara,Walallawita,Maddegama
Kalutara,Walallawita,Bogodakanda
Kalutara,Walallawita,"Halwalakele Malwathukanda"
Kalutara,Walallawita,Uthumgama
Kalutara,Walallawita,"Kuda Mathugama"
Kalutara,Walallawita,"Pareigama North"
Kalutara,Walallawita,Halwala
Kalutara,Walallawita,Pannila
Kalutara,Walallawita,Miriswatta
Kalutara,Walallawita,"Ittapana North"
Kalutara,Walallawita,Malambehena
Kalutara,Walallawita,"Ittapana West"
Kalutara,Walallawita,"Ittapana South"
Kalutara,Walallawita,"Ittapana East"
Kalutara,Walallawita,Loolbadduwa
Kalutara,Walallawita,"Pareigama South"
Kalutara,Walallawita,"Gulavita North"
Kalutara,Walallawita,Wedawatta
Kalutara,Walallawita,"Katukele Welmeegoda"
Kalutara,Walallawita,Ranepuragoda
Kalutara,Walallawita,Mandagala
Kalutara,Walallawita,Yattapatha
Kalutara,Walallawita,"Pahala Hewessa North"
Kalutara,Walallawita,"Pahala Hewessa South"
Kalutara,Walallawita,"Pelawatta East"
Kalutara,Walallawita,Pelawatta
Kalutara,Walallawita,"Pelawatte West North"
Kalutara,Walallawita,Makalandawa
Kalutara,Walallawita,"Makalandawa South"
Kalutara,Walallawita,"Gulavita South"
Kalutara,Walallawita,Udugama
Kalutara,Walallawita,Karapagala
Kalutara,Walallawita,"Gammana East"
Kalutara,Walallawita,"Gammana West"
Kalutara,Walallawita,Gorakadoowa
Kalutara,Walallawita,Yagirala
Kalutara,Walallawita,Katudora
Kalutara,Walallawita,Magurumasvila
Kalutara,Walallawita,"Walallavita East"
Kalutara,Walallawita,"Pelawatta West South"
Kalutara,Walallawita,Gorakadoowa
Kalutara,Walallawita,Miriswatta
Kalutara,Walallawita,Thundola
Kalutara,Walallawita,Weerakanda
Kalutara,Walallawita,Gulanawatta
Kalutara,Walallawita,Kankotawatta
Kalutara,Walallawita,"Ihala Hewessa"
Kalutara,Walallawita,"Wallavita South"
Kalutara,Walallawita,Thotaha
Kaluthara,Bandaragama,Newdawa
Kandy,Thumpane,"Meegahahena South"
Kandy,Thumpane,Meegahahena
Kandy,Thumpane,Galabawa
Kandy,Thumpane,Kobbegala
Kandy,Thumpane,Ambagahahena
Kandy,Thumpane,Rockhil
Kandy,Thumpane,Akkarawatta
Kandy,Thumpane,Bonakot
Kandy,Thumpane,Haddapitiya
Kandy,Thumpane,Delgasyaya
Kandy,Thumpane,Gallenawatta
Kandy,Thumpane,"Kandanhena East"
Kandy,Thumpane,Namaltenna
Kandy,Thumpane,Alawattegama
Kandy,Thumpane,"Kumburegama "
Kandy,Thumpane,"Ban Anga"
Kandy,Thumpane,Ethamulla
Kandy,Thumpane,"Palukopi Watta"
Kandy,Thumpane,Damunagasthenna
Kandy,Thumpane,"Galagedara West"
Kandy,Thumpane,Udapitiya
Kandy,Thumpane,"Galagedara Madige South"
Kandy,Thumpane,Galagedara
Kandy,Thumpane,"Galagedara Madige"
Kandy,Thumpane,Pethigewela
Kandy,Thumpane,Udalagama
Kandy,Thumpane,Gunadaha
Kandy,Thumpane,"Medagoda Pahala"
Kandy,Thumpane,Opalla
Kandy,Thumpane,Gangodapitiya
Kandy,Thumpane,Pubbiliya
Kandy,Thumpane,Kannadeniya
Kandy,Thumpane,Barandara
Kandy,Thumpane,Kaluwana
Kandy,Thumpane,"Kinigama West"
Kandy,Thumpane,"Kinigama East"
Kandy,Thumpane,Pottila
Kandy,Thumpane,Uduwa
Kandy,Thumpane,"Medagoda Ihala"
Kandy,Thumpane,Naranwala
Kandy,Thumpane,Hithgodawalpola
Kandy,Thumpane,Paranagama
Kandy,Thumpane,Wettewa
Kandy,Thumpane,Pavulpawa
Kandy,Thumpane,Kirindiwelpola
Kandy,Thumpane,"Kuragama North"
Kandy,Thumpane,Nikathenna
Kandy,Thumpane,Etambegoda
Kandy,Thumpane,Thahalpitiya
Kandy,Thumpane,Dehideniya
Kandy,Thumpane,Kandekumbura
Kandy,Thumpane,Diyapalagoda
Kandy,Thumpane,Niyangoda
Kandy,Thumpane,Niyambepola
Kandy,Thumpane,"Henegama Palkumbura"
Kandy,Thumpane,Idamegama
Kandy,Thumpane,Marawanagoda
Kandy,Thumpane,"Adungama Palkumbura"
Kandy,Thumpane,Kuragama
Kandy,Thumpane,Udahenepola
Kandy,Thumpane,Poholiyadda
Kandy,Thumpane,Hiyadala
Kandy,Thumpane,Pallekotuwa
Kandy,Thumpane,"Hiyadala Walpola"
Kandy,Thumpane,"Minigamuwa "
Kandy,Thumpane,"Minigamuwa Ihala"
Kandy,Thumpane,Thennewela
Kandy,Pujapitiya,"Egodamulla North"
Kandy,Pujapitiya,Ihalamulla
Kandy,Pujapitiya,Dehiwatta
Kandy,Pujapitiya,"Egodamulla South"
Kandy,Pujapitiya,"Pahala Kithulgolla"
Kandy,Pujapitiya,"Alawatta "
Kandy,Pujapitiya,"Uda Kithulgolla"
Kandy,Pujapitiya,"Ankumbura South"
Kandy,Pujapitiya,"Ankumbura North"
Kandy,Pujapitiya,"Uggala Janapadaya"
Kandy,Pujapitiya,"Pallegama Pahala"
Kandy,Pujapitiya,Welgala
Kandy,Pujapitiya,"Ankumbura Udagama"
Kandy,Pujapitiya,Kovilamuduna
Kandy,Pujapitiya,Galhinna
Kandy,Pujapitiya,Galkanda
Kandy,Pujapitiya,"Palliya Kotuwa"
Kandy,Pujapitiya,Batagolladeniya
Kandy,Pujapitiya,Watagalathenna
Kandy,Pujapitiya,Morankanda
Kandy,Pujapitiya,"Wewala North"
Kandy,Pujapitiya,Udahena
Kandy,Pujapitiya,Siyapathgama
Kandy,Pujapitiya,Pathirada
Kandy,Pujapitiya,Udahingulwala
Kandy,Pujapitiya,"Pahala Hingulwala"
Kandy,Pujapitiya,Rambukewela
Kandy,Pujapitiya,Godahena
Kandy,Pujapitiya,Kahatagasthenna
Kandy,Pujapitiya,Watagoda
Kandy,Pujapitiya,"Dolapihilla North"
Kandy,Pujapitiya,"Dolapihilla South"
Kandy,Pujapitiya,Weligalla
Kandy,Pujapitiya,Wewala
Kandy,Pujapitiya,Bokkawala
Kandy,Pujapitiya,Harankahawa
Kandy,Pujapitiya,Henegama
Kandy,Pujapitiya,Molagoda
Kandy,Pujapitiya,Waldeniya
Kandy,Pujapitiya,Medagoda
Kandy,Pujapitiya,Diddeniya
Kandy,Pujapitiya,"Ovissa North"
Kandy,Pujapitiya,"Ovissa South"
Kandy,Pujapitiya,Kiralagama
Kandy,Pujapitiya,Paleepana
Kandy,Pujapitiya,Dombagammana
Kandy,Pujapitiya,Uggahakumbura
Kandy,Pujapitiya,"Marathugoda North"
Kandy,Pujapitiya,"Marathugoda South"
Kandy,Pujapitiya,Ambaruppa
Kandy,Pujapitiya,Gallella
Kandy,Pujapitiya,"Maruddana "
Kandy,Pujapitiya,Alagoda
Kandy,Pujapitiya,Madadeniya
Kandy,Pujapitiya,Warakadeniya
Kandy,Pujapitiya,"Batagalla North"
Kandy,Pujapitiya,Bamunupola
Kandy,Pujapitiya,"Batugoda North"
Kandy,Pujapitiya,"Batagalla South"
Kandy,Pujapitiya,"Batugoda South"
Kandy,Pujapitiya,Diwanawatta
Kandy,Pujapitiya,"Mullegama North"
Kandy,Pujapitiya,"Kahawatta North"
Kandy,Pujapitiya,"Kahawatta South"
Kandy,Pujapitiya,"Mullegama South"
Kandy,Pujapitiya,"Kaluwana South"
Kandy,Pujapitiya,"Kaluwana North"
Kandy,Akurana,"Rambuke Ela"
Kandy,Akurana,"Vilana Udagama"
Kandy,Akurana,"Vilana Pallegama"
Kandy,Akurana,Walahena
Kandy,Akurana,Alawathugoda
Kandy,Akurana,Balakaduwa
Kandy,Akurana,Mawathupola
Kandy,Akurana,Arambepola
Kandy,Akurana,Delgasgoda
Kandy,Akurana,Dippitiya
Kandy,Akurana,Malwanahinna
Kandy,Akurana,Konakalagala
Kandy,Akurana,Malgamandeniya
Kandy,Akurana,Rathukoho
Kandy,Akurana,Marahela
Kandy,Akurana,Hureegolla
Kandy,Akurana,Neerella
Kandy,Akurana,Melchena
Kandy,Akurana,Bulugohothenna
Kandy,Akurana,Kasawatta
Kandy,Akurana,Udaweliketiya
Kandy,Akurana,Palleweliketiya
Kandy,Akurana,Dodangolla
Kandy,Akurana,Akurana
Kandy,Akurana,Delgasthenna
Kandy,Akurana,Kurugoda
Kandy,Akurana,Deegala
Kandy,Akurana,Pangollamada
Kandy,Akurana,"Dunuvila North"
Kandy,Akurana,"Dunuvila South"
Kandy,Akurana,"Palle Deegala"
Kandy,Akurana,Thelambugahawatta
Kandy,Akurana,Waragashinna
Kandy,Akurana,Kurudugahaela
Kandy,Akurana,Uggala
Kandy,Pathadumbara,Yatawara
Kandy,Pathadumbara,"Yatawara Kandagama "
Kandy,Pathadumbara,"Ihala Yatawara"
Kandy,Pathadumbara,Udurawana
Kandy,Pathadumbara,Doragamuwa
Kandy,Pathadumbara,Bogahakumbura
Kandy,Pathadumbara,Deegahawathura
Kandy,Pathadumbara,Mahakumbura
Kandy,Pathadumbara,Mandandawela
Kandy,Pathadumbara,Paranagama
Kandy,Pathadumbara,Aluthgama
Kandy,Pathadumbara,Walpaladeniya
Kandy,Pathadumbara,Puwakgahadeniya
Kandy,Pathadumbara,Wattegama
Kandy,Pathadumbara,"Wattegama North"
Kandy,Pathadumbara,Gunembill
Kandy,Pathadumbara,Eriyagasthenna
Kandy,Pathadumbara,Pitiyegedara
Kandy,Pathadumbara,Yatirawana
Kandy,Pathadumbara,Meegammana
Kandy,Pathadumbara,"Meegammana West"
Kandy,Pathadumbara,Galadeniya
Kandy,Pathadumbara,Udathalavinna
Kandy,Pathadumbara,"Pallethalavinna Ihala"
Kandy,Pathadumbara,Moonamale
Kandy,Pathadumbara,Kendaliyadda
Kandy,Pathadumbara,Girakaduwa
Kandy,Pathadumbara,Ambathenna
Kandy,Pathadumbara,Molagodayawatta
Kandy,Pathadumbara,Megodagama
Kandy,Pathadumbara,Egodagama
Kandy,Pathadumbara,Millanga
Kandy,Pathadumbara,Pallethalavinna
Kandy,Pathadumbara,"Udathalavinna Madige"
Kandy,Pathadumbara,Meegahawatta
Kandy,Pathadumbara,"Madawala Madige"
Kandy,Pathadumbara,Madawala
Kandy,Pathadumbara,Walala
Kandy,Pathadumbara,Ketakahala
Kandy,Pathadumbara,Thalkotuwa
Kandy,Pathadumbara,Napana
Kandy,Pathadumbara,Leemagahadeniya
Kandy,Pathadumbara,Pihilladeniya
Kandy,Pathadumbara,"Gunnepana Madige"
Kandy,Pathadumbara,Polgolla
Kandy,Pathadumbara,Balanagala
Kandy,Pathadumbara,Nawayalathenna
Kandy,Pathadumbara,Kahalla
Kandy,Pathadumbara,Kalugalawatta
Kandy,Pathadumbara,Galewatta
Kandy,Pathadumbara,Abasingama
Kandy,Pathadumbara,Hamindagoda
Kandy,Panvila,Kelebokka
Kandy,Panvila,Watakele
Kandy,Panvila,Mahapathana
Kandy,Panvila,Kosgama
Kandy,Panvila,Thawalanthenna
Kandy,Panvila,Gomaraya
Kandy,Panvila,Beddegama
Kandy,Panvila,Arattana
Kandy,Panvila,Madulkele
Kandy,Panvila,Hathale
Kandy,Panvila,Angammana
Kandy,Panvila,Udugoda
Kandy,Panvila,Pitawala
Kandy,Panvila,Panvila
Kandy,Udadumbara,Meemure
Kandy,Udadumbara,Kumbukgolla
Kandy,Udadumbara,Kaikawala
Kandy,Udadumbara,Pusseela
Kandy,Udadumbara,Karambaketiya
Kandy,Udadumbara,Gerandigala
Kandy,Udadumbara,Moonamalpelessa
Kandy,Udadumbara,Kalugala
Kandy,Udadumbara,Udailuka
Kandy,Udadumbara,Padupola
Kandy,Udadumbara,Udakumbura
Kandy,Udadumbara,Kalugalaoya
Kandy,Udadumbara,Dumbaragama
Kandy,Udadumbara,Pallewela
Kandy,Udadumbara,Udawela
Kandy,Udadumbara,Kandegama
Kandy,Udadumbara,Wadawalakanda
Kandy,Udadumbara,Kobonilla
Kandy,Udadumbara,Pallekanda
Kandy,Udadumbara,Hanwella
Kandy,Udadumbara,Andideniya
Kandy,Udadumbara,Dambagahapitiya
Kandy,Udadumbara,Poppitiya
Kandy,Udadumbara,Oyathenna
Kandy,Udadumbara,Thalagune
Kandy,Udadumbara,Gedaramada
Kandy,Udadumbara,Kirigankumbura
Kandy,Udadumbara,Udadumbara
Kandy,Udadumbara,Nawanagala
Kandy,Udadumbara,Hunnasgiriya
Kandy,Udadumbara,Kiripattiya
Kandy,Udadumbara,Halyala
Kandy,Udadumbara,Mendiriya
Kandy,Udadumbara,Gangoda
Kandy,Udadumbara,Udapitawala
Kandy,Udadumbara,Mahawala
Kandy,Udadumbara,"Pitawala Udagammedda"
Kandy,Udadumbara,Godakumbura
Kandy,Udadumbara,Mediwaka
Kandy,Udadumbara,Karandagolla
Kandy,Udadumbara,"Rambukwella East"
Kandy,Udadumbara,"Rambukwella West"
Kandy,Udadumbara,Denapitiya
Kandy,Udadumbara,"Nugethenna East"
Kandy,Udadumbara,"Nugethenna West"
Kandy,Udadumbara,Kevulgama
Kandy,Udadumbara,Ganegala
Kandy,Udadumbara,Minuwangamuwa
Kandy,Udadumbara,Kalalgamuwa
Kandy,Udadumbara,Pitawala
Kandy,Udadumbara,"Dewahandiya East"
Kandy,Udadumbara,"Hapukanda East"
Kandy,Udadumbara,"Hapukanda West"
Kandy,Udadumbara,"Madugalla Udagammedda"
Kandy,Udadumbara,"Madugalla North"
Kandy,Udadumbara,"Madugalla South"
Kandy,Udadumbara,Pamunethenna
Kandy,Udadumbara,Devinnegama
Kandy,Udadumbara,"Bambarabedda East"
Kandy,Udadumbara,"Bambarabedda West"
Kandy,Udadumbara,Pitigoda
Kandy,Udadumbara,Kalawala
Kandy,Udadumbara,"Dewahandiya East"
Kandy,Minipe,Galamuduna
Kandy,Minipe,Dungolla
Kandy,Minipe,"Thyotillagas Ella"
Kandy,Minipe,Palugolla
Kandy,Minipe,Wewera
Kandy,Minipe,Dehemigama
Kandy,Minipe,Himbutuwa
Kandy,Minipe,"Udattawa North"
Kandy,Minipe,Pallegaladebokka
Kandy,Minipe,Udagaladebokka
Kandy,Minipe,Udattawa
Kandy,Minipe,Dambagahawela
Kandy,Minipe,"Kindigoda North"
Kandy,Minipe,Udawela
Kandy,Minipe,"Kindigoda South"
Kandy,Minipe,Ulpathagama
Kandy,Minipe,Ambagolla
Kandy,Minipe,Dambepitiya
Kandy,Minipe,Welgahawadiya
Kandy,Minipe,"Mahayaya North"
Kandy,Minipe,"08 Ela"
Kandy,Minipe,Welgala
Kandy,Minipe,"Mahayaya South"
Kandy,Minipe,Thorapitiya
Kandy,Minipe,Keenapelessa
Kandy,Minipe,Mahagalaheenna
Kandy,Minipe,Hasalaka
Kandy,Minipe,Pallewatta
Kandy,Minipe,"Hasalaka Nagaraya"
Kandy,Minipe,"Maha Eswedduma"
Kandy,Minipe,Rathnella
Kandy,Minipe,Gurulupotha
Kandy,Minipe,Weragolla
Kandy,Minipe,Weragama
Kandy,Minipe,Bulathwelkandura
Kandy,Minipe,Weraganthota
Kandy,Minipe,Morayaya
Kandy,Minipe,Lunumadalaketiya
Kandy,Minipe,Diyabubula
Kandy,Minipe,Handaganawa
Kandy,Minipe,Batumulla
Kandy,Minipe,Udayagala
Kandy,Minipe,Asamodagamyaya
Kandy,Minipe,Ambagahapelessa
Kandy,Minipe,Muttettuthenna
Kandy,Minipe,Minipe
Kandy,Minipe,Kolonyaya
Kandy,Minipe,Bembiya
Kandy,Medadumbara,Elliyadda
Kandy,Medadumbara,Thunisgala
Kandy,Medadumbara,Gonawala
Kandy,Medadumbara,Thangappuwa
Kandy,Medadumbara,Kotaganga
Kandy,Medadumbara,Bulathwatta
Kandy,Medadumbara,Galabadawatta
Kandy,Medadumbara,Nagolla
Kandy,Medadumbara,Galkotuwa
Kandy,Medadumbara,Werapitiya
Kandy,Medadumbara,"Werathenna "
Kandy,Medadumbara,Randiwela
Kandy,Medadumbara,Bobebila
Kandy,Medadumbara,Duckwariya
Kandy,Medadumbara,"Rangala Aluthwatta"
Kandy,Medadumbara,Ferndail
Kandy,Medadumbara,Hakmana
Kandy,Medadumbara,"Burnside "
Kandy,Medadumbara,Rangala
Kandy,Medadumbara,Weladaramba
Kandy,Medadumbara,Makuldeniya
Kandy,Medadumbara,Waradiwela
Kandy,Medadumbara,"Giddawa Waradiwela"
Kandy,Medadumbara,Dunhinna
Kandy,Medadumbara,Maneluwa
Kandy,Medadumbara,"Giddawa "
Kandy,Medadumbara,Weliketiya
Kandy,Medadumbara,Putuhapuwa
Kandy,Medadumbara,Udabage
Kandy,Medadumbara,"Amupitiya "
Kandy,Medadumbara,Godamunna
Kandy,Medadumbara,Katugoda
Kandy,Medadumbara,Heeloya
Kandy,Medadumbara,Kandekumbura
Kandy,Medadumbara,Retiyagama
Kandy,Medadumbara,Poddalgoda
Kandy,Medadumbara,Nilgala
Kandy,Medadumbara,Madeniyawaka
Kandy,Medadumbara,Embalagama
Kandy,Medadumbara,Siridigana
Kandy,Medadumbara,Nugepathana
Kandy,Medadumbara,Watapana
Kandy,Medadumbara,Ambalagala
Kandy,Medadumbara,Gangasirigama
Kandy,Medadumbara,Madapola
Kandy,Medadumbara,Kandegama
Kandy,Medadumbara,Randeniya
Kandy,Medadumbara,Pallebage
Kandy,Medadumbara,Gabbela
Kandy,Medadumbara,Udispattuwa
Kandy,Medadumbara,Ranmulla
Kandy,Medadumbara,Maharawela
Kandy,Medadumbara,Kurukohogama
Kandy,Medadumbara,Kiribattalawa
Kandy,Medadumbara,Hathiyalwela
Kandy,Medadumbara,Mangoda
Kandy,Medadumbara,Rambukpotha
Kandy,Medadumbara,Namandagala
Kandy,Medadumbara,Metideniya
Kandy,Medadumbara,"Doraliyadda South"
Kandy,Medadumbara,Wegala
Kandy,Medadumbara,Meegahamaditta
Kandy,Medadumbara,"Rabukwella East"
Kandy,Medadumbara,Rabukwella
Kandy,Medadumbara,Udawela
Kandy,Medadumbara,Wellethota
Kandy,Medadumbara,Vilamuna
Kandy,Medadumbara,Karalliyadda
Kandy,Medadumbara,Ambagahalanda
Kandy,Medadumbara,Hijrapura
Kandy,Medadumbara,Galambalama
Kandy,Medadumbara,Maberiyathenna
Kandy,Medadumbara,Ellepola
Kandy,Medadumbara,Wewegama
Kandy,Medadumbara,Senarathwela
Kandy,Medadumbara,"Nithulemada "
Kandy,Medadumbara,Udathenna
Kandy,Medadumbara,Medamahanuwara
Kandy,Medadumbara,Bomure
Kandy,Medadumbara,Rajagala
Kandy,Medadumbara,Wathuliyadda
Kandy,Medadumbara,Moragahamula
Kandy,Medadumbara,Mahadoraliyadda
Kandy,Medadumbara,Puwakgahadiwela
Kandy,Medadumbara,Ambale
Kandy,Medadumbara,Meeriyagolla
Kandy,Medadumbara,Bambaragahadeniya
Kandy,Medadumbara,Meegahalanda
Kandy,Medadumbara,"Sadasiri Dunuvila "
Kandy,Medadumbara,Thennalanda
Kandy,Medadumbara,Udagammedda
Kandy,Medadumbara,Welapahala
Kandy,Medadumbara,"Meda Gammedda"
Kandy,Kundasale,Dunuhappawa
Kandy,Kundasale,"Naranpanawa West"
Kandy,Kundasale,Kandekumbura
Kandy,Kundasale,Alawathugirigama
Kandy,Kundasale,Galpihilla
Kandy,Kundasale,Makkanigama
Kandy,Kundasale,Wavinna
Kandy,Kundasale,Pallegama
Kandy,Kundasale,"Maharathenna West"
Kandy,Kundasale,"Udagama North"
Kandy,Kundasale,"Ihala Gonagama"
Kandy,Kundasale,Delgaslanda
Kandy,Kundasale,Lunuketiyamaditta
Kandy,Kundasale,"Naranpanawa East"
Kandy,Kundasale,Kuruambemuduna
Kandy,Kundasale,Maluwegama
Kandy,Kundasale,Wepathana
Kandy,Kundasale,"Gonawala North"
Kandy,Kundasale,Deliwalathenna
Kandy,Kundasale,Heepitiya
Kandy,Kundasale,"Udagama South"
Kandy,Kundasale,"Maharathenna East"
Kandy,Kundasale,Menikhinna
Kandy,Kundasale,"Hurikaduwa North"
Kandy,Kundasale,"Hurikaduwa West"
Kandy,Kundasale,Bogaskumbura
Kandy,Kundasale,"Pilawala North"
Kandy,Kundasale,"Amunugama North"
Kandy,Kundasale,"Amunugama South"
Kandy,Kundasale,"Udagunnepana South"
Kandy,Kundasale,"Udagunnepana North"
Kandy,Kundasale,"Gabadagama South"
Kandy,Kundasale,"Gabadagama North"
Kandy,Kundasale,"Pallegunnepana South"
Kandy,Kundasale,"Pallegunnepana North"
Kandy,Kundasale,"Sirimalwatta West"
Kandy,Kundasale,"Sirimalwatta East"
Kandy,Kundasale,"Sirimalwatta Pallegama"
Kandy,Kundasale,Lewellagama
Kandy,Kundasale,Degaldoruwa
Kandy,Kundasale,Deekirimadawala
Kandy,Kundasale,Hapuwala
Kandy,Kundasale,Galapitaambe
Kandy,Kundasale,Hathamuna
Kandy,Kundasale,Dodamgolla
Kandy,Kundasale,"Hurikaduwa South"
Kandy,Kundasale,"Hurikaduwa East"
Kandy,Kundasale,"Hurikaduwa Madige"
Kandy,Kundasale,Galamuna
Kandy,Kundasale,Malpana
Kandy,Kundasale,"Ahaspokuna North"
Kandy,Kundasale,"Gonawala South"
Kandy,Kundasale,"Kumbukkandura South"
Kandy,Kundasale,"Kumbukkandura North"
Kandy,Kundasale,"Rajawella North"
Kandy,Kundasale,"Ahaspokuna South"
Kandy,Kundasale,Ihalawela
Kandy,Kundasale,Kengalla
Kandy,Kundasale,Nithulethenna
Kandy,Kundasale,Dambarawa
Kandy,Kundasale,"Pilawala South"
Kandy,Kundasale,"Mahawatta East"
Kandy,Kundasale,"Mahawatta North"
Kandy,Kundasale,"Mahawatta West"
Kandy,Kundasale,"Mahawatta South"
Kandy,Kundasale,"Arangala North"
Kandy,Kundasale,Karattamada
Kandy,Kundasale,"Arangala South"
Kandy,Kundasale,Galmaduwa
Kandy,Kundasale,Nattarampotha
Kandy,Kundasale,"Kundasale North"
Kandy,Kundasale,"Kundasale South"
Kandy,Kundasale,"Balagolla West"
Kandy,Kundasale,"Balagolla East"
Kandy,Kundasale,Aswalapitiya
Kandy,Kundasale,Diyabubula
Kandy,Kundasale,"Rajawella South"
Kandy,Kundasale,"Aluth Pallekele"
Kandy,Kundasale,"Wijaya Sri Gama"
Kandy,Kundasale,Ambakotayawatta
Kandy,"Kandy Four Gravets & Gangawata Korale",Mavilmada
Kandy,"Kandy Four Gravets & Gangawata Korale",Siyambalagasthenna
Kandy,"Kandy Four Gravets & Gangawata Korale","Pitakanda Gama"
Kandy,"Kandy Four Gravets & Gangawata Korale",Senkadagala
Kandy,"Kandy Four Gravets & Gangawata Korale",Wattaranthenna
Kandy,"Kandy Four Gravets & Gangawata Korale",Nittawela
Kandy,"Kandy Four Gravets & Gangawata Korale",Watapuluwa
Kandy,"Kandy Four Gravets & Gangawata Korale","Mahaweli Uyana"
Kandy,"Kandy Four Gravets & Gangawata Korale","Watapuluwa South"
Kandy,"Kandy Four Gravets & Gangawata Korale","Aruppala East"
Kandy,"Kandy Four Gravets & Gangawata Korale","Aruppala West"
Kandy,"Kandy Four Gravets & Gangawata Korale","Watapuluwa West"
Kandy,"Kandy Four Gravets & Gangawata Korale",Mahaiyawa
Kandy,"Kandy Four Gravets & Gangawata Korale",Mapanawathura
Kandy,"Kandy Four Gravets & Gangawata Korale","Poorna Watta East"
Kandy,"Kandy Four Gravets & Gangawata Korale","Poorna Watta West"
Kandy,"Kandy Four Gravets & Gangawata Korale",Asgiriya
Kandy,"Kandy Four Gravets & Gangawata Korale","Bahirawa Kanda"
Kandy,"Kandy Four Gravets & Gangawata Korale","Nuwara Dodamwala"
Kandy,"Kandy Four Gravets & Gangawata Korale","Aniwatta East"
Kandy,"Kandy Four Gravets & Gangawata Korale","Katukele West"
Kandy,"Kandy Four Gravets & Gangawata Korale",Katukele
Kandy,"Kandy Four Gravets & Gangawata Korale","Ihala Katukele"
Kandy,"Kandy Four Gravets & Gangawata Korale",Mahanuwara
Kandy,"Kandy Four Gravets & Gangawata Korale",Lewella
Kandy,"Kandy Four Gravets & Gangawata Korale",Thalwatta
Kandy,"Kandy Four Gravets & Gangawata Korale",Boowelikada
Kandy,"Kandy Four Gravets & Gangawata Korale",Malwatta
Kandy,"Kandy Four Gravets & Gangawata Korale",Bogambara
Kandy,"Kandy Four Gravets & Gangawata Korale",Deiyannewela
Kandy,"Kandy Four Gravets & Gangawata Korale",Nagasthenna
Kandy,"Kandy Four Gravets & Gangawata Korale","Suduhumpala East"
Kandy,"Kandy Four Gravets & Gangawata Korale","Suduhumpala West"
Kandy,"Kandy Four Gravets & Gangawata Korale",Welata
Kandy,"Kandy Four Gravets & Gangawata Korale","Aniwatta West"
Kandy,"Kandy Four Gravets & Gangawata Korale",Getambe
Kandy,"Kandy Four Gravets & Gangawata Korale","Pahala Eriyagama"
Kandy,"Kandy Four Gravets & Gangawata Korale",Godagandeniya
Kandy,"Kandy Four Gravets & Gangawata Korale","Palle Peradeniya"
Kandy,"Kandy Four Gravets & Gangawata Korale","Uda Bowala"
Kandy,"Kandy Four Gravets & Gangawata Korale",Bowala
Kandy,"Kandy Four Gravets & Gangawata Korale",Mulgampala
Kandy,"Kandy Four Gravets & Gangawata Korale",Heeressagala
Kandy,"Kandy Four Gravets & Gangawata Korale","Hanthana Pedesa"
Kandy,"Kandy Four Gravets & Gangawata Korale","Ampitiya South"
Kandy,"Kandy Four Gravets & Gangawata Korale","Ampitiya North"
Kandy,"Kandy Four Gravets & Gangawata Korale","Ampitiya Udagama North"
Kandy,"Kandy Four Gravets & Gangawata Korale",Thennakumbura
Kandy,"Kandy Four Gravets & Gangawata Korale","Ampitiya Pallegama"
Kandy,"Kandy Four Gravets & Gangawata Korale",Meddegama
Kandy,"Kandy Four Gravets & Gangawata Korale","Ampitiya Udagama South"
Kandy,"Kandy Four Gravets & Gangawata Korale",Wewathenna
Kandy,"Kandy Four Gravets & Gangawata Korale",Ulpathakumbura
Kandy,"Kandy Four Gravets & Gangawata Korale","Gurudeniya West"
Kandy,"Kandy Four Gravets & Gangawata Korale","Gurudeniya East"
Kandy,"Kandy Four Gravets & Gangawata Korale",Maligathenna
Kandy,"Kandy Four Gravets & Gangawata Korale","Gurudeniya Dambawela"
Kandy,"Kandy Four Gravets & Gangawata Korale",Lewla
Kandy,"Kandy Four Gravets & Gangawata Korale",Ketawala
Kandy,"Kandy Four Gravets & Gangawata Korale",Bowalawatta
Kandy,"Kandy Four Gravets & Gangawata Korale",Ogastawatta
Kandy,"Kandy Four Gravets & Gangawata Korale","Uda Peradeniya"
Kandy,"Kandy Four Gravets & Gangawata Korale",Hindagala
Kandy,"Kandy Four Gravets & Gangawata Korale",Mahakanda
Kandy,Harispattuwa,Amuwathdeniya
Kandy,Harispattuwa,Doranegama
Kandy,Harispattuwa,Ihagama
Kandy,Harispattuwa,Medawala
Kandy,Harispattuwa,Angoda
Kandy,Harispattuwa,Dembaralawa
Kandy,Harispattuwa,Bothota
Kandy,Harispattuwa,"Attaragama East"
Kandy,Harispattuwa,Attaragama
Kandy,Harispattuwa,Gonigoda-Palkumbura
Kandy,Harispattuwa,Gonigoda
Kandy,Harispattuwa,"Attaragama South"
Kandy,Harispattuwa,Hapugoda
Kandy,Harispattuwa,Udabokalawela
Kandy,Harispattuwa,Rajapihilla
Kandy,Harispattuwa,"Ulladupitiya East"
Kandy,Harispattuwa,"Ulladupitiya West"
Kandy,Harispattuwa,Arambegama
Kandy,Harispattuwa,Aladeniya
Kandy,Harispattuwa,Hedeniya
Kandy,Harispattuwa,Rajasinghagama
Kandy,Harispattuwa,Palkumbura
Kandy,Harispattuwa,Narangoda
Kandy,Harispattuwa,Kurundugolla
Kandy,Harispattuwa,Viguhumpola
Kandy,Harispattuwa,Hiriyalagammana
Kandy,Harispattuwa,Thittapajjala
Kandy,Harispattuwa,"Thittapajjala North"
Kandy,Harispattuwa,Nugawela
Kandy,Harispattuwa,Batuambe
Kandy,Harispattuwa,Endaruthenna
Kandy,Harispattuwa,Embulpuraya
Kandy,Harispattuwa,"Uduwawala West"
Kandy,Harispattuwa,"Uduwawala North"
Kandy,Harispattuwa,Pallebokalawela
Kandy,Harispattuwa,"Ranawana West"
Kandy,Harispattuwa,"Ranawana East"
Kandy,Harispattuwa,"Uduwawala East"
Kandy,Harispattuwa,"Senarathgama North"
Kandy,Harispattuwa,Wathuwala
Kandy,Harispattuwa,Uyanwatta
Kandy,Harispattuwa,Dadahogama
Kandy,Harispattuwa,Mapamadulla
Kandy,Harispattuwa,Malagammana
Kandy,Harispattuwa,Ruwanpuraya
Kandy,Harispattuwa,Kurunduwatta
Kandy,Harispattuwa,"Karanduwawala Ihala"
Kandy,Harispattuwa,"Karanduwawala Pahala"
Kandy,Harispattuwa,Owathenna
Kandy,Harispattuwa,"Yahalathenna West"
Kandy,Harispattuwa,"Yahalathenna Kanda"
Kandy,Harispattuwa,Kulugammana
Kandy,Harispattuwa,Uguressapitiya
Kandy,Harispattuwa,"Senarathgama South"
Kandy,Harispattuwa,Kondadeniya
Kandy,Harispattuwa,Etamurungagoda
Kandy,Harispattuwa,Yatiwawala
Kandy,Harispattuwa,Katugasthota
Kandy,Harispattuwa,Inigala
Kandy,Harispattuwa,Rathmale
Kandy,Harispattuwa,"Hamangoda North"
Kandy,Harispattuwa,"Hamangoda South"
Kandy,Harispattuwa,Uggalla
Kandy,Harispattuwa,Udadoolwala
Kandy,Harispattuwa,Kurundugahamada
Kandy,Harispattuwa,Seewaleekanda
Kandy,Harispattuwa,Mahathenna
Kandy,Harispattuwa,Bulathgolla
Kandy,Harispattuwa,"Yatihalagala Udagama"
Kandy,Harispattuwa,"Pahala Doolwala"
Kandy,Harispattuwa,Udamulla
Kandy,Harispattuwa,Gohagoda
Kandy,Harispattuwa,Wegiriya
Kandy,Harispattuwa,Polwatta
Kandy,Harispattuwa,Madapathagama
Kandy,Harispattuwa,Banwelgolla
Kandy,Harispattuwa,Narangaskumbura
Kandy,Harispattuwa,Pallemulla
Kandy,Harispattuwa,"Haloluwa Pallegama"
Kandy,Harispattuwa,Bogahakanda
Kandy,Harispattuwa,"Yatihalagala Pallegama"
Kandy,Harispattuwa,Haloluwa
Kandy,Harispattuwa,Kumburegedara
Kandy,Harispattuwa,Warathenna
Kandy,Hatharaliyadda,Paragoda
Kandy,Hatharaliyadda,"Aludeniya North"
Kandy,Hatharaliyadda,"Aludeniya South"
Kandy,Hatharaliyadda,Alakolamaditta
Kandy,Hatharaliyadda,Amboruwa
Kandy,Hatharaliyadda,Galdola
Kandy,Hatharaliyadda,"Polwatta Ihalagama"
Kandy,Hatharaliyadda,IIpemada
Kandy,Hatharaliyadda,Polwatta
Kandy,Hatharaliyadda,Dunkumbura
Kandy,Hatharaliyadda,Nikathenna
Kandy,Hatharaliyadda,Narangaspitiya
Kandy,Hatharaliyadda,Godathale
Kandy,Hatharaliyadda,Kalotuwawa
Kandy,Hatharaliyadda,"Dedunupitiya Pahalagama"
Kandy,Hatharaliyadda,Damunupola
Kandy,Hatharaliyadda,Pallepola
Kandy,Hatharaliyadda,Welagama
Kandy,Hatharaliyadda,Weligodapola
Kandy,Hatharaliyadda,Hatharaliyadda
Kandy,Hatharaliyadda,"Kanakkarapola North"
Kandy,Hatharaliyadda,Mawathagama
Kandy,Hatharaliyadda,Imbulethenna
Kandy,Hatharaliyadda,"Welivita Ihala North"
Kandy,Hatharaliyadda,"Welivita Ihalagama"
Kandy,Hatharaliyadda,Sivurupitiya
Kandy,Hatharaliyadda,Eramuduliyadda
Kandy,Hatharaliyadda,Muruddeniya
Kandy,Hatharaliyadda,"Walpalagolla North"
Kandy,Hatharaliyadda,"Walpalagolla East"
Kandy,Hatharaliyadda,"Walpalagolla South"
Kandy,Hatharaliyadda,"Welivita Pahalagama"
Kandy,Hatharaliyadda,Handabowa
Kandy,Hatharaliyadda,Meegasthenna
Kandy,Hatharaliyadda,"Kanakkarapola South"
Kandy,Hatharaliyadda,Avulbodale
Kandy,Hatharaliyadda,Lechchimimenila
Kandy,Hatharaliyadda,Yaggala
Kandy,Hatharaliyadda,Rangamuwa
Kandy,Hatharaliyadda,"Dedunupitiya Ihalagama"
Kandy,Hatharaliyadda,Ambawa
Kandy,Hatharaliyadda,"Dehideniya Madige"
Kandy,Hatharaliyadda,"Pelena Pahalagama"
Kandy,Hatharaliyadda,Pelena
Kandy,Hatharaliyadda,Kandemeeya
Kandy,Hatharaliyadda,"Alagalla Pahalagama"
Kandy,Hatharaliyadda,"Alagalla  Ihala"
Kandy,Hatharaliyadda,Mudagammana
Kandy,Hatharaliyadda,"Pattapola Ihala"
Kandy,Hatharaliyadda,"Pattapola Pahalagama"
Kandy,Hatharaliyadda,"Welivita Pahalagama South"
Kandy,Hatharaliyadda,Andiyathenna
Kandy,Hatharaliyadda,Kolugala
Kandy,Hatharaliyadda,"Kolugala Pahalagama"
Kandy,Hatharaliyadda,Kithuldora
Kandy,Hatharaliyadda,"Aluthgama Pahala"
Kandy,Hatharaliyadda,"Aluthgama Ihala"
Kandy,Yatinuwara,"Alagalla Watta"
Kandy,Yatinuwara,"Kirimetiya Watta"
Kandy,Yatinuwara,"Pahala Yatigammana"
Kandy,Yatinuwara,Yatigammana
Kandy,Yatinuwara,Thismada
Kandy,Yatinuwara,"Kotaligoda North"
Kandy,Yatinuwara,"Udawela Nadithalawa"
Kandy,Yatinuwara,"Udawela Pallemaditta"
Kandy,Yatinuwara,Wathurakumbura
Kandy,Yatinuwara,Gurugama
Kandy,Yatinuwara,"Dehianga North"
Kandy,Yatinuwara,Kobbekaduwa
Kandy,Yatinuwara,"Ihala Kobbekaduwa"
Kandy,Yatinuwara,"Pelawa Ihalagama"
Kandy,Yatinuwara,Yahalathenna
Kandy,Yatinuwara,"Pelawa Ihala Meda"
Kandy,Yatinuwara,"Pelawa Pahalagama"
Kandy,Yatinuwara,"Gannoruwa West"
Kandy,Yatinuwara,"Dehigama East"
Kandy,Yatinuwara,"Dehigama South"
Kandy,Yatinuwara,"Dehigama North"
Kandy,Yatinuwara,"Dehianga South"
Kandy,Yatinuwara,"Pahala Dodamwala"
Kandy,Yatinuwara,"Ihala Dodamwala"
Kandy,Yatinuwara,"Udawela Pahalagama"
Kandy,Yatinuwara,Munwathugoda
Kandy,Yatinuwara,Walgampaya
Kandy,Yatinuwara,Bathgoda
Kandy,Yatinuwara,"Doluwa East"
Kandy,Yatinuwara,"Doluwa West"
Kandy,Yatinuwara,"Kotaligoda South"
Kandy,Yatinuwara,Menikdiwela
Kandy,Yatinuwara,Pottepitiya
Kandy,Yatinuwara,"Ihala Alagalla"
Kandy,Yatinuwara,Godigamuwa
Kandy,Yatinuwara,"Motana Dekinda"
Kandy,Yatinuwara,Gondeniya
Kandy,Yatinuwara,Madiligama
Kandy,Yatinuwara,Udarathmeewala
Kandy,Yatinuwara,"Pahala Rathmeewala"
Kandy,Yatinuwara,Deldeniya
Kandy,Yatinuwara,Walgowwagoda
Kandy,Yatinuwara,Kavudupana
Kandy,Yatinuwara,Haliyadda
Kandy,Yatinuwara,Danthure
Kandy,Yatinuwara,Siyambalagoda
Kandy,Yatinuwara,Parakatawella
Kandy,Yatinuwara,Imbulmalgama
Kandy,Yatinuwara,Diyapalagoda
Kandy,Yatinuwara,Mangalagama
Kandy,Yatinuwara,Karuwalawatta
Kandy,Yatinuwara,"Gannoruwa Central"
Kandy,Yatinuwara,"Dehideniya West"
Kandy,Yatinuwara,Sooriyagoda
Kandy,Yatinuwara,Malgammana
Kandy,Yatinuwara,Moladanda
Kandy,Yatinuwara,Giragama
Kandy,Yatinuwara,"Arambegama East"
Kandy,Yatinuwara,Kudaoya
Kandy,Yatinuwara,Kurunduwatta
Kandy,Yatinuwara,"Kandangama North"
Kandy,Yatinuwara,Mamudawala
Kandy,Yatinuwara,Maligathenna
Kandy,Yatinuwara,Ketakumbura
Kandy,Yatinuwara,Amunupura
Kandy,Yatinuwara,"Moragolla Mahakanda"
Kandy,Yatinuwara,Balana
Kandy,Yatinuwara,Weralugolla
Kandy,Yatinuwara,"Pahala Mudaliwatta"
Kandy,Yatinuwara,Mudaliwatta
Kandy,Yatinuwara,Panabokka
Kandy,Yatinuwara,"Kandangama South"
Kandy,Yatinuwara,Kotabogoda
Kandy,Yatinuwara,Urapola
Kandy,Yatinuwara,"Arambegama West"
Kandy,Yatinuwara,"Embilmeegama North"
Kandy,Yatinuwara,Ranawana
Kandy,Yatinuwara,Bulumulla
Kandy,Yatinuwara,Pilapitiya
Kandy,Yatinuwara,"Kiribathkumbura East"
Kandy,Yatinuwara,"Dehideniya East"
Kandy,Yatinuwara,Kendakaduwa
Kandy,Yatinuwara,"Gannoruwa East"
Kandy,Yatinuwara,"Uda Eriyagama East"
Kandy,Yatinuwara,"Uda Eriyagama West"
Kandy,Yatinuwara,"Edanduwawa East"
Kandy,Yatinuwara,"Edanduwawa West"
Kandy,Yatinuwara,"Kiribathkumbura West"
Kandy,Yatinuwara,"Embilmeegama South"
Kandy,Yatinuwara,Govindala
Kandy,Yatinuwara,Pilimathalawa
Kandy,Yatinuwara,Ilukwatta
Kandy,Yatinuwara,Madarangoda
Kandy,Yatinuwara,Kadawathgama
Kandy,Yatinuwara,"Kadugannawa Town"
Kandy,Udunuwara,Gangoda
Kandy,Udunuwara,"Gangoda North"
Kandy,Udunuwara,Werellamana
Kandy,Udunuwara,Thalawatta
Kandy,Udunuwara,Boyagama
Kandy,Udunuwara,"Gangoda South"
Kandy,Udunuwara,"Gadaladeniya North"
Kandy,Udunuwara,"Kiriwawula East"
Kandy,Udunuwara,"Kiriwawula West"
Kandy,Udunuwara,Alanduwaka
Kandy,Udunuwara,"Pahala Koorukuttala"
Kandy,Udunuwara,"Ihala Koorukuttala"
Kandy,Udunuwara,Belungala
Kandy,Udunuwara,Lagamuwa
Kandy,Udunuwara,Mathgamuwa
Kandy,Udunuwara,Urulewatta
Kandy,Udunuwara,Warakagoda
Kandy,Udunuwara,Hepana
Kandy,Udunuwara,"Gadaladeniya South"
Kandy,Udunuwara,Deliwala
Kandy,Udunuwara,"Pamunuwa West"
Kandy,Udunuwara,"Pamunuwa East"
Kandy,Udunuwara,Mampitiya
Kandy,Udunuwara,Rajagiriya
Kandy,Udunuwara,"Hendeniya West"
Kandy,Udunuwara,"Hendeniya East"
Kandy,Udunuwara,Penideniya
Kandy,Udunuwara,Sangabogama
Kandy,Udunuwara,Meewathura
Kandy,Udunuwara,"Angunawala East"
Kandy,Udunuwara,"Angunawala West"
Kandy,Udunuwara,"Yalegoda East"
Kandy,Udunuwara,"Yalegoda West"
Kandy,Udunuwara,"Alapalawala East"
Kandy,Udunuwara,"Alapalawala west"
Kandy,Udunuwara,Walgama
Kandy,Udunuwara,"Rabbegamuwa North"
Kandy,Udunuwara,"Rabbegamuwa South"
Kandy,Udunuwara,"Hiddavulla East"
Kandy,Udunuwara,Ganguldeniya
Kandy,Udunuwara,Wattappola
Kandy,Udunuwara,"Walagedara North"
Kandy,Udunuwara,Udagama
Kandy,Udunuwara,Aluthkanda
Kandy,Udunuwara,Sadikkawatta
Kandy,Udunuwara,Kovilakanda
Kandy,Udunuwara,"Walagedara South"
Kandy,Udunuwara,Nikahetiya
Kandy,Udunuwara,Panabokka
Kandy,Udunuwara,"Hiddavulla West"
Kandy,Udunuwara,Hiyarapitiya
Kandy,Udunuwara,Heeyawala
Kandy,Udunuwara,Imbuldeniya
Kandy,Udunuwara,Naranwala
Kandy,Udunuwara,"Handessa "
Kandy,Udunuwara,"Piligalla West"
Kandy,Udunuwara,"Piligalla East"
Kandy,Udunuwara,"Godapola West"
Kandy,Udunuwara,"Godapola East"
Kandy,Udunuwara,Kamburadeniya
Kandy,Udunuwara,Meewaladeniya
Kandy,Udunuwara,Arattana
Kandy,Udunuwara,Davulagala
Kandy,Udunuwara,Aravuwawala
Kandy,Udunuwara,Rangama
Kandy,Udunuwara,Wathupola
Kandy,Udunuwara,Manikkawa
Kandy,Udunuwara,Elpitikanda
Kandy,Udunuwara,Kooradeniya
Kandy,Udunuwara,Ambanwala
Kandy,Udunuwara,"Werawala east"
Kandy,Udunuwara,"Werawala West"
Kandy,Udunuwara,Siyambalagoda
Kandy,Udunuwara,Meddegoda
Kandy,Udunuwara,Embekka
Kandy,Udunuwara,Ambarapola
Kandy,Udunuwara,"Eladetta West"
Kandy,Udunuwara,"Ihala Pethiyagoda"
Kandy,Udunuwara,"Pethiyagoda West"
Kandy,Udunuwara,"Pethiyagoda East"
Kandy,Udunuwara,"Palle Aludeniya"
Kandy,Udunuwara,"Karamada North"
Kandy,Udunuwara,"Nawa Peradeniya"
Kandy,Udunuwara,"Karamada South"
Kandy,Udunuwara,"Nawa Elpitiya North"
Kandy,Udunuwara,"Gelioya "
Kandy,Udunuwara,"Dehipagoda West"
Kandy,Udunuwara,"Dehipagoda East"
Kandy,Udunuwara,"Eladetta East"
Kandy,Udunuwara,Hathnagoda
Kandy,Udunuwara,Ketakumbura
Kandy,Udunuwara,Boowelikada
Kandy,Udunuwara,Dodamdeniya
Kandy,Udunuwara,Batupitiya
Kandy,Udunuwara,Bambaradeniya
Kandy,Udunuwara,Pilapitiya
Kandy,Udunuwara,Rangoda
Kandy,Udunuwara,Ambagasthenna
Kandy,Udunuwara,Welamboda
Kandy,Udunuwara,"Liyangaha Watta"
Kandy,Udunuwara,"Maveekumbura North"
Kandy,Udunuwara,"Maveekumbura South"
Kandy,Udunuwara,Watadeniya
Kandy,Udunuwara,Viharagama
Kandy,Udunuwara,Ganhatha
Kandy,Udunuwara,Daskara
Kandy,Udunuwara,"Wegiriya East"
Kandy,Udunuwara,Thalawathura
Kandy,Udunuwara,Muruthagahamula
Kandy,Udunuwara,Pitawalawatta
Kandy,Udunuwara,"Nava Elpitiya South"
Kandy,Udunuwara,Polgahaanga
Kandy,Udunuwara,Delgahapitiya
Kandy,Udunuwara,Weligalla
Kandy,Udunuwara,"Uda Aludeniya"
Kandy,Udunuwara,Palkumbura
Kandy,Udunuwara,Lunugama
Kandy,Udunuwara,Hondiyadeniya
Kandy,Udunuwara,"Wegiriya West"
Kandy,Udunuwara,Kotagaloluwa
Kandy,Udunuwara,Deldeniya
Kandy,Udunuwara,Dihitideniya
Kandy,Udunuwara,"Appallagoda East"
Kandy,Udunuwara,"Appallagoda West"
Kandy,Doluwa,Galoya
Kandy,Doluwa,Haloya
Kandy,Doluwa,Wariyagala
Kandy,Doluwa,"Megoda Kalugamuwa"
Kandy,Doluwa,Ganegoda
Kandy,Doluwa,Godawela
Kandy,Doluwa,"Nawa Gurukule"
Kandy,Doluwa,Nillamba
Kandy,Doluwa,"Nawa Nillamba"
Kandy,Doluwa,Palledelthota
Kandy,Doluwa,Gurukule
Kandy,Doluwa,Lagumdeniya
Kandy,Doluwa,Orayanwatta
Kandy,Doluwa,Doluwa
Kandy,Doluwa,Inguruwatta
Kandy,Doluwa,Naranvita
Kandy,Doluwa,Atuwewatta
Kandy,Doluwa,Gampolawatta
Kandy,Doluwa,Wewathenna
Kandy,Doluwa,Thundeniya
Kandy,Doluwa,Kahawatta
Kandy,Doluwa,Gothatuwela
Kandy,Doluwa,Millagahamula
Kandy,Doluwa,Pambadeniya
Kandy,Doluwa,Panvilathenna
Kandy,Doluwa,Masgolla
Kandy,Doluwa,Thumpelawaka
Kandy,Doluwa,Mulgama
Kandy,Doluwa,Ududeniya
Kandy,Doluwa,Hunugala
Kandy,Doluwa,Rajathalawa
Kandy,Doluwa,Pupuressa
Kandy,Doluwa,Pitawala
Kandy,Pathahewaheta,"Uduwelawatta Colony"
Kandy,Pathahewaheta,Galthenna
Kandy,Pathahewaheta,Wathuliyedda
Kandy,Pathahewaheta,Monarangala
Kandy,Pathahewaheta,Nehiniwela
Kandy,Pathahewaheta,Godompitiya
Kandy,Pathahewaheta,Hippola
Kandy,Pathahewaheta,Kossinna
Kandy,Pathahewaheta,"Thalathuoya West"
Kandy,Pathahewaheta,Pussathenna
Kandy,Pathahewaheta,Pinnagolla
Kandy,Pathahewaheta,Singharagama
Kandy,Pathahewaheta,Haragama
Kandy,Pathahewaheta,"Kapuliyadda Esat"
Kandy,Pathahewaheta,"Kapuliyadda West"
Kandy,Pathahewaheta,Doolmure
Kandy,Pathahewaheta,"Bootawatta North"
Kandy,Pathahewaheta,"Thalathuoya East"
Kandy,Pathahewaheta,Ankelipitiya
Kandy,Pathahewaheta,Batagalla
Kandy,Pathahewaheta,"Ethulgama East"
Kandy,Pathahewaheta,"Ethulgama North"
Kandy,Pathahewaheta,"Uduwela Pallegama East"
Kandy,Pathahewaheta,"Uduwela Pallegama West"
Kandy,Pathahewaheta,"Uduwela Pallegama South"
Kandy,Pathahewaheta,"Uduwela Udagama West"
Kandy,Pathahewaheta,"Uduwela Udagama East"
Kandy,Pathahewaheta,Ratemulla
Kandy,Pathahewaheta,Pooliyadda
Kandy,Pathahewaheta,"Ethulgama West"
Kandy,Pathahewaheta,"Ethulgama South"
Kandy,Pathahewaheta,"Haputhale Egodagama"
Kandy,Pathahewaheta,"Haputhale Udagama"
Kandy,Pathahewaheta,Moragolla
Kandy,Pathahewaheta,"Haputhale Pallegama"
Kandy,Pathahewaheta,"Nugaliyadda Ihala"
Kandy,Pathahewaheta,"Nugaliyadda Pahala"
Kandy,Pathahewaheta,"Bootawatta South"
Kandy,Pathahewaheta,"Godamunna West"
Kandy,Pathahewaheta,Narangasthenna
Kandy,Pathahewaheta,Godalawela
Kandy,Pathahewaheta,Bolepa
Kandy,Pathahewaheta,"Pathamailapitiya South"
Kandy,Pathahewaheta,"Pathamailapitiya North"
Kandy,Pathahewaheta,"Udamailapitiya North"
Kandy,Pathahewaheta,Damunugolla
Kandy,Pathahewaheta,Marassana
Kandy,Pathahewaheta,"Madadeniya "
Kandy,Pathahewaheta,Welegama
Kandy,Pathahewaheta,"Godamunna East"
Kandy,Pathahewaheta,Letiyagolla
Kandy,Pathahewaheta,Sriyagama
Kandy,Pathahewaheta,"Medagama Udagama"
Kandy,Pathahewaheta,"Medagama Pallegama"
Kandy,Pathahewaheta,Kandewela
Kandy,Pathahewaheta,Elikewela
Kandy,Pathahewaheta,Meeruppa
Kandy,Pathahewaheta,Kethigannawela
Kandy,Pathahewaheta,"Udamailapitiya South"
Kandy,Pathahewaheta,Galagoda
Kandy,Pathahewaheta,"Hewavissa East"
Kandy,Pathahewaheta,"Hewavissa West"
Kandy,Pathahewaheta,Bawlana
Kandy,Pathahewaheta,Oluwawatta
Kandy,Pathahewaheta,Kiriwanagoda
Kandy,Pathahewaheta,"Ududeniya Madige"
Kandy,Pathahewaheta,"Unuvinna East"
Kandy,Pathahewaheta,"Unuvinna West"
Kandy,Pathahewaheta,Ududeniya
Kandy,Pathahewaheta,Bopitiya
Kandy,Pathahewaheta,Pothgoda
Kandy,Pathahewaheta,Kahambiliyawa
Kandy,Pathahewaheta,Neelawala
Kandy,Delthota,"Perawatta West"
Kandy,Delthota,"Perawatta East"
Kandy,Delthota,Palugama
Kandy,Delthota,Udadelthota
Kandy,Delthota,Galaha
Kandy,Delthota,Suduwella
Kandy,Delthota,Greatweliya
Kandy,Delthota,"Bawlanawatta Janapadaya"
Kandy,Delthota,Maussawa
Kandy,Delthota,"Wanahapuwa "
Kandy,Delthota,"Bopitiya Nagaraya"
Kandy,Delthota,Medakekila
Kandy,Delthota,"Kargaskada South"
Kandy,Delthota,"Karagaskada North"
Kandy,Delthota,Gonangoda
Kandy,Delthota,Kandegama
Kandy,Delthota,Wetakepotha
Kandy,Delthota,"Pattiyagama Pallegama"
Kandy,Delthota,Kiriwanaketiya
Kandy,Delthota,"Kolombissa West"
Kandy,Delthota,"Murapola Wast"
Kandy,Delthota,"Murapola East"
Kandy,Delthota,"Kolambissa East"
Kandy,Delthota,Nawaneliya
Kandy,Delthota,Kotagepitiya
Kandy,Delthota,Wadiyagoda
Kandy,Delthota,"Pattiyagama Udagama"
Kandy,Delthota,"Pattiyagama Gabadagama North"
Kandy,Delthota,"Pattiyagama Gabadagama South"
Kandy,Udapalatha,"Egoda Kalugamuwa"
Kandy,Udapalatha,Udovita
Kandy,Udapalatha,Kirinda
Kandy,Udapalatha,Galgediyawa
Kandy,Udapalatha,Ranawala
Kandy,Udapalatha,Bowala
Kandy,Udapalatha,"Rathmalkaduwa "
Kandy,Udapalatha,Hapugaspitiya
Kandy,Udapalatha,Unambuwa
Kandy,Udapalatha,Ilangawatta
Kandy,Udapalatha,Kahatapitiya
Kandy,Udapalatha,Bothalapitiya
Kandy,Udapalatha,"Gampola East"
Kandy,Udapalatha,"Mount Temple"
Kandy,Udapalatha,Keerapane
Kandy,Udapalatha,"Sinhapitiya North"
Kandy,Udapalatha,"Sinhapitiya South"
Kandy,Udapalatha,"Gampola West"
Kandy,Udapalatha,Polkumbura
Kandy,Udapalatha,Illawathura
Kandy,Udapalatha,"Angammana East"
Kandy,Udapalatha,"Angammana West"
Kandy,Udapalatha,"Aregoda "
Kandy,Udapalatha,Kurukude
Kandy,Udapalatha,Kudamake
Kandy,Udapalatha,Godagama
Kandy,Udapalatha,Jayamalapura
Kandy,Udapalatha,Amunupuraya
Kandy,Udapalatha,Wattehena
Kandy,Udapalatha,Millagaspitiya
Kandy,Udapalatha,Udagama
Kandy,Udapalatha,Hunukotugama
Kandy,Udapalatha,Dunukeulla
Kandy,Udapalatha,Wanahapuwa
Kandy,Udapalatha,Ihalagama
Kandy,Udapalatha,Paradeka
Kandy,Udapalatha,Amuhena
Kandy,Udapalatha,Delpitiya
Kandy,Udapalatha,Nawadevita
Kandy,Udapalatha,Galatha
Kandy,Udapalatha,Pallegama
Kandy,Udapalatha,Pussellawa
Kandy,Udapalatha,Wahugapitiya
Kandy,Udapalatha,Pussellawagama
Kandy,Udapalatha,Doragala
Kandy,Udapalatha,Kekulanda
Kandy,Udapalatha,Weliganga
Kandy,Udapalatha,Kalugalhinna
Kandy,Udapalatha,Mawathura
Kandy,"Ganga Ihala Korale",Kohowala
Kandy,"Ganga Ihala Korale",Polmalagama
Kandy,"Ganga Ihala Korale",Galpaya
Kandy,"Ganga Ihala Korale",Herakola
Kandy,"Ganga Ihala Korale",Wallahagoda
Kandy,"Ganga Ihala Korale",Maligapurana
Kandy,"Ganga Ihala Korale",Gampolawela
Kandy,"Ganga Ihala Korale","Ethgala North"
Kandy,"Ganga Ihala Korale",Thembiligala
Kandy,"Ganga Ihala Korale","Pellapitiya North"
Kandy,"Ganga Ihala Korale",Malwattagama
Kandy,"Ganga Ihala Korale",Giraulla
Kandy,"Ganga Ihala Korale",Karagala
Kandy,"Ganga Ihala Korale",Watakedeniya
Kandy,"Ganga Ihala Korale",Uduwella
Kandy,"Ganga Ihala Korale",Patithalawa
Kandy,"Ganga Ihala Korale","Kelly Group"
Kandy,"Ganga Ihala Korale",Alugolla
Kandy,"Ganga Ihala Korale",Gemunupura
Kandy,"Ganga Ihala Korale",Yatapana
Kandy,"Ganga Ihala Korale","Pellapitiya South"
Kandy,"Ganga Ihala Korale","Ulapane North"
Kandy,"Ganga Ihala Korale",Udagama
Kandy,"Ganga Ihala Korale","Ethgala West"
Kandy,"Ganga Ihala Korale","Ethgala East"
Kandy,"Ganga Ihala Korale",Sinhapura
Kandy,"Ganga Ihala Korale","Ulapane South"
Kandy,"Ganga Ihala Korale",Pitakanda
Kandy,"Ganga Ihala Korale","Udahenthenna "
Kandy,"Ganga Ihala Korale",Rakshawa
Kandy,"Ganga Ihala Korale",Miyanagolla
Kandy,"Pasbage Korale",Pallegama
Kandy,"Pasbage Korale",Warakawa
Kandy,"Pasbage Korale",Weligodawatta
Kandy,"Pasbage Korale",Dandubediruppa
Kandy,"Pasbage Korale",Penithuduwa
Kandy,"Pasbage Korale","Pahala Rambukpitiya"
Kandy,"Pasbage Korale","Uda Rambukpitiya"
Kandy,"Pasbage Korale","Balanthota North"
Kandy,"Pasbage Korale",Weligampola
Kandy,"Pasbage Korale",Karahandungala
Kandy,"Pasbage Korale","Nawalapitiya South"
Kandy,"Pasbage Korale","Nawalapitiya North"
Kandy,"Pasbage Korale","Nawalapitiya West"
Kandy,"Pasbage Korale","Nawalapitiya East"
Kandy,"Pasbage Korale",Imbulpitiya
Kandy,"Pasbage Korale",Greenwood
Kandy,"Pasbage Korale",Bawwagama
Kandy,"Pasbage Korale",Kendopitiya
Kandy,"Pasbage Korale",Aluthgama
Kandy,"Pasbage Korale","Balanthota South"
Kandy,"Pasbage Korale",Dekinda
Kandy,"Pasbage Korale","Mapakanda North"
Kandy,"Pasbage Korale","Inguruoya North"
Kandy,"Pasbage Korale",Kadiyanlena
Kandy,"Pasbage Korale",Westhole
Kandy,"Pasbage Korale","Inguruoya South"
Kandy,"Pasbage Korale","Mapakanda South"
Kandy,"Pasbage Korale",Wewegama
Kandy,"Pasbage Korale",Hydree
Matale,Galewela,Wetakoluwewa
Matale,Galewela,"Dewahoowa Colony 2"
Matale,Galewela,Makulugaswewa
Matale,Galewela,Ibbankatuwa
Matale,Galewela,Thalakiriyagama
Matale,Galewela,Thennakonpura
Matale,Galewela,Dandubendiruppa
Matale,Galewela,"Dewahoowa Colony 1"
Matale,Galewela,Bulanawewa
Matale,Galewela,"Pahala Diggala"
Matale,Galewela,Meewalapathaha
Matale,Galewela,"Pahala Wewa"
Matale,Galewela,Yatigalpotta
Matale,Galewela,Kumbukgolla
Matale,Galewela,Kosgahahinna
Matale,Galewela,Ralalerotawewa
Matale,Galewela,Moragolla
Matale,Galewela,Pibidunugama
Matale,Galewela,Aluthwewa
Matale,Galewela,Bambaragaswewa
Matale,Galewela,Beliyakanda
Matale,Galewela,Silwathgama
Matale,Galewela,Walaswewa
Matale,Galewela,Galapamula
Matale,Galewela,Damunumulla
Matale,Galewela,Pattiwela
Matale,Galewela,Nilagama
Matale,Galewela,Hombawa
Matale,Galewela,"Palu Hombawa"
Matale,Galewela,Dambawatawana
Matale,Galewela,Puwakpitiya
Matale,Galewela,Weragalawatta
Matale,Galewela,Nabadagahawatta
Matale,Galewela,"Galewela Town"
Matale,Galewela,Pathkolagolla
Matale,Galewela,Kospotha
Matale,Galewela,Ranwediyawa
Matale,Galewela,"Pahala Bambawa"
Matale,Galewela,Danduyaya
Matale,Galewela,Dambagolla
Matale,Galewela,"Ihala Bambawa"
Matale,Galewela,Siyambalagahawela
Matale,Galewela,Pihilyaya
Matale,Galewela,"Medabedda North"
Matale,Galewela,Divulgaskotuwa
Matale,Galewela,Hathadukkuwa
Matale,Galewela,Beligamuwa
Matale,Galewela,"Medabedda South"
Matale,Galewela,Wahakotte
Matale,Galewela,Galgodayaya
Matale,Galewela,Palapathwala
Matale,Galewela,Dembawa
Matale,Galewela,Elamalpotha
Matale,Galewela,Yatiwehera
Matale,Galewela,Lenawala
Matale,Galewela,Hewanwela
Matale,Galewela,Wegodapola
Matale,Galewela,Madipola
Matale,Galewela,Madipola
Matale,Dambulla,"Siyambala Wewa"
Matale,Dambulla,Avudangawa
Matale,Dambulla,Gedigaswalana
Matale,Dambulla,Pidurangala
Matale,Dambulla,Thalkote
Matale,Dambulla,Digampathaha
Matale,Dambulla,Inamaluwa
Matale,Dambulla,Nagalawewa
Matale,Dambulla,Pothana
Matale,Dambulla,Kimbissa
Matale,Dambulla,Egodawewa
Matale,Dambulla,Palutawa
Matale,Dambulla,Sigiriya
Matale,Dambulla,Mailattawa
Matale,Dambulla,"Pol  Attawa"
Matale,Dambulla,Nikawatawana
Matale,Dambulla,Kumbukkandanwala
Matale,Dambulla,Bellanneoya
Matale,Dambulla,Rathmalkatuwa
Matale,Dambulla,Welihena
Matale,Dambulla,Etawarahena
Matale,Dambulla,Pallegama
Matale,Dambulla,Bulagala
Matale,Dambulla,Pelvehera
Matale,Dambulla,Kandalama
Matale,Dambulla,"Pahala Erevula"
Matale,Dambulla,"Ihala Ereula"
Matale,Dambulla,Welangolla
Matale,Dambulla,"Wewala Wewa"
Matale,Dambulla,"Yakkuragala North"
Matale,Dambulla,Vilhatha
Matale,Dambulla,Athuparayaya
Matale,Dambulla,"Pahala Wewa"
Matale,Dambulla,"Dambulla Town"
Matale,Dambulla,Dambulugama
Matale,Dambulla,"Haluapullana Wewa"
Matale,Dambulla,Pohoranwewa
Matale,Dambulla,Yapagama
Matale,Dambulla,"Rathmalgaha Ela"
Matale,Dambulla,"Yakkuragala south"
Matale,Dambulla,"Kalundewa Aluthgama"
Matale,Dambulla,"Angunawel pelessa"
Matale,Dambulla,"Kalogaha Ela"
Matale,Dambulla,Thittawelgolla
Matale,Dambulla,Moragollewa
Matale,Dambulla,Kapuwatta
Matale,Dambulla,Kiralagolla
Matale,Dambulla,Wavulambe
Matale,Dambulla,Embulambe
Matale,Dambulla,"Puwak Attawala"
Matale,Dambulla,"Kalundewa Paranagama"
Matale,Dambulla,Walgamwewa
Matale,Dambulla,Kiralessa
Matale,Dambulla,Pannampitiya
Matale,Dambulla,Welamitiyawa
Matale,Dambulla,"Etha Bendiwewa"
Matale,Dambulla,"Lenadora North"
Matale,Dambulla,"Lenadora South"
Matale,Dambulla,Nayakumbura
Matale,Naula,Ussattawa
Matale,Naula,Nikula
Matale,Naula,Serudandapola
Matale,Naula,Haduwa
Matale,Naula,Bambaragahawatta
Matale,Naula,Dambagolla
Matale,Naula,Helambagahawatta
Matale,Naula,Pubbiliya
Matale,Naula,Thalagoda
Matale,Naula,Maragamuwa
Matale,Naula,Haduwela
Matale,Naula,Dodamattawela
Matale,Naula,Karavilahena
Matale,Naula,Bobella
Matale,Naula,Bibila
Matale,Naula,Murutholuwa
Matale,Naula,Mailpitiya
Matale,Naula,Wewattawa
Matale,Naula,Penalaboda
Matale,Naula,Naula
Matale,Naula,"Meegaha Ela"
Matale,Naula,"Bowathenna Watta"
Matale,Naula,Koombiyangahaela
Matale,Naula,"Millagahamulla Thenna"
Matale,Naula,Kongahawela
Matale,Naula,Rajawela
Matale,Naula,"Gan Imayaya"
Matale,Naula,Moragahamada
Matale,Naula,"Pilihudugolla Pahalagama"
Matale,Naula,"Pilihudugolla Ihalagama"
Matale,Naula,Arangala
Matale,Naula,Habaragahamada
Matale,Naula,Elhena
Matale,Naula,Diyankaduwa
Matale,Naula,Alugolla
Matale,Naula,Nalanda
Matale,Naula,Wambatuyaya
Matale,Naula,Meegolla
Matale,Naula,Ududeniya
Matale,Naula,Hapugasyaya
Matale,Naula,Lihinipitiya
Matale,Naula,Senagama
Matale,Naula,Andawala
Matale,Naula,Opalgala
Matale,Naula,Ambana
Matale,Naula,Moragolla
Matale,Naula,Galboda
Matale,Pallepola,Janakagama
Matale,Pallepola,"Nilannoruwa Colony"
Matale,Pallepola,Aluthgama
Matale,Pallepola,"Demada Oya"
Matale,Pallepola,Mananwatta
Matale,Pallepola,Nilannoruwa
Matale,Pallepola,Thalakiriyawa
Matale,Pallepola,Kirioruwa
Matale,Pallepola,Kosgolla
Matale,Pallepola,Nagahapola
Matale,Pallepola,Bomeruwa
Matale,Pallepola,Kobbevehera
Matale,Pallepola,"Millawana Pahalagama"
Matale,Pallepola,"Millawana Medagama_x000D_
Meadagama"
Matale,Pallepola,Kandewatta
Matale,Pallepola,Mahayayawatta
Matale,Pallepola,Medalanda
Matale,Pallepola,Walmoruwa
Matale,Pallepola,Moragaspitiya
Matale,Pallepola,Akuramboda
Matale,Pallepola,Dewarammulla
Matale,Pallepola,"Millawana Ihalagama"
Matale,Pallepola,Ambokka
Matale,Pallepola,"Maningamuwa West"
Matale,Pallepola,"Maningamuwa East"
Matale,Pallepola,Koswatta
Matale,Pallepola,Ekamuthugama
Matale,Pallepola,Ambokudena
Matale,Pallepola,Koholanwala
Matale,Pallepola,Udurampelessa
Matale,Pallepola,Ehelepola
Matale,Pallepola,"Pallepola North"
Matale,Pallepola,Monaravila
Matale,Pallepola,Galahitiyagama
Matale,Pallepola,"Rusigama Ihalagama"
Matale,Pallepola,"Rusigama Pahalagama"
Matale,Pallepola,"Pallepola South"
Matale,Pallepola,Kinigama
Matale,Pallepola,Paldeniya
Matale,Pallepola,Dodamgasyaya
Matale,Pallepola,Ariyagama
Matale,Pallepola,Polwatta
Matale,Pallepola,"Thembilideniya North"
Matale,Pallepola,Dimbulgamuwa
Matale,"Yatawatta ","Udagama West"
Matale,"Yatawatta ",Selagama
Matale,"Yatawatta ","Selagama East"
Matale,"Yatawatta ",Thembilideniya
Matale,"Yatawatta ","Mathale- North"
Matale,"Yatawatta ",Kavudupelella
Matale,"Yatawatta ",Mahawela
Matale,"Yatawatta ","Mahawela - West"
Matale,"Yatawatta ",Delgolla
Matale,"Yatawatta ",Galagama
Matale,"Yatawatta ",Nagolla
Matale,"Yatawatta ",Udagama
Matale,"Yatawatta ",Urulewatta
Matale,"Yatawatta ",Yatawatta
Matale,"Yatawatta ",Mediyapola
Matale,"Yatawatta ",Nikagolla
Matale,"Yatawatta ",Nikagolla-North
Matale,"Yatawatta ",Dikkumbura-West
Matale,"Yatawatta ",Rathalawewa
Matale,"Yatawatta ","Dikkumbura "
Matale,"Yatawatta ",Wattegedara
Matale,"Yatawatta ",Galaliyadda
Matale,"Yatawatta ",Muruthawatta
Matale,"Yatawatta ",Deevilla-North
Matale,"Yatawatta ",Deevilla
Matale,"Yatawatta ","Dangan Place"
Matale,"Yatawatta ",Alokagama
Matale,"Yatawatta ",Walpola
Matale,"Yatawatta ",Maligathenna
Matale,"Yatawatta ",Aluthwatta
Matale,"Yatawatta ",Ambanpola
Matale,"Yatawatta ",Lakshahena
Matale,"Yatawatta ","Deevilla - South"
Matale,"Yatawatta ",Gammulla
Matale,"Yatawatta ",Mottuwela
Matale,"Yatawatta ",Udasgiriya
Matale,"Yatawatta ","Ethipallawala "
Matale,"Yatawatta ",Aluthgama-North
Matale,"Yatawatta ",Aluthgama
Matale,"Yatawatta ",Pamunuwa
Matale,"Yatawatta ",Walawela
Matale,"Yatawatta ",Unaweruwa
Matale,"Yatawatta ",Madadeniya
Matale,"Yatawatta ",Mathalapitiya
Matale,"Yatawatta ",Mathalapitiya-South
Matale,"Yatawatta ",Rathninda
Matale,"Yatawatta ","Asgiri Dorakumbura"
Matale,"Yatawatta ","Asgiri Dorakumbura-East"
Matale,"Yatawatta ",Polwatta
Matale,"Yatawatta ",Dullewa
Matale,"Yatawatta ",Dullewa-East
Matale,"Yatawatta ",Thalgahagoda
Matale,"Yatawatta ",Daluwela
Matale,"Yatawatta ",Ethipola
Matale,"Yatawatta ",Ethipola-West
Matale,Yatawatta,Idangama
Matale,Matale,Narangamuwa
Matale,Matale,"Madawala Ulpatha"
Matale,Matale,Thalagasyaya
Matale,Matale,Madawala
Matale,Matale,Rajjammana
Matale,Matale,Moragahamada
Matale,Matale,Hathamunagala
Matale,Matale,Ankanda
Matale,Matale,Puwakpitiya
Matale,Matale,Walliwela
Matale,Matale,Galwadukumbura
Matale,Matale,Dombawela
Matale,Matale,Kawatayamuna
Matale,Matale,Eriyagolla
Matale,Matale,Imbulandanda
Matale,Matale,Golahenwatta
Matale,Matale,"Parana Dombawela"
Matale,Matale,Ellepola
Matale,Matale,Palapathwala
Matale,Matale,Kottagoda
Matale,Matale,"Owala Polwatta"
Matale,Matale,Makulgaharuppa
Matale,Matale,Udugama
Matale,Matale,Kirigalpotta
Matale,Matale,Dunkalawatta
Matale,Matale,Dorakumbura
Matale,Matale,Biridewala
Matale,Matale,Aluvihare
Matale,Matale,Dikkiriya
Matale,Matale,Parawatta
Matale,Matale,Kaludewala
Matale,Matale,Mandandawela
Matale,Matale,Bogahakotuwa
Matale,Matale,Harasgama
Matale,Matale,Kandegedara
Matale,Matale,Malwatta
Matale,Matale,"Vihara Road"
Matale,Matale,"Muslim Town"
Matale,Matale,"Oya Pahala"
Matale,Matale,Gongawela
Matale,Matale,"Sinhala Town"
Matale,Matale,Dodamdeniya
Matale,Matale,"Hulangamuwa South"
Matale,Matale,"Hulangamuwa North"
Matale,Matale,Diyabubula
Matale,Matale,Maligathenna
Matale,Matale,Nagolla
Matale,Matale,Pandivita
Matale,Matale,"Pandivita Welagama"
Matale,Matale,"Kotuwegedara North"
Matale,Matale,Koombiyangoda
Matale,Matale,"Kotuwegedara South"
Matale,"Ambanganga Korale",Kumbaloluwa
Matale,"Ambanganga Korale",Gammaduwa
Matale,"Ambanganga Korale",Kalugalthenna
Matale,"Ambanganga Korale",Naguliyadda
Matale,"Ambanganga Korale",Kosgolla
Matale,"Ambanganga Korale",Imbulgolla
Matale,"Ambanganga Korale",Ranmuthugama
Matale,"Ambanganga Korale",Raithalawa
Matale,"Ambanganga Korale","Thibbatukanatha "
Matale,"Ambanganga Korale","Palle Eswedduma"
Matale,"Ambanganga Korale","Pallethenna "
Matale,"Ambanganga Korale",Pussella
Matale,"Ambanganga Korale",Sirangahawatta
Matale,"Ambanganga Korale",Kavudagammana
Matale,"Ambanganga Korale",Narangolla
Matale,"Ambanganga Korale",Hunukete
Matale,"Ambanganga Korale",Metihakka
Matale,"Ambanganga Korale",Aluthwela
Matale,"Ambanganga Korale",Cloda
Matale,"Ambanganga Korale",Gurubebila
Matale,Laggala-Pallegama,Maoya
Matale,Laggala-Pallegama,"Kandepitawela "
Matale,Laggala-Pallegama,Dewaladeniya
Matale,Laggala-Pallegama,Kaluganga
Matale,Laggala-Pallegama,Akarahediya
Matale,Laggala-Pallegama,"Hattota Amuna"
Matale,Laggala-Pallegama,"Dasgiriya "
Matale,Laggala-Pallegama,Morathenna
Matale,Laggala-Pallegama,Wellewala
Matale,Laggala-Pallegama,Weliwaranagolla
Matale,Laggala-Pallegama,Leloya
Matale,Laggala-Pallegama,Pottatawela
Matale,Laggala-Pallegama,Dammanthenna
Matale,Laggala-Pallegama,Gangalapuwakpitiya
Matale,Laggala-Pallegama,"Divulgas Pathana"
Matale,Laggala-Pallegama,Pitawala
Matale,Laggala-Pallegama,Kahagala
Matale,Laggala-Pallegama,Ilukkumbura
Matale,Laggala-Pallegama,Mahalakotuwa
Matale,Laggala-Pallegama,Galgedawala
Matale,Laggala-Pallegama,Guruwela
Matale,Laggala-Pallegama,Kivulawadiya
Matale,Laggala-Pallegama,Halminiya
Matale,Laggala-Pallegama,"Meda Ela"
Matale,Laggala-Pallegama,Rathninda
Matale,Laggala-Pallegama,Etanwala
Matale,Laggala-Pallegama,Ranamuregama
Matale,Laggala-Pallegama,Narangamuwa
Matale,Laggala-Pallegama,Lakegala
Matale,Wilgamuwa,Kumbukoya
Matale,Wilgamuwa,Thunhiriyawewa
Matale,Wilgamuwa,Palupitiya
Matale,Wilgamuwa,Rattotayaya
Matale,Wilgamuwa,Dunuvilapitiya
Matale,Wilgamuwa,Medakanda
Matale,Wilgamuwa,Aliwanguwa
Matale,Wilgamuwa,Viharagama
Matale,Wilgamuwa,Handungamuwa
Matale,Wilgamuwa,Topwalapitiya
Matale,Wilgamuwa,Gemburuoya
Matale,Wilgamuwa,Kumbukandana
Matale,Wilgamuwa,Lediyangala
Matale,Wilgamuwa,Karawgahawewa
Matale,Wilgamuwa,Radunnewewa
Matale,Wilgamuwa,Maraka
Matale,Wilgamuwa,Malgammana
Matale,Wilgamuwa,Bogahawewa
Matale,Wilgamuwa,Aliyawala
Matale,Wilgamuwa,Veheragala
Matale,Wilgamuwa,Himbiliyakada
Matale,Wilgamuwa,Hettipola
Matale,Wilgamuwa,Naminioya
Matale,Wilgamuwa,Dewagiriya
Matale,Wilgamuwa,Piduruella
Matale,Wilgamuwa,Guruwelayaya
Matale,Wilgamuwa,Naminigama
Matale,Wilgamuwa,Perakanatta
Matale,Wilgamuwa,Wilgamuwa
Matale,Wilgamuwa,Wanarawa
Matale,Wilgamuwa,Bathgampala
Matale,Wilgamuwa,Nagolla
Matale,Wilgamuwa,"Moragaha Ulpatha"
Matale,Wilgamuwa,Nugagolla
Matale,Wilgamuwa,Meewaobe
Matale,Wilgamuwa,"80 Yaya"
Matale,Wilgamuwa,Sonutta
Matale,Wilgamuwa,Uduwelwala
Matale,Wilgamuwa,Sulugune
Matale,Rattota,Ikirigolla
Matale,Rattota,"Pahala Owala"
Matale,Rattota,"Ihala Owala"
Matale,Rattota,Kaikawala
Matale,Rattota,Nikawella
Matale,Rattota,Kuruwawa
Matale,Rattota,Rattota
Matale,Rattota,Bodhikotuwa
Matale,Rattota,Dankanda
Matale,Rattota,Kirimetiya
Matale,Rattota,Polwattakanda
Matale,Rattota,Dambagolla
Matale,Rattota,Medawatta
Matale,Rattota,Weralugasthenna
Matale,Rattota,Madakumbura
Matale,Rattota,Maussagolla
Matale,Rattota,Wanaraniya
Matale,Rattota,Lonvil
Matale,Rattota,Maradurawala
Matale,Rattota,Pallegama
Matale,Rattota,"Koswana North"
Matale,Rattota,"Palle Weragama"
Matale,Rattota,Viharagama
Matale,Rattota,Kaineka
Matale,Rattota,"Uda Weragama"
Matale,Rattota,"Meda Weragama"
Matale,Rattota,"Koswana South"
Matale,Rattota,Bogambara
Matale,Rattota,Galekoluwa
Matale,Rattota,Welangahawatta
Matale,Rattota,Horagolla
Matale,Rattota,Bambarakiriella
Matale,Rattota,Alakolamada
Matale,Rattota,Udagama
Matale,Rattota,Pitakanda
Matale,Rattota,Gansarapola
Matale,Rattota,Epitamulla
Matale,Rattota,Wetasyaya
Matale,Rattota,Godapala
Matale,Rattota,Ulpothapitiya
Matale,Rattota,Bandarapola
Matale,Rattota,Muwandeniya
Matale,Rattota,Palleyaya
Matale,Rattota,Neluwakanda
Matale,Rattota,Punchiseluwakanda
Matale,Rattota,Thambalagala
Matale,Rattota,"Kandenuwara West"
Matale,Rattota,"Kandenuwara East"
Matale,Rattota,Alwatta
Matale,Rattota,Warapitiya
Matale,Rattota,Dombagoda
Matale,Rattota,"Pahala Hapuvida"
Matale,Rattota,"Uda Hapuvida"
Matale,Rattota,Hangarankanda
Matale,Ukuwela,Galaudahena
Matale,Ukuwela,Makulemada
Matale,Ukuwela,Pathingolla
Matale,Ukuwela,Wademada
Matale,Ukuwela,Wattegedara
Matale,Ukuwela,Watagoda
Matale,Ukuwela,Pallekumbura
Matale,Ukuwela,Katuattamada
Matale,Ukuwela,Panwatta
Matale,Ukuwela,Alawathuwala
Matale,Ukuwela,Horagahapitiya
Matale,Ukuwela,Ovilikanda
Matale,Ukuwela,Kirimetiyawa
Matale,Ukuwela,Thenna
Matale,Ukuwela,Muwagala
Matale,Ukuwela,Ovilla
Matale,Ukuwela,Enasalmada
Matale,Ukuwela,Thibbatuwawa
Matale,Ukuwela,Dombagasdeniya
Matale,Ukuwela,Kendagolla
Matale,Ukuwela,Kohombiliwela
Matale,Ukuwela,"Wariyapola Watta"
Matale,Ukuwela,Wariyapola
Matale,Ukuwela,Pananthadiya
Matale,Ukuwela,Nawarathnagoda
Matale,Ukuwela,Eriyagolla
Matale,Ukuwela,Katudeniya
Matale,Ukuwela,Elwala
Matale,Ukuwela,Pahalawela
Matale,Ukuwela,Dehipitiya
Matale,Ukuwela,Purijjala
Matale,Ukuwela,Udupihilla
Matale,Ukuwela,Halangoda
Matale,Ukuwela,Nagahathenna
Matale,Ukuwela,Warakamura
Matale,Ukuwela,Meedeniya
Matale,Ukuwela,Nagolla
Matale,Ukuwela,Thawalankoya
Matale,Ukuwela,Dumbukola
Matale,Ukuwela,Ukuwela
Matale,Ukuwela,Udupitiya
Matale,Ukuwela,Kalalpitiya
Matale,Ukuwela,Balakaduwa
Matale,Ukuwela,Bowatta
Matale,Ukuwela,Manaboda
Matale,Ukuwela,Paragahawela
Matale,Ukuwela,Udathenna
Matale,Ukuwela,Hunuketawala
Matale,Ukuwela,Leliambe
Matale,Ukuwela,"Elkaduwa Watta"
Matale,Ukuwela,Elkaduwa
Matale,Ukuwela,Udangamuwa
Matale,Ukuwela,Kendagollamada
Matale,Ukuwela,Wehigala
Matale,Ukuwela,Rathwatta
Matale,Ukuwela,Weligala
Matale,Ukuwela,Kureewela
Matale,Ukuwela,Maberiya
Matale,Ukuwela,Marukona
Matale,Ukuwela,"Gurulawela South"
Matale,Ukuwela,"Gurulawela North"
Matale,Ukuwela,Nugapitiya
Matale,Ukuwela,Kandemada
Matale,Ukuwela,Ulpathapitiya
Matale,Ukuwela,Raithalawela
Matale,Ukuwela,Kaduwela
Matale,Ukuwela,Pujagoda
Matale,Ukuwela,"Pahala Wehigala"
Matale,Ukuwela,Talingamada
Matale,Ukuwela,Hunnasgiriyawatta
Matale,Ukuwela,Karagahahinna
Matale,Ukuwela,Imbulpitiya
Matale,Ukuwela,Rangama
"Nuwara Eliya",Kothmale,Doruwadeniya
"Nuwara Eliya",Kothmale,Polwathura
"Nuwara Eliya",Kothmale,"Pahala Gorakaoya"
"Nuwara Eliya",Kothmale,Dambagolla
"Nuwara Eliya",Kothmale,Nayapana
"Nuwara Eliya",Kothmale,Kadadora
"Nuwara Eliya",Kothmale,"Kotagepitiya North"
"Nuwara Eliya",Kothmale,"Nawa Morape"
"Nuwara Eliya",Kothmale,"Nawa Kadadora"
"Nuwara Eliya",Kothmale,Deltagemunupura
"Nuwara Eliya",Kothmale,Hellboda
"Nuwara Eliya",Kothmale,Karagasthalawa
"Nuwara Eliya",Kothmale,Frotoft
"Nuwara Eliya",Kothmale,Ramboda
"Nuwara Eliya",Kothmale,Sangilipalama
"Nuwara Eliya",Kothmale,Panangammana
"Nuwara Eliya",Kothmale,Katukithula
"Nuwara Eliya",Kothmale,Helsirigama
"Nuwara Eliya",Kothmale,Kothmalgama
"Nuwara Eliya",Kothmale,Rajaela
"Nuwara Eliya",Kothmale,"Mawela East"
"Nuwara Eliya",Kothmale,"Mawela West"
"Nuwara Eliya",Kothmale,"Kotagepitiya South"
"Nuwara Eliya",Kothmale,Ranwanthalawa
"Nuwara Eliya",Kothmale,"Thispane Kanda"
"Nuwara Eliya",Kothmale,Harangala
"Nuwara Eliya",Kothmale,Hapugasthalawa
"Nuwara Eliya",Kothmale,Kaludemada
"Nuwara Eliya",Kothmale,"Ihala Gorakaoya"
"Nuwara Eliya",Kothmale,Mallanda
"Nuwara Eliya",Kothmale,Ruwanpura
"Nuwara Eliya",Kothmale,"Werella Pathana"
"Nuwara Eliya",Kothmale,Halgolla
"Nuwara Eliya",Kothmale,"Harangala South"
"Nuwara Eliya",Kothmale,Kirimetiyawa
"Nuwara Eliya",Kothmale,Hunugaloya
"Nuwara Eliya",Kothmale,Godamaditta
"Nuwara Eliya",Kothmale,Wataddara
"Nuwara Eliya",Kothmale,Maswela
"Nuwara Eliya",Kothmale,Nawangama
"Nuwara Eliya",Kothmale,"Mawela Kanda"
"Nuwara Eliya",Kothmale,Wethalawa
"Nuwara Eliya",Kothmale,Gomburuoya
"Nuwara Eliya",Kothmale,Wewahinna
"Nuwara Eliya",Kothmale,Delunthalamada
"Nuwara Eliya",Kothmale,Ambathalawa
"Nuwara Eliya",Kothmale,Malhewa
"Nuwara Eliya",Kothmale,Rambodagama
"Nuwara Eliya",Kothmale,Wedamulla
"Nuwara Eliya",Kothmale,Palagolla
"Nuwara Eliya",Kothmale,Niyamgamdora
"Nuwara Eliya",Kothmale,Hedunuwewa
"Nuwara Eliya",Kothmale,"Kalapitiya East"
"Nuwara Eliya",Kothmale,Kottunugoda
"Nuwara Eliya",Kothmale,"Kalapitiya West"
"Nuwara Eliya",Kothmale,Weerasekarapura
"Nuwara Eliya",Kothmale,"Rojersangama South"
"Nuwara Eliya",Kothmale,"Rojersangama North"
"Nuwara Eliya",Kothmale,Dombagasthalawa
"Nuwara Eliya",Kothmale,Katugolla
"Nuwara Eliya",Kothmale,Thelissagala
"Nuwara Eliya",Kothmale,Ketabulawa
"Nuwara Eliya",Kothmale,"Wijayabahu Kanda"
"Nuwara Eliya",Kothmale,"Rawanagoda West"
"Nuwara Eliya",Kothmale,Udagama
"Nuwara Eliya",Kothmale,"Rawanagoda East"
"Nuwara Eliya",Kothmale,Methagama
"Nuwara Eliya",Kothmale,Maldeniya
"Nuwara Eliya",Kothmale,Katarandana
"Nuwara Eliya",Kothmale,Kirindiwela
"Nuwara Eliya",Kothmale,Kumbaloluwa
"Nuwara Eliya",Kothmale,Medakanda
"Nuwara Eliya",Kothmale,Egodawela
"Nuwara Eliya",Kothmale,"Puduluoya North"
"Nuwara Eliya",Kothmale,Labukele
"Nuwara Eliya",Kothmale,Kudaoya
"Nuwara Eliya",Kothmale,Samaneliya
"Nuwara Eliya",Kothmale,Kikiliyamana
"Nuwara Eliya",Kothmale,Dunsinane
"Nuwara Eliya",Kothmale,Sheen
"Nuwara Eliya",Kothmale,Sheengama
"Nuwara Eliya",Kothmale,"Pundaluoya South"
"Nuwara Eliya",Kothmale,Kadadorapitiya
"Nuwara Eliya",Kothmale,"Kosgaha Pathana"
"Nuwara Eliya",Kothmale,Karagahayatathenna
"Nuwara Eliya",Kothmale,Bogahawela
"Nuwara Eliya",Kothmale,Halpola
"Nuwara Eliya",Kothmale,Madakumbura
"Nuwara Eliya",Kothmale,Beramana
"Nuwara Eliya",Kothmale,"Beramana North"
"Nuwara Eliya",Kothmale,Kolapathana
"Nuwara Eliya",Kothmale,Queensberry
"Nuwara Eliya",Kothmale,"Beramana South"
"Nuwara Eliya",Kothmale,Weerapura
"Nuwara Eliya",Kothmale,Dunukedeniya
"Nuwara Eliya",Kothmale,"Medakumbura North"
"Nuwara Eliya",Hanguranketha,Hingurukaduwa
"Nuwara Eliya",Hanguranketha,Ambewela
"Nuwara Eliya",Hanguranketha,Welikada
"Nuwara Eliya",Hanguranketha,Idamalanda
"Nuwara Eliya",Hanguranketha,Adikarigama
"Nuwara Eliya",Hanguranketha,Karalliyadda
"Nuwara Eliya",Hanguranketha,Bogahalanda
"Nuwara Eliya",Hanguranketha,Hakuruthale
"Nuwara Eliya",Hanguranketha,Maliyedda
"Nuwara Eliya",Hanguranketha,Mirahampe
"Nuwara Eliya",Hanguranketha,Pussalamankada
"Nuwara Eliya",Hanguranketha,Yatihanguranketha
"Nuwara Eliya",Hanguranketha,Delgahapitiya
"Nuwara Eliya",Hanguranketha,"Sangaraja Gama"
"Nuwara Eliya",Hanguranketha,Mudunapita
"Nuwara Eliya",Hanguranketha,"Ganga Udagama"
"Nuwara Eliya",Hanguranketha,Malulla
"Nuwara Eliya",Hanguranketha,"Udawatta East"
"Nuwara Eliya",Hanguranketha,Hilpenkandura
"Nuwara Eliya",Hanguranketha,"Galauda North"
"Nuwara Eliya",Hanguranketha,Endiribedda
"Nuwara Eliya",Hanguranketha,Happawara
"Nuwara Eliya",Hanguranketha,"Galauda South"
"Nuwara Eliya",Hanguranketha,Udakanda
"Nuwara Eliya",Hanguranketha,"Udawatta West"
"Nuwara Eliya",Hanguranketha,"Udawatta Kumbura"
"Nuwara Eliya",Hanguranketha,Pallemaluwa
"Nuwara Eliya",Hanguranketha,Hanguranketha
"Nuwara Eliya",Hanguranketha,"Damunumeya North"
"Nuwara Eliya",Hanguranketha,Arattana
"Nuwara Eliya",Hanguranketha,Ambaliyadda
"Nuwara Eliya",Hanguranketha,Dampola
"Nuwara Eliya",Hanguranketha,Rekitipe
"Nuwara Eliya",Hanguranketha,Hapuwala
"Nuwara Eliya",Hanguranketha,Dolugala
"Nuwara Eliya",Hanguranketha,Deliwala
"Nuwara Eliya",Hanguranketha,Madanwala
"Nuwara Eliya",Hanguranketha,Damunumeya
"Nuwara Eliya",Hanguranketha,Kottala
"Nuwara Eliya",Hanguranketha,"Diya - Udagama"
"Nuwara Eliya",Hanguranketha,"Uda Galauda"
"Nuwara Eliya",Hanguranketha,"Illagolla "
"Nuwara Eliya",Hanguranketha,Rammalakandura
"Nuwara Eliya",Hanguranketha,Moragolla
"Nuwara Eliya",Hanguranketha,Dodamkumbura
"Nuwara Eliya",Hanguranketha,Walalawela
"Nuwara Eliya",Hanguranketha,Rathmetiya
"Nuwara Eliya",Hanguranketha,Hapugasdeniya
"Nuwara Eliya",Hanguranketha,Diggalpoththa
"Nuwara Eliya",Hanguranketha,Unanthenna
"Nuwara Eliya",Hanguranketha,"kosgaha Debala"
"Nuwara Eliya",Hanguranketha,Warapitiya
"Nuwara Eliya",Hanguranketha,Medagama
"Nuwara Eliya",Hanguranketha,Bowala
"Nuwara Eliya",Hanguranketha,Kithulpe
"Nuwara Eliya",Hanguranketha,Makempe
"Nuwara Eliya",Hanguranketha,Puranagama
"Nuwara Eliya",Hanguranketha,Ekiriya
"Nuwara Eliya",Hanguranketha,Poramadulla
"Nuwara Eliya",Hanguranketha,Labuhena
"Nuwara Eliya",Hanguranketha,"Udawela Pathana"
"Nuwara Eliya",Hanguranketha,Welampagoda
"Nuwara Eliya",Hanguranketha,Denike
"Nuwara Eliya",Hanguranketha,Rikillagaskada
"Nuwara Eliya",Hanguranketha,Alawattegama
"Nuwara Eliya",Hanguranketha,"Uda Makuruppa"
"Nuwara Eliya",Hanguranketha,"Palle Makuruppa"
"Nuwara Eliya",Hanguranketha,Bogamuwa
"Nuwara Eliya",Hanguranketha,Dimbulkumbura
"Nuwara Eliya",Hanguranketha,Bodhiwela
"Nuwara Eliya",Hanguranketha,Pallewela
"Nuwara Eliya",Hanguranketha,Kaluattanagolla
"Nuwara Eliya",Hanguranketha,Wadawala
"Nuwara Eliya",Hanguranketha,Udalumada
"Nuwara Eliya",Hanguranketha,Bulugahapitiya
"Nuwara Eliya",Hanguranketha,Wegama
"Nuwara Eliya",Hanguranketha,Agappala
"Nuwara Eliya",Hanguranketha,Bambaragama
"Nuwara Eliya",Hanguranketha,"Bamabaragama East"
"Nuwara Eliya",Hanguranketha,"Bambaragama West"
"Nuwara Eliya",Hanguranketha,Malanwatta
"Nuwara Eliya",Hanguranketha,"Gannewa Udagama"
"Nuwara Eliya",Hanguranketha,Gedereiyawa
"Nuwara Eliya",Hanguranketha,Daraoya
"Nuwara Eliya",Hanguranketha,Kirimetiya
"Nuwara Eliya",Hanguranketha,Hope
"Nuwara Eliya",Hanguranketha,Wetesthenna
"Nuwara Eliya",Hanguranketha,Handawalapitiya
"Nuwara Eliya",Hanguranketha,Karamidula
"Nuwara Eliya",Hanguranketha,Madumana
"Nuwara Eliya",Hanguranketha,Rahathungoda
"Nuwara Eliya",Hanguranketha,"Enasal Arawa"
"Nuwara Eliya",Hanguranketha,Kawatayamana
"Nuwara Eliya",Hanguranketha,Ehelamalpe
"Nuwara Eliya",Hanguranketha,"Rathukurusa Janapadaya"
"Nuwara Eliya",Hanguranketha,Wilwala
"Nuwara Eliya",Hanguranketha,Dehipe
"Nuwara Eliya",Hanguranketha,Deniyagama
"Nuwara Eliya",Hanguranketha,Bodimalkada
"Nuwara Eliya",Hanguranketha,Welapahala
"Nuwara Eliya",Hanguranketha,Udapadiyapelella
"Nuwara Eliya",Hanguranketha,Okandagala
"Nuwara Eliya",Hanguranketha,"Rookwood Estate"
"Nuwara Eliya",Hanguranketha,Muloya
"Nuwara Eliya",Hanguranketha,Rathyaya
"Nuwara Eliya",Hanguranketha,Godigamuwa
"Nuwara Eliya",Hanguranketha,Manakola
"Nuwara Eliya",Hanguranketha,Marthuwela
"Nuwara Eliya",Hanguranketha,Idampitiya
"Nuwara Eliya",Hanguranketha,Mathurata
"Nuwara Eliya",Hanguranketha,Udagama
"Nuwara Eliya",Hanguranketha,Merrygold
"Nuwara Eliya",Hanguranketha,Ketayapathana
"Nuwara Eliya",Hanguranketha,Gonakele
"Nuwara Eliya",Hanguranketha,Gonapitiya
"Nuwara Eliya",Hanguranketha,Bomellagoda
"Nuwara Eliya",Hanguranketha,Dunukebedda
"Nuwara Eliya",Hanguranketha,Wellagiriya
"Nuwara Eliya",Hanguranketha,Ampitigoda
"Nuwara Eliya",Hanguranketha,Wewatenna
"Nuwara Eliya",Hanguranketha,Metibembiya
"Nuwara Eliya",Hanguranketha,Goodwood
"Nuwara Eliya",Hanguranketha,Hunukotuwa
"Nuwara Eliya",Hanguranketha,Medawela
"Nuwara Eliya",Hanguranketha,Labuhenwala
"Nuwara Eliya",Hanguranketha,Ketahira
"Nuwara Eliya",Hanguranketha,"Deegalahinna "
"Nuwara Eliya",Hanguranketha,Elamulla
"Nuwara Eliya",Hanguranketha,Udawela
"Nuwara Eliya",Hanguranketha,"Mandaram Nuwara"
"Nuwara Eliya",Hanguranketha,"Malsara Nuwara"
"Nuwara Eliya",Walapane,Serasunthenna
"Nuwara Eliya",Walapane,Morangathenna
"Nuwara Eliya",Walapane,Hegasulla
"Nuwara Eliya",Walapane,Bolagandawela
"Nuwara Eliya",Walapane,Ambagahathenna
"Nuwara Eliya",Walapane,Helagama
"Nuwara Eliya",Walapane,Mallagama
"Nuwara Eliya",Walapane,Dulana
"Nuwara Eliya",Walapane,Galketiwela
"Nuwara Eliya",Walapane,Ellakumbura
"Nuwara Eliya",Walapane,Muganagahapitiya
"Nuwara Eliya",Walapane,Hapugahapitiya
"Nuwara Eliya",Walapane,Ketakandura
"Nuwara Eliya",Walapane,Batagolla
"Nuwara Eliya",Walapane,Thennehenwala
"Nuwara Eliya",Walapane,"Deliwela South"
"Nuwara Eliya",Walapane,"Deliwala North"
"Nuwara Eliya",Walapane,Pannala
"Nuwara Eliya",Walapane,Serupitiya
"Nuwara Eliya",Walapane,Mailagasthenna
"Nuwara Eliya",Walapane,Andawala
"Nuwara Eliya",Walapane,Naranthalawa
"Nuwara Eliya",Walapane,"Ihala Pannala"
"Nuwara Eliya",Walapane,Wewakele
"Nuwara Eliya",Walapane,Kumbalagamuwa
"Nuwara Eliya",Walapane,"Kumbalgamuwa East"
"Nuwara Eliya",Walapane,Mulhalkele
"Nuwara Eliya",Walapane,Manelwala
"Nuwara Eliya",Walapane,Wathumulla
"Nuwara Eliya",Walapane,Kendagolla
"Nuwara Eliya",Walapane,Arampitiya
"Nuwara Eliya",Walapane,Yombuwelthenna
"Nuwara Eliya",Walapane,Udawela
"Nuwara Eliya",Walapane,Kalaganwatta
"Nuwara Eliya",Walapane,Theripehe
"Nuwara Eliya",Walapane,"Udamadura North"
"Nuwara Eliya",Walapane,Galkadawela
"Nuwara Eliya",Walapane,Yatimadura
"Nuwara Eliya",Walapane,Kandeyaya
"Nuwara Eliya",Walapane,"Madulla North"
"Nuwara Eliya",Walapane,Thunhitiyawa
"Nuwara Eliya",Walapane,Wewathenna
"Nuwara Eliya",Walapane,Kosgolla
"Nuwara Eliya",Walapane,Udamadura
"Nuwara Eliya",Walapane,Ambanella
"Nuwara Eliya",Walapane,Dabbare
"Nuwara Eliya",Walapane,Nildandaheenna
"Nuwara Eliya",Walapane,Rambuke
"Nuwara Eliya",Walapane,Watambe
"Nuwara Eliya",Walapane,Thibbatugoda
"Nuwara Eliya",Walapane,Egodakanda
"Nuwara Eliya",Walapane,Kandegama
"Nuwara Eliya",Walapane,Walapane
"Nuwara Eliya",Walapane,Kurunduoya
"Nuwara Eliya",Walapane,"Liyanwela Ihalagama"
"Nuwara Eliya",Walapane,Madumana
"Nuwara Eliya",Walapane,Ilukpelessa
"Nuwara Eliya",Walapane,Unagolla
"Nuwara Eliya",Walapane,"Liyanwala Pahalagama"
"Nuwara Eliya",Walapane,Medakandura
"Nuwara Eliya",Walapane,Galabada
"Nuwara Eliya",Walapane,Ambagaspitiya
"Nuwara Eliya",Walapane,Munwatta
"Nuwara Eliya",Walapane,Landupita
"Nuwara Eliya",Walapane,Wetekegama
"Nuwara Eliya",Walapane,Padiyapelella
"Nuwara Eliya",Walapane,Napatawela
"Nuwara Eliya",Walapane,"Ukuthule "
"Nuwara Eliya",Walapane,Yatiwella
"Nuwara Eliya",Walapane,Wetakepatha
"Nuwara Eliya",Walapane,"Ukuthule East"
"Nuwara Eliya",Walapane,Alakolawewa
"Nuwara Eliya",Walapane,"High Forest Estate"
"Nuwara Eliya",Walapane,Mahakudugala
"Nuwara Eliya",Walapane,Brookside
"Nuwara Eliya",Walapane,"High Forest"
"Nuwara Eliya",Walapane,Binganthalawa
"Nuwara Eliya",Walapane,"Maha Uva"
"Nuwara Eliya",Walapane,Werellapathana
"Nuwara Eliya",Walapane,"Thibbatugoda South"
"Nuwara Eliya",Walapane,Goradiyagolla
"Nuwara Eliya",Walapane,Denambure
"Nuwara Eliya",Walapane,Purankumbura
"Nuwara Eliya",Walapane,Hegama
"Nuwara Eliya",Walapane,Dambagolla
"Nuwara Eliya",Walapane,Demataarawa
"Nuwara Eliya",Walapane,"Madulla South"
"Nuwara Eliya",Walapane,Morahela
"Nuwara Eliya",Walapane,Meepanawa
"Nuwara Eliya",Walapane,"Roopaha East"
"Nuwara Eliya",Walapane,Pallewela
"Nuwara Eliya",Walapane,Palugama
"Nuwara Eliya",Walapane,Kotambe
"Nuwara Eliya",Walapane,Karandagolla
"Nuwara Eliya",Walapane,Udagama
"Nuwara Eliya",Walapane,Kumbukwela
"Nuwara Eliya",Walapane,Morabedda
"Nuwara Eliya",Walapane,"Harasbedda North"
"Nuwara Eliya",Walapane,Mahapathana
"Nuwara Eliya",Walapane,"Harasbedda South"
"Nuwara Eliya",Walapane,Palalpathana
"Nuwara Eliya",Walapane,Rathnayakapura
"Nuwara Eliya",Walapane,"Ragala Watta"
"Nuwara Eliya",Walapane,Manthreethenna
"Nuwara Eliya",Walapane,"Pandithaya Kumbura"
"Nuwara Eliya",Walapane,Roopaha
"Nuwara Eliya",Walapane,Mathetilla
"Nuwara Eliya",Walapane,Embulampaha
"Nuwara Eliya",Walapane,Maliyadda
"Nuwara Eliya",Walapane,Kurupanawela
"Nuwara Eliya",Walapane,"Wathulanda East"
"Nuwara Eliya",Walapane,"Wathulanda West"
"Nuwara Eliya",Walapane,Ambaliyadda
"Nuwara Eliya",Walapane,Galkadapathana
"Nuwara Eliya",Walapane,Senarathpura
"Nuwara Eliya",Walapane,"St. Leonard"
"Nuwara Eliya",Walapane,Ragala
"Nuwara Eliya",Walapane,Ekangapura
"Nuwara Eliya",Walapane,Samagipura
"Nuwara Eliya",Walapane,Delmar
"Nuwara Eliya",Walapane,"Sooriyagahapathana Ihala"
"Nuwara Eliya",Walapane,"Sooriyagahapathana Pahala"
"Nuwara Eliya",Walapane,"Udapussellawa South"
"Nuwara Eliya",Walapane,"St. Magret"
"Nuwara Eliya",Walapane,"Udapussellawa North"
"Nuwara Eliya","Nuwara Eliya",Bogahawatta
"Nuwara Eliya","Nuwara Eliya","Mount Vernon"
"Nuwara Eliya","Nuwara Eliya",Watagoda
"Nuwara Eliya","Nuwara Eliya",Hollyrood
"Nuwara Eliya","Nuwara Eliya","Great Western"
"Nuwara Eliya","Nuwara Eliya",Bangalahatha
"Nuwara Eliya","Nuwara Eliya",Toppass
"Nuwara Eliya","Nuwara Eliya",Park
"Nuwara Eliya","Nuwara Eliya",Concordia
"Nuwara Eliya","Nuwara Eliya",Kandapola
"Nuwara Eliya","Nuwara Eliya","Kandapola Central"
"Nuwara Eliya","Nuwara Eliya","Hawaeliya East"
"Nuwara Eliya","Nuwara Eliya",Bambarakele
"Nuwara Eliya","Nuwara Eliya","Nuwara Eliya West"
"Nuwara Eliya","Nuwara Eliya",Shanthipura
"Nuwara Eliya","Nuwara Eliya",Kalapura
"Nuwara Eliya","Nuwara Eliya",Bearwell
"Nuwara Eliya","Nuwara Eliya",Thalawakele
"Nuwara Eliya","Nuwara Eliya",Devon
"Nuwara Eliya","Nuwara Eliya",Dimbula
"Nuwara Eliya","Nuwara Eliya",Stonycliff
"Nuwara Eliya","Nuwara Eliya",Kuduoya
"Nuwara Eliya","Nuwara Eliya",Kotagala
"Nuwara Eliya","Nuwara Eliya",Drayton
"Nuwara Eliya","Nuwara Eliya",Yulefield
"Nuwara Eliya","Nuwara Eliya",Coombewood
"Nuwara Eliya","Nuwara Eliya",Lindula
"Nuwara Eliya","Nuwara Eliya",Rathnagiriya
"Nuwara Eliya","Nuwara Eliya",Waltrim
"Nuwara Eliya","Nuwara Eliya",Summerset
"Nuwara Eliya","Nuwara Eliya",Nanuoya
"Nuwara Eliya","Nuwara Eliya",Windicorner
"Nuwara Eliya","Nuwara Eliya","Nuwara Eliya"
"Nuwara Eliya","Nuwara Eliya","Nuwara Eliya Central"
"Nuwara Eliya","Nuwara Eliya","Hawaeliya North"
"Nuwara Eliya","Nuwara Eliya","Hawaeliya West"
"Nuwara Eliya","Nuwara Eliya","Bulu Ela"
"Nuwara Eliya","Nuwara Eliya",Galpalama
"Nuwara Eliya","Nuwara Eliya",Jayalanka
"Nuwara Eliya","Nuwara Eliya","Kandapola East"
"Nuwara Eliya","Nuwara Eliya",Pedro
"Nuwara Eliya","Nuwara Eliya",Goredihela
"Nuwara Eliya","Nuwara Eliya",Seethaeliya
"Nuwara Eliya","Nuwara Eliya",Sandathenna
"Nuwara Eliya","Nuwara Eliya",Kelegala
"Nuwara Eliya","Nuwara Eliya",Kalukele
"Nuwara Eliya","Nuwara Eliya",Magasthota
"Nuwara Eliya","Nuwara Eliya",Ruwaneliya
"Nuwara Eliya","Nuwara Eliya",Perakumpura
"Nuwara Eliya","Nuwara Eliya",Kirimetiya
"Nuwara Eliya","Nuwara Eliya",Nagasena
"Nuwara Eliya","Nuwara Eliya",Eildonhall
"Nuwara Eliya","Nuwara Eliya",Rahanwatta
"Nuwara Eliya","Nuwara Eliya",Balmoral
"Nuwara Eliya","Nuwara Eliya",Hallbrook
"Nuwara Eliya","Nuwara Eliya",Henfold
"Nuwara Eliya","Nuwara Eliya",Thangakele
"Nuwara Eliya","Nuwara Eliya",Magoda
"Nuwara Eliya","Nuwara Eliya",Mihindupura
"Nuwara Eliya","Nuwara Eliya",Meepilimana
"Nuwara Eliya","Nuwara Eliya",Ambewela
"Nuwara Eliya","Nuwara Eliya",Pattipola
"Nuwara Eliya","Nuwara Eliya",Lippakele
"Nuwara Eliya","Nuwara Eliya","Dayagama West"
"Nuwara Eliya","Nuwara Eliya",Sandrinham
"Nuwara Eliya","Nuwara Eliya",Glasgow
"Nuwara Eliya","Nuwara Eliya",Braemore
"Nuwara Eliya","Nuwara Eliya",Albian
"Nuwara Eliya","Nuwara Eliya",Elbedda
"Nuwara Eliya","Nuwara Eliya",Agarapathana
"Nuwara Eliya","Nuwara Eliya",Weverly
"Nuwara Eliya","Nuwara Eliya","Dayagama East"
"Nuwara Eliya",Ambagamuwa,Kalugala
"Nuwara Eliya",Ambagamuwa,Pitawala
"Nuwara Eliya",Ambagamuwa,Bulathgama
"Nuwara Eliya",Ambagamuwa,Gonawala
"Nuwara Eliya",Ambagamuwa,"Ambagamuwa North"
"Nuwara Eliya",Ambagamuwa,Sellipigama
"Nuwara Eliya",Ambagamuwa,"Ambagamuwa East"
"Nuwara Eliya",Ambagamuwa,"Ambagamuwa South"
"Nuwara Eliya",Ambagamuwa,Rampadeniya
"Nuwara Eliya",Ambagamuwa,Millagahamula
"Nuwara Eliya",Ambagamuwa,Dagampitiya
"Nuwara Eliya",Ambagamuwa,Polpitiya
"Nuwara Eliya",Ambagamuwa,Minuwandeniya
"Nuwara Eliya",Ambagamuwa,Hitigegama
"Nuwara Eliya",Ambagamuwa,Kehelwarawa
"Nuwara Eliya",Ambagamuwa,Homagama
"Nuwara Eliya",Ambagamuwa,Hebbekanda
"Nuwara Eliya",Ambagamuwa,Samansirigama
"Nuwara Eliya",Ambagamuwa,Theeniyagala
"Nuwara Eliya",Ambagamuwa,Ginigathhena
"Nuwara Eliya",Ambagamuwa,Dehigasthenna
"Nuwara Eliya",Ambagamuwa,Kalaweldeniya
"Nuwara Eliya",Ambagamuwa,Morahenagama
"Nuwara Eliya",Ambagamuwa,Hangarapitiya
"Nuwara Eliya",Ambagamuwa,Jambuthenna
"Nuwara Eliya",Ambagamuwa,Kottellena
"Nuwara Eliya",Ambagamuwa,Waggama
"Nuwara Eliya",Ambagamuwa,Lakshapana
"Nuwara Eliya",Ambagamuwa,Kiriwaneliya
"Nuwara Eliya",Ambagamuwa,"Vidulipura South"
"Nuwara Eliya",Ambagamuwa,"Vidulipura North"
"Nuwara Eliya",Ambagamuwa,Watawala
"Nuwara Eliya",Ambagamuwa,Rosella
"Nuwara Eliya",Ambagamuwa,Welioya
"Nuwara Eliya",Ambagamuwa,Maussakele
"Nuwara Eliya",Ambagamuwa,Lethant
"Nuwara Eliya",Ambagamuwa,Shanon
"Nuwara Eliya",Ambagamuwa,"Hatton East"
"Nuwara Eliya",Ambagamuwa,"Hatton South"
"Nuwara Eliya",Ambagamuwa,Panmur
"Nuwara Eliya",Ambagamuwa,Ruwanpura
"Nuwara Eliya",Ambagamuwa,"Hatton West"
"Nuwara Eliya",Ambagamuwa,"Hatton North"
"Nuwara Eliya",Ambagamuwa,Dickoya
"Nuwara Eliya",Ambagamuwa,Annfield
"Nuwara Eliya",Ambagamuwa,"Dickoya South"
"Nuwara Eliya",Ambagamuwa,Injustry
"Nuwara Eliya",Ambagamuwa,Wanarajah
"Nuwara Eliya",Ambagamuwa,"New Weligama"
"Nuwara Eliya",Ambagamuwa,Norwood
"Nuwara Eliya",Ambagamuwa,Maskeliya
"Nuwara Eliya",Ambagamuwa,Brownlow
"Nuwara Eliya",Ambagamuwa,Seethagangula
"Nuwara Eliya",Ambagamuwa,Moray
"Nuwara Eliya",Ambagamuwa,Mocha
"Nuwara Eliya",Ambagamuwa,Brownswick
"Nuwara Eliya",Ambagamuwa,Gawarawila
"Nuwara Eliya",Ambagamuwa,Mahanelu
"Nuwara Eliya",Ambagamuwa,Venture
"Nuwara Eliya",Ambagamuwa,Tillary
"Nuwara Eliya",Ambagamuwa,Kirkoswald
"Nuwara Eliya",Ambagamuwa,Bogawana
"Nuwara Eliya",Ambagamuwa,Loinon
"Nuwara Eliya",Ambagamuwa,Kotiyagala
"Nuwara Eliya",Ambagamuwa,"Bagawanthalawa South"
"Nuwara Eliya",Ambagamuwa,"Aulton Watta"
"Nuwara Eliya",Ambagamuwa,Strathspey
Galle,Bentota,Pahurumulla
Galle,Bentota,Sinharoopagama
Galle,Bentota,Yathramulla
Galle,Bentota,Kommala
Galle,Bentota,Bodhimaluwa
Galle,Bentota,Dope
Galle,Bentota,Angagoda
Galle,Bentota,Warahena
Galle,Bentota,Kahagalla
Galle,Bentota,"Hunganthota Wadumulla"
Galle,Bentota,Dedduwa
Galle,Bentota,Athuruwella
Galle,Bentota,Galbada
Galle,Bentota,Galagama
Galle,Bentota,Mullegoda
Galle,Bentota,Sooriyagama
Galle,Bentota,Haburugala
Galle,Bentota,"Thunduwa West"
Galle,Bentota,"Thunduwa East"
Galle,Bentota,Thotakanatta
Galle,Bentota,Elakaka
Galle,Bentota,Ethungagoda
Galle,Bentota,Gonagalapura
Galle,Bentota,Olaganduwa
Galle,Bentota,Yalegama
Galle,Bentota,Kaikawala
Galle,Bentota,Habakkala
Galle,Bentota,"Etawalawatta West"
Galle,Bentota,"Etawalawatta East"
Galle,Bentota,DombagahaWatta
Galle,Bentota,Akadegoda
Galle,Bentota,Kahawegammedda
Galle,Bentota,Warakamulla
Galle,Bentota,Kandemulla
Galle,Bentota,Galthuduwa
Galle,Bentota,Kolaniya
Galle,Bentota,Miriswatta
Galle,Bentota,Viyandoowa
Galle,Bentota,Mahagoda
Galle,Bentota,Pilekumbura
Galle,Bentota,"Mahavila West"
Galle,Bentota,"Mahavila East"
Galle,Bentota,Moragoda
Galle,Bentota,Ranthotuwila
Galle,Bentota,Malawala
Galle,Bentota,"Ihala Malawela"
Galle,Bentota,Kotuwabendahena
Galle,Bentota,"Kuda Uragaha"
Galle,Bentota,"Maha Uragaha"
Galle,Bentota,Delkabalagoda
Galle,Bentota,Hipanwatta
Galle,Balapitiya,Doowemodara
Galle,Balapitiya,"Nanetota Palathe"
Galle,Balapitiya,"Pelegas Palatha"
Galle,Balapitiya,Wathurawela
Galle,Balapitiya,Boraluketiya
Galle,Balapitiya,"Pathiraja Pedesa"
Galle,Balapitiya,"Polathu Palatha"
Galle,Balapitiya,Katuvila
Galle,Balapitiya,Mahapitiya
Galle,Balapitiya,Nape
Galle,Balapitiya,Kudagodagama
Galle,Balapitiya,"Hegalla Piyagama"
Galle,Balapitiya,Godapitiya
Galle,Balapitiya,Kosgoda
Galle,Balapitiya,Ahungalla
Galle,Balapitiya,Middaramulla
Galle,Balapitiya,Bogahapitiya
Galle,Balapitiya,Galvehera
Galle,Balapitiya,Pathirajagama
Galle,Balapitiya,Madoowa
Galle,Balapitiya,Kadiragonna
Galle,Balapitiya,Makumbura
Galle,Balapitiya,Wathuregama
Galle,Balapitiya,Wellabada
Galle,Balapitiya,Pathegamgoda
Galle,Balapitiya,Weliwathugoda
Galle,Balapitiya,"Brahmanawatta North"
Galle,Balapitiya,"Brahmanawatta South"
Galle,Balapitiya,Galmangoda
Galle,Balapitiya,Wandadoowa
Galle,Balapitiya,"Heenatiya North"
Galle,Balapitiya,Mahaladoowa
Galle,Balapitiya,Seenigoda
Galle,Balapitiya,"Heenatiya South"
Galle,Balapitiya,Mahakarawa
Galle,Balapitiya,Elathota
Galle,Balapitiya,Balapitiya
Galle,Balapitiya,Berathuduwa
Galle,Balapitiya,Andadola
Galle,Balapitiya,Patiwatta
Galle,Balapitiya,Wathugedara
Galle,Balapitiya,Paragahathota
Galle,Balapitiya,"Wathugedara South"
Galle,Balapitiya,Kurunduwatta
Galle,Balapitiya,Walagedara
Galle,Balapitiya,"Randombe North"
Galle,Balapitiya,Wadumulla
Galle,Balapitiya,Viharagoda
Galle,Balapitiya,Kandegoda
Galle,Balapitiya,Bogahawatta
Galle,Balapitiya,"Randombe South"
Galle,Karandeniya,"Wal- Inguruketiya"
Galle,Karandeniya,"Uragasmanhandiya North"
Galle,Karandeniya,Galpottawala
Galle,Karandeniya,Meegaspitiya
Galle,Karandeniya,Mendorawala
Galle,Karandeniya,"Uragasmanhandiya South"
Galle,Karandeniya,Yatagala
Galle,Karandeniya,"Uragasmanhadiya East"
Galle,Karandeniya,Mabingoda
Galle,Karandeniya,Hipankanda
Galle,Karandeniya,Siripura
Galle,Karandeniya,Beligaswella
Galle,Karandeniya,Halgahawella
Galle,Karandeniya,"Lenagal Palatha"
Galle,Karandeniya,"Magala North"
Galle,Karandeniya,Kaluwalagoda
Galle,Karandeniya,Diyapitagallana
Galle,Karandeniya,Angulugalla
Galle,Karandeniya,"Magala South"
Galle,Karandeniya,Pehembiyakanda
Galle,Karandeniya,Unagaswela
Galle,Karandeniya,Madakumbura
Galle,Karandeniya,Thalgahawatta
Galle,Karandeniya,Mandakanda
Galle,Karandeniya,Anganaketiya
Galle,Karandeniya,Borakanda
Galle,Karandeniya,Mahaedanda
Galle,Karandeniya,"Karandeniya North"
Galle,Karandeniya,Randenigama
Galle,Karandeniya,Mahagoda
Galle,Karandeniya,"Karandeniya South"
Galle,Karandeniya,Dangahawila
Galle,Karandeniya,Egodawela
Galle,Karandeniya,Diviyagahawela
Galle,Karandeniya,"Kiri Nuge"
Galle,Karandeniya,Kiripedda
Galle,Karandeniya,"Galagoda Atta"
Galle,Karandeniya,"Ihala Kiripedda"
Galle,Karandeniya,"Kurundugaha hetekma"
Galle,Karandeniya,Jayabima
Galle,Elpitiya,Avittava
Galle,Elpitiya,"Pahala Omaththa"
Galle,Elpitiya,Omaththa
Galle,Elpitiya,Metiviliya
Galle,Elpitiya,Himbutugoda
Galle,Elpitiya,Idipalegoda
Galle,Elpitiya,Dikhena
Galle,Elpitiya,Delpona
Galle,Elpitiya,"Ihala Omaththa"
Galle,Elpitiya,"Digala Nagahathenna"
Galle,Elpitiya,Opatha
Galle,Elpitiya,"Goluwamulla North"
Galle,Elpitiya,"Goluvamulla West"
Galle,Elpitiya,Goluwamulla
Galle,Elpitiya,Atakohota
Galle,Elpitiya,"Elpitiya North"
Galle,Elpitiya,"Elpitiya East"
Galle,Elpitiya,Poojagallena
Galle,Elpitiya,"Ketandola Udovita"
Galle,Elpitiya,Sittaragoda
Galle,Elpitiya,Amugoda
Galle,Elpitiya,Kellapatha
Galle,Elpitiya,Thalagaspe
Galle,Elpitiya,"Thalagaspe West"
Galle,Elpitiya,"Wallambagala North"
Galle,Elpitiya,"Elpitiya South"
Galle,Elpitiya,"Elpitiya Central"
Galle,Elpitiya,Nawadagala
Galle,Elpitiya,Batuwanhena
Galle,Elpitiya,Igala
Galle,Elpitiya,"Igala East"
Galle,Elpitiya,Pelandagoda
Galle,Elpitiya,Wallambagala
Galle,Elpitiya,Ambana
Galle,Elpitiya,"Ambana North"
Galle,Elpitiya,"Pituwala South"
Galle,Elpitiya,"Pituwala South"
Galle,Elpitiya,"Kudagala Kadirandola"
Galle,Elpitiya,"Igala Thalawa East"
Galle,Elpitiya,"Igala Thalawa"
Galle,Elpitiya,Ella
Galle,Elpitiya,"Ella Thanabaddegama"
Galle,Elpitiya,"Mahawela Abhayapura"
Galle,Elpitiya,"Pituwala West"
Galle,Elpitiya,Eramulla
Galle,Elpitiya,Pinikahana
Galle,Elpitiya,Kahadoowa
Galle,Elpitiya,Thibbotuwawa
Galle,Elpitiya,Wathuruwila
Galle,Elpitiya,Rekadahena
Galle,Elpitiya,"Kahadoowa South"
Galle,Niyagama,"Pitigala North"
Galle,Niyagama,Uhanovita
Galle,Niyagama,Hanttaka
Galle,Niyagama,Kaluaarachchigoda
Galle,Niyagama,Pitigala
Galle,Niyagama,Karawwa
Galle,Niyagama,Boraluhena
Galle,Niyagama,"Bangamu Kanda"
Galle,Niyagama,"Godamuna North"
Galle,Niyagama,Marthupitiya
Galle,Niyagama,"Godamuna South"
Galle,Niyagama,Liyanagamakanda
Galle,Niyagama,"Usbim Colony"
Galle,Niyagama,Bambarawana
Galle,Niyagama,Mattaka
Galle,Niyagama,Weihena
Galle,Niyagama,Amaragama
Galle,Niyagama,Naranovita
Galle,Niyagama,Porawagama
Galle,Niyagama,Kimbulawala
Galle,Niyagama,"Poddiwala West"
Galle,Niyagama,"Poddiwala East"
Galle,Niyagama,Maraggoda
Galle,Niyagama,Duwegoda
Galle,Niyagama,"Porawagama South"
Galle,Niyagama,Wattehena
Galle,Niyagama,Manampita
Galle,Niyagama,Niyagama
Galle,Niyagama,"Niyagama West"
Galle,Niyagama,Polpelaketiya
Galle,Niyagama,"Horangalla West"
Galle,Niyagama,"Horangalla Thalawa"
Galle,Niyagama,"Horangalla (Akulavila)"
Galle,Niyagama,"Niyagama South"
Galle,Thawalama,"Ela Ihala"
Galle,Thawalama,"Ela Ihala North"
Galle,Thawalama,Kumburegoda
Galle,Thawalama,"Habarakada East"
Galle,Thawalama,"Habarakada West"
Galle,Thawalama,Kudugalpala
Galle,Thawalama,Batahena
Galle,Thawalama,"Thawalama North"
Galle,Thawalama,"Thawalama Mookalana"
Galle,Thawalama,"Thawalama South"
Galle,Thawalama,"Hiniduma North"
Galle,Thawalama,"Hiniduma West"
Galle,Thawalama,"Hiniduma South"
Galle,Thawalama,Malgalla
Galle,Thawalama,"Halvitigala Colony Step 1"
Galle,Thawalama,"Halvitigala Colony Step 2"
Galle,Thawalama,"Dammala Colony"
Galle,Thawalama,"Thalangalla East"
Galle,Thawalama,"Thalangalla West"
Galle,Thawalama,Malhathawa
Galle,Thawalama,"Panangala West"
Galle,Thawalama,"Panangala North"
Galle,Thawalama,"Panangalla East"
Galle,Thawalama,Thalangalla
Galle,Thawalama,Dammala
Galle,Thawalama,"Opatha North"
Galle,Thawalama,"Opatha West"
Galle,Thawalama,Koralegama
Galle,Thawalama,Eppala
Galle,Thawalama,Gallandala
Galle,Thawalama,"Opatha South"
Galle,Thawalama,"Opatha East"
Galle,Thawalama,"Weerapana North"
Galle,Thawalama,"Weerapana West"
Galle,Thawalama,"Weerapana South"
Galle,Thawalama,"Weerapana East"
Galle,Neluwa,Danawala
Galle,Neluwa,"Mavita West"
Galle,Neluwa,"Batuwangala West"
Galle,Neluwa,Kosmulla
Galle,Neluwa,Thambalagama
Galle,Neluwa,Ehelapitiya
Galle,Neluwa,Batuwangala
Galle,Neluwa,"Mavita East"
Galle,Neluwa,Koswatta
Galle,Neluwa,"Ebalagedara North"
Galle,Neluwa,"Embalegedara South"
Galle,Neluwa,Mawanana
Galle,Neluwa,Neluwa
Galle,Neluwa,"Pahala Maddegama"
Galle,Neluwa,"Meddegama East"
Galle,Neluwa,Happitiya
Galle,Neluwa,Madugeta
Galle,Neluwa,Warukandeniya
Galle,Neluwa,Lankagama
Galle,Neluwa,Dellawa
Galle,Neluwa,Miyanawathura
Galle,Neluwa,Pannimulla
Galle,Neluwa,"Ihala Maddegama"
Galle,Neluwa,Medagama
Galle,Neluwa,"Pahala Gigummaduwa"
Galle,Neluwa,"Ihala Gigummaduwa"
Galle,Neluwa,Lelwala
Galle,Neluwa,"Ihala Lewala"
Galle,Neluwa,Panagoda
Galle,Neluwa,"Dewalegama West"
Galle,Neluwa,"Dewalegama East"
Galle,Neluwa,"Millawa West"
Galle,Neluwa,"Ihala Millawa"
Galle,Neluwa,"Pahala Millawa"
Galle,Nagoda,Thalgaswala
Galle,Nagoda,Marakanda
Galle,Nagoda,Malamura
Galle,Nagoda,"Aluth Thanayamgoda Pahala West"
Galle,Nagoda,Mapalagama
Galle,Nagoda,"Aluth Thanayamgoda Pahala"
Galle,Nagoda,"Aluth Thanayamgoda Ihala South"
Galle,Nagoda,"Aluth Thanayamgoda Ihala"
Galle,Nagoda,"Ketagoda South"
Galle,Nagoda,"Ketagoda North"
Galle,Nagoda,"Parana Thanayamgoda"
Galle,Nagoda,"Parana Thanayamgoda Central"
Galle,Nagoda,"Parana Thanayamgoda Pahala"
Galle,Nagoda,"Gonalagoda East"
Galle,Nagoda,Gonalagoda
Galle,Nagoda,Gammeddegoda
Galle,Nagoda,"Gammeddegoda South"
Galle,Nagoda,"Nagoda Ihala"
Galle,Nagoda,Nagoda
Galle,Nagoda,Kurupanawa
Galle,Nagoda,Gonadeniya
Galle,Nagoda,"Ukovita North"
Galle,Nagoda,"Udugama West"
Galle,Nagoda,"Udugama North"
Galle,Nagoda,Homadola
Galle,Nagoda,"Udugama East"
Galle,Nagoda,Udugama
Galle,Nagoda,Ukovita
Galle,Nagoda,"Gonadeniya South"
Galle,Nagoda,"Udalamatta East"
Galle,Nagoda,"Udalamatta North"
Galle,Nagoda,Kappitiyagoda
Galle,Nagoda,Udawalivitiya
Galle,Nagoda,"Udawelivitithalawa East"
Galle,Nagoda,Udawelivitithalawa
Galle,Nagoda,"Udawelivitiya West"
Galle,Nagoda,"Keppitiyagoda North"
Galle,Nagoda,Budapanagama
Galle,Nagoda,Unanvitiya
Galle,Nagoda,"Unanvitiya East"
Galle,Nagoda,"Urala North"
Galle,Nagoda,Yatalamatta
Galle,Nagoda,"Yatalamatta East"
Galle,Nagoda,"Udamatta South"
Galle,Nagoda,"Udugama South"
Galle,Nagoda,"Udugama Central"
Galle,Nagoda,Aluthwatta
Galle,Nagoda,Hangaranwala
Galle,Nagoda,"Yatalamatta West"
Galle,Nagoda,"Urala Central"
Galle,Nagoda,"Urala South"
Galle,Nagoda,"Urala East"
Galle,NAgoda,"Urala Pahala"
Galle,Baddegama,Wavulagala
Galle,Baddegama,"Halpathota Central"
Galle,Baddegama,Halpathota
Galle,Baddegama,"Baddegama Town"
Galle,Baddegama,"Baddegama North"
Galle,Baddegama,Nayapamula
Galle,Baddegama,Kotagoda
Galle,Baddegama,Hemmeliya
Galle,Baddegama,"Ellakanda Wathurawa"
Galle,Baddegama,"Baddegama East"
Galle,Baddegama,Yahaladoowa
Galle,Baddegama,"Baddegama South"
Galle,Baddegama,Gothatuwa
Galle,Baddegama,Majuwana
Galle,Baddegama,Weweldeniya
Galle,Baddegama,Keradewala
Galle,Baddegama,Madoldoowa
Galle,Baddegama,Bataketiya
Galle,Baddegama,"Ganegama North"
Galle,Baddegama,Sandarawela
Galle,Baddegama,Boralukada
Galle,Baddegama,Mahahengoda
Galle,Baddegama,Mahalapitiya
Galle,Baddegama,Pilagoda
Galle,Baddegama,"Thilaka Udagama"
Galle,Baddegama,"Ganegama East"
Galle,Baddegama,"Ganegama South"
Galle,Baddegama,"Ganegama West"
Galle,Baddegama,Lelkada
Galle,Baddegama,"Ginimellagaha West"
Galle,Baddegama,"Ginimellagaha East"
Galle,Baddegama,Dodangoda
Galle,Baddegama,"Keembi Ela"
Galle,Baddegama,Kasideniya
Galle,Baddegama,Warakapitikanda
Galle,Baddegama,"Pahala Keembiya"
Galle,Baddegama,"Walpita North"
Galle,Baddegama,Thelikada
Galle,Baddegama,"Ginimellagaha South"
Galle,Baddegama,Pituwalgoda
Galle,Baddegama,"Thelikada Nagaraya"
Galle,Baddegama,Balagoda
Galle,Baddegama,Adurathvila
Galle,Baddegama,"Kohomba Nadeniya"
Galle,Baddegama,"Walpita Soth"
Galle,Baddegama,Gonapura
Galle,Baddegama,"Horagampita Central"
Galle,Baddegama,Horagampita
Galle,Wanduramba,Weihena
Galle,Wanduramba,Indurupathvila
Galle,Wanduramba,Polgahavila
Galle,Wanduramba,Kumbalamalaheana
Galle,Wanduramba,"Ihala Lelwala"
Galle,Wanduramba,"Pahala Lelwala"
Galle,Wanduramba,Kirindalahena
Galle,Wanduramba,Kokawala
Galle,Wanduramba,Panvila
Galle,Wanduramba,Wanduramba
Galle,Wanduramba,Gulugahakanda
Galle,Wanduramba,Thalawa
Galle,Wanduramba,Mabotuwana
Galle,Wanduramba,"Wanduramba South"
Galle,Wanduramba,Deiyandara
Galle,Wanduramba,"Mada Keembiya"
Galle,Wanduramba,Pitiharawa
Galle,Wanduramba,Thiruwanaketiya
Galle,Wanduramba,Nattewela
Galle,Wanduramba,"Meda Keembiya East"
Galle,Wanduramba,"Ihala Keembiya South"
Galle,Wanduramba,"Ihala Keembiya"
Galle,Welivitiya-Divithura,Ethkadura
Galle,Welivitiya-Divithura,"Old Colony"
Galle,Welivitiya-Divithura,Thanabaddegama
Galle,Welivitiya-Divithura,Maddevila
Galle,Welivitiya-Divithura,Miriswaththa
Galle,Welivitiya-Divithura,"Nambara Atta"
Galle,Welivitiya-Divithura,"Divithura East"
Galle,Welivitiya-Divithura,Polgahavila
Galle,Welivitiya-Divithura,Divithura
Galle,Welivitiya-Divithura,Ampegama
Galle,Welivitiya-Divithura,Hamingala
Galle,Welivitiya-Divithura,Nugethota
Galle,Welivitiya-Divithura,Agaliya
Galle,Welivitiya-Divithura,"Divithura South"
Galle,Welivitiya-Divithura,Galaheankanda
Galle,Welivitiya-Divithura,Kuttiyawaththa
Galle,Welivitiya-Divithura,"Patha Welivitiya North"
Galle,Welivitiya-Divithura,"Waduwelivitiya North"
Galle,Welivitiya-Divithura,"Patha Welivitiya"
Galle,Welivitiya-Divithura,"Waduwalivitiya South"
Galle,Ambalangoda,Heppumulla
Galle,Ambalangoda,Patabadimulla
Galle,Ambalangoda,Karittakanda
Galle,Ambalangoda,Kaluwadumulla
Galle,Ambalangoda,Okanda
Galle,Ambalangoda,Keraminiya
Galle,Ambalangoda,Polwatta
Galle,Ambalangoda,Thalgasgoda
Galle,Ambalangoda,Thilakapura
Galle,Ambalangoda,Thanipolgahalanga
Galle,Ambalangoda,"Batapola Central"
Galle,Ambalangoda,Kondagala
Galle,Ambalangoda,"Batapola North"
Galle,Ambalangoda,Kobeithuduwa
Galle,Ambalangoda,Godahena
Galle,Ambalangoda,Poramba
Galle,Ambalangoda,Vilegoda
Galle,Ambalangoda,Paniyandoowa
Galle,Ambalangoda,Hirewatta
Galle,Ambalangoda,"Maha Ambalangoda"
Galle,Ambalangoda,Batadoowa
Galle,Ambalangoda,"Batapola West"
Galle,Ambalangoda,"Batapola South"
Galle,Ambalangoda,Dorala
Galle,Ambalangoda,"Batapola East"
Galle,Ambalangoda,Polhunnawa
Galle,Ambalangoda,Nawagama
Galle,Ambalangoda,Nindana
Galle,Ambalangoda,Lewdoowa
Galle,Ambalangoda,Udakerewa
Galle,Ambalangoda,Domanvila
Galle,Ambalangoda,Diddeliya
Galle,Ambalangoda,Eranavila
Galle,Ambalangoda,Meetiyagoda
Galle,Ambalangoda,Metiwala
Galle,Ambalangoda,Walakada
Galle,Gonapeenuwala,Karuwalabedda
Galle,Gonapeenuwala,Manampita
Galle,Gonapeenuwala,"Dangaragaha Udumulla"
Galle,Gonapeenuwala,Banwelgodella
Galle,Gonapeenuwala,Iriyagahamulla
Galle,Gonapeenuwala,Aluthwala
Galle,Gonapeenuwala,Mahagangoda
Galle,Gonapeenuwala,"Kirindi Ela"
Galle,Gonapeenuwala,Thilakagama
Galle,Gonapeenuwala,Henagoda
Galle,Gonapeenuwala,"Gonapeenuwala Central"
Galle,Gonapeenuwala,"Woodlands Watta"
Galle,Gonapeenuwala,Berathuduwa
Galle,Gonapeenuwala,"Hikkaduwa East"
Galle,Gonapeenuwala,Arachchikanda
Galle,Gonapeenuwala,"Gonapeenuwala East"
Galle,Gonapeenuwala,"Gonapeenuwala West"
Galle,Gonapeenuwala,Dodamkahawila
Galle,Gonapeenuwala,"Kaluwagaha Colany"
Galle,Madampagama,Urawatta
Galle,Madampagama,"Dewagoda West"
Galle,Madampagama,"Dewagoda East"
Galle,Madampagama,Deldoowa
Galle,Madampagama,Idantota
Galle,Madampagama,"Kuleegoda West"
Galle,Madampagama,"Galagoda East"
Galle,Madampagama,"Galagoda West"
Galle,Madampagama,"Kuleegoda East"
Galle,Madampagama,Wellaoda
Galle,Madampagama,Usmudulawa
Galle,Madampagama,wenamulla
Galle,Madampagama,Dimbuldoowa
Galle,Madampagama,Andurangoda
Galle,Madampagama,Galdoowa
Galle,Madampagama,Akurala
Galle,Madampagama,"Akurala North"
Galle,Madampagama,"Akurala South"
Galle,Madampagama,"Uduwaragoda North"
Galle,Madampagama,"Uduwaragoda South"
Galle,Madampagama,Kahawa
Galle,Madampagama,Weragoda
Galle,Madampagama,"Delmar Colony"
Galle,Madampagama,Harannagala
Galle,Madampagama,"Godagama South"
Galle,Madampagama,"Godagama North"
Galle,Madampagama,Daluwathumulla
Galle,Madampagama,Thelwatta
Galle,Madampagama,"Pereliya North"
Galle,Madampagama,"Pereliya South"
Galle,Madampagama,Seenigama
Galle,Madampagama,"seenigama East"
Galle,Madampagama,Malawenna
Galle,Madampagama,Kalupe
Galle,Madampagama,Udumulla
Galle,Madampagama,Medagoda
Galle,Madampagama,Werellana
Galle,Madampagama,Thotagamuwa
Galle,Hikkaduwa,Wellawatta
Galle,Hikkaduwa,Nakanda
Galle,Hikkaduwa,"Hikkaduwa Central"
Galle,Hikkaduwa,"Hikkaduwa  West"
Galle,Hikkaduwa,"Hikkaduwa Town"
Galle,Hikkaduwa,"Wawulagoda West"
Galle,Hikkaduwa,"Wawulagoda East"
Galle,Hikkaduwa,Nalagasdeniya
Galle,Hikkaduwa,Millagoda
Galle,Hikkaduwa,Wewala
Galle,Hikkaduwa,Pannamgoda
Galle,Hikkaduwa,"Narigama Wellabada"
Galle,Hikkaduwa,Narigama
Galle,Hikkaduwa,"Kuda Wewala"
Galle,Hikkaduwa,Delgahadoowa
Galle,Hikkaduwa,Katukoliha
Galle,Hikkaduwa,Thiranagama
Galle,Hikkaduwa,"Wellabada Thiranagama"
Galle,Hikkaduwa,Patuwatha
Galle,Hikkaduwa,Gammaduwatta
Galle,Hikkaduwa,Hennathota
Galle,Hikkaduwa,Pinkanda
Galle,Hikkaduwa,Handaudumulla
Galle,Hikkaduwa,Dodandugoda
Galle,Hikkaduwa,"Modara Patuwatha"
Galle,Hikkaduwa,Dodandoowa
Galle,Hikkaduwa,Uduhalpitiya
Galle,Rathgama,Thotawila
Galle,Rathgama,Mawadawila
Galle,Rathgama,"Panwila Pahalagoda"
Galle,Rathgama,Imbula
Galle,Rathgama,Katudampe
Galle,Rathgama,Karawegoda
Galle,Rathgama,Devinigoda
Galle,Rathgama,Bopagoda
Galle,Rathgama,Kandegoda
Galle,Rathgama,Ranapanadeniya
Galle,Rathgama,Reggipura
Galle,Rathgama,Medawala
Galle,Rathgama,Maliduwa
Galle,Rathgama,Palanthriyagoda
Galle,Rathgama,Ganegoda
Galle,Rathgama,"Rathgama Hegoda"
Galle,Rathgama,Palliyapitiya
Galle,Rathgama,Gammeddagoda
Galle,Rathgama,"Gammeddegoda East"
Galle,Rathgama,Gammeddegoda-Rajgama
Galle,Rathgama,Owakanda
Galle,Rathgama,Kapumulugoda
Galle,Rathgama,"Ratna Udagama"
Galle,Rathgama,"Maha Hegoda"
Galle,Rathgama,Hegoda
Galle,Rathgama,Kedala
Galle,Rathgama,Rupeewala
Galle,Rathgama,Dolikanda
Galle,Rathgama,Boosa
Galle,Rathgama,Kadurupe
Galle,Rathgama,"Pitiwella South"
Galle,Rathgama,"Pitiwella North"
Galle,"Galle Four Gravets","Ukwatta East"
Galle,"Galle Four Gravets","Ukwatta West"
Galle,"Galle Four Gravets","Maha Hapugala"
Galle,"Galle Four Gravets",Kurunduwatta
Galle,"Galle Four Gravets",Welipitimodara
Galle,"Galle Four Gravets","Ginthota West"
Galle,"Galle Four Gravets","Ginthota East"
Galle,"Galle Four Gravets",Piyadigama
Galle,"Galle Four Gravets","Bope North"
Galle,"Galle Four Gravets","Bope  East"
Galle,"Galle Four Gravets","Kumbalwella North"
Galle,"Galle Four Gravets","Madawalamulla North"
Galle,"Galle Four Gravets","Madawalamulla South"
Galle,"Galle Four Gravets","Deddugoda North"
Galle,"Galle Four Gravets","Deddugoda South"
Galle,"Galle Four Gravets",Maitipe
Galle,"Galle Four Gravets",Welipatha
Galle,"Galle Four Gravets",Maligaspe
Galle,"Galle Four Gravets","Dangedara East"
Galle,"Galle Four Gravets","Dangedara West"
Galle,"Galle Four Gravets",Bataganvila
Galle,"Galle Four Gravets",Galwadugoda
Galle,"Galle Four Gravets","Richmond Kanda"
Galle,"Galle Four Gravets","Bope West"
Galle,"Galle Four Gravets",Siyambalagahawatta
Galle,"Galle Four Gravets","Dadalla East"
Galle,"Galle Four Gravets","Dadalla West"
Galle,"Galle Four Gravets",Walawwatta
Galle,"Galle Four Gravets","Kumbalwella South"
Galle,"Galle Four Gravets",Mahamodara
Galle,"Galle Four Gravets",Osanagoda
Galle,"Galle Four Gravets",Kandewatta
Galle,"Galle Four Gravets",Sanghamittapura
Galle,"Galle Four Gravets",Madapathala
Galle,"Galle Four Gravets",Pokunawatta
Galle,"Galle Four Gravets",Milidduwa
Galle,"Galle Four Gravets","Ettiligoda South"
Galle,"Galle Four Gravets",Makuluwa
Galle,"Galle Four Gravets",Pettigalawatta
Galle,"Galle Four Gravets",Thalapitiya
Galle,"Galle Four Gravets",Kongaha
Galle,"Galle Four Gravets",Weliwatta
Galle,"Galle Four Gravets",Minuwangoda
Galle,"Galle Four Gravets",Kaluwella
Galle,"Galle Four Gravets","Cheena Koratuwa"
Galle,"Galle Four Gravets",Fort
Galle,"Galle Four Gravets",Magalla
Galle,"Galle Four Gravets",Dewathura
Galle,"Galle Four Gravets",Katugoda
Galle,"Galle Four Gravets",Dewata
Galle,Bope-Poddala,Poddala
Galle,Bope-Poddala,Pannamaga
Galle,Bope-Poddala,"Mulana West"
Galle,Bope-Poddala,"Mulana East"
Galle,Bope-Poddala,Panvila
Galle,Bope-Poddala,Narawala
Galle,Bope-Poddala,Walawatta
Galle,Bope-Poddala,Magadeniya
Galle,Bope-Poddala,Baswatta
Galle,Bope-Poddala,Addaragoda
Galle,Bope-Poddala,Meepawala
Galle,Bope-Poddala,Penideniya
Galle,Bope-Poddala,Opatha
Galle,Bope-Poddala,Wakwella
Galle,Bope-Poddala,Niladeniya
Galle,Bope-Poddala,Hapugala
Galle,Bope-Poddala,Beraliyadola
Galle,Bope-Poddala,Silvagewatta
Galle,Bope-Poddala,Uluvitike
Galle,Bope-Poddala,Holuwagoda
Galle,Bope-Poddala,Labudoowa
Galle,Bope-Poddala,"Kurunda Kanda"
Galle,Bope-Poddala,Kurunda
Galle,Bope-Poddala,Thotagoda
Galle,Bope-Poddala,Galketiya
Galle,Bope-Poddala,Godakanda
Galle,Bope-Poddala,Bangalawatta
Galle,Bope-Poddala,Bokaramullagoda
Galle,Bope-Poddala,Thunhiripana
Galle,Bope-Poddala,Abeysundarawatta
Galle,Bope-Poddala,"Watareka  East"
Galle,Bope-Poddala,Pelawatta
Galle,Bope-Poddala,Mampitiya
Galle,Bope-Poddala,"Kalegana South"
Galle,Bope-Poddala,"Kalegana North"
Galle,Bope-Poddala,Kithulampitiya
Galle,Bope-Poddala,"Kahadoowa Watta"
Galle,Bope-Poddala,Nawinna
Galle,Bope-Poddala,Hirimburagama
Galle,Bope-Poddala,Karapitiya
Galle,Bope-Poddala,Ambagahawatta
Galle,Bope-Poddala,Kapuhempala
Galle,Bope-Poddala,Kerenvila
Galle,Bope-Poddala,Paliwathugoda
Galle,Akmeemana,Thalgasyaya
Galle,Akmeemana,Niyagama
Galle,Akmeemana,Ambagahavila
Galle,Akmeemana,"Ihalagoda East"
Galle,Akmeemana,Amalgama
Galle,Akmeemana,Ketandola
Galle,Akmeemana,"Hiyare North"
Galle,Akmeemana,Kandahena
Galle,Akmeemana,Welihena
Galle,Akmeemana,Kadurugashena
Galle,Akmeemana,"Hiyare East"
Galle,Akmeemana,"Ihala Hiyare"
Galle,Akmeemana,"Hiyare South"
Galle,Akmeemana,Etambagasmulla
Galle,Akmeemana,"Ihalagoda Colony"
Galle,Akmeemana,"Ihalagoda South"
Galle,Akmeemana,"Ihalagoda West"
Galle,Akmeemana,Akmeemana
Galle,Akmeemana,Ganegoda
Galle,Akmeemana,"Ganegoda West"
Galle,Akmeemana,Kirindagoda
Galle,Akmeemana,"Badungoda Colony"
Galle,Akmeemana,Badungoda
Galle,Akmeemana,"Pinnadoowa Colony"
Galle,Akmeemana,Weliketiya
Galle,Akmeemana,Halgasmulla
Galle,Akmeemana,Amukotuwa
Galle,Akmeemana,Nivithipitigoda
Galle,Akmeemana,Thalahitiyawa
Galle,Akmeemana,Ankokkawala
Galle,Akmeemana,Pinnadoowa
Galle,Akmeemana,Manavila
Galle,Akmeemana,Walahanduwa
Galle,Akmeemana,Yakgaha
Galle,Akmeemana,Meegoda
Galle,Akmeemana,Pilana
Galle,Akmeemana,Pedinnoruwa
Galle,Akmeemana,Melegoda
Galle,Akmeemana,Bambaragoda
Galle,Akmeemana,Anangoda
Galle,Akmeemana,Hinidumgoda
Galle,Akmeemana,"Kerenvila Colony"
Galle,Akmeemana,Haliwala
Galle,Akmeemana,"Ettiligoda North"
Galle,Akmeemana,Ambalanwatta
Galle,Akmeemana,Jambuketiya
Galle,Akmeemana,Batadoowa
Galle,Akmeemana,Kaduruduwa
Galle,Akmeemana,Panagamuwa
Galle,Akmeemana,Galgamuwa
Galle,Akmeemana,"Divulana Colony"
Galle,Akmeemana,Hadugoda
Galle,Akmeemana,Kalahe
Galle,Akmeemana,Wanchawala
Galle,Akmeemana,Attaragoda
Galle,Akmeemana,Nugadoowa
Galle,Akmeemana,"Batadoowa West"
Galle,Akmeemana,Thalpegoda
Galle,Akmeemana,Yatagama
Galle,Akmeemana,Rathkindagoda
Galle,Akmeemana,Metaramba
Galle,Akmeemana,"Thalpe North"
Galle,Akmeemana,Nagahawatta
Galle,Yakkalamulla,Nawala
Galle,Yakkalamulla,"Thellambura North"
Galle,Yakkalamulla,Nakiyadeniya
Galle,Yakkalamulla,"Nakiyadeniya North"
Galle,Yakkalamulla,Wattehena
Galle,Yakkalamulla,Wathogala
Galle,Yakkalamulla,Moraketiya
Galle,Yakkalamulla,Gahalakoladeniya
Galle,Yakkalamulla,Udumalagala
Galle,Yakkalamulla,"Ihala Nakiyadeniya"
Galle,Yakkalamulla,"Pahala Thellambura"
Galle,Yakkalamulla,"Ihala Thellambura"
Galle,Yakkalamulla,Nevungala
Galle,Yakkalamulla,"Nevungala South"
Galle,Yakkalamulla,Kottawa
Galle,Yakkalamulla,"Thellambura South"
Galle,Yakkalamulla,"Yakkalamulla East"
Galle,Yakkalamulla,Nabadawa
Galle,Yakkalamulla,Yatamalagala
Galle,Yakkalamulla,"Ihala Karagoda"
Galle,Yakkalamulla,"Magedara North"
Galle,Yakkalamulla,"Magedara East"
Galle,Yakkalamulla,"Ella Ihala"
Galle,Yakkalamulla,Magedara
Galle,Yakkalamulla,Uduwella
Galle,Yakkalamulla,Karagoda
Galle,Yakkalamulla,"Pahala Karagoda"
Galle,Yakkalamulla,Polpagoda
Galle,Yakkalamulla,Beranagoda
Galle,Yakkalamulla,Yakkalamulla
Galle,Yakkalamulla,"Kottawa East"
Galle,Yakkalamulla,"Kottawa West"
Galle,Yakkalamulla,"Thalgampala North"
Galle,Yakkalamulla,Udubettawa
Galle,Yakkalamulla,"Udubettawa West"
Galle,Yakkalamulla,Thalgampala
Galle,Yakkalamulla,Hiriyamalkumbura
Galle,Yakkalamulla,Polpagoda_West
Galle,Yakkalamulla,Kaludiyawala
Galle,Yakkalamulla,Badungala
Galle,Yakkalamulla,Rathamalaketiya
Galle,Yakkalamulla,Welendawa
Galle,Yakkalamulla,"Pahala Walpola"
Galle,Yakkalamulla,"Ihala Walpala"
Galle,Imaduwa,Pitawalahena
Galle,Imaduwa,Mayakaduwa
Galle,Imaduwa,Kabaragala
Galle,Imaduwa,Danduwana
Galle,Imaduwa,Hatangala
Galle,Imaduwa,Bandipita
Galle,Imaduwa,Puswelkada
Galle,Imaduwa,"Ihala Kombala"
Galle,Imaduwa,Kombala
Galle,Imaduwa,"Imaduwa Athireka"
Galle,Imaduwa,Paragoda
Galle,Imaduwa,Wathawana
Galle,Imaduwa,"Hawpe North"
Galle,Imaduwa,Hawpe
Galle,Imaduwa,Angulugaha
Galle,Imaduwa,Rangoda
Galle,Imaduwa,Dorape
Galle,Imaduwa,Welikonda
Galle,Imaduwa,Pelawatta
Galle,Imaduwa,Polhena
Galle,Imaduwa,Kahanda
Galle,Imaduwa,"Kahanda Athireka 1"
Galle,Imaduwa,Godaudamandiya
Galle,Imaduwa,Mawella
Galle,Imaduwa,"Deegoda Athireka 01"
Galle,Imaduwa,Imaduwa
Galle,Imaduwa,Hettigoda
Galle,Imaduwa,Deegoda
Galle,Imaduwa,Kalugalagoda
Galle,Imaduwa,"Ihala Mawella"
Galle,Imaduwa,"Thiththagalla East"
Galle,Imaduwa,Ampavila
Galle,Imaduwa,MalalgodaPitiya
Galle,Imaduwa,Dikkumbura
Galle,Imaduwa,"Kodagoda South"
Galle,Imaduwa,"Kodagoda East"
Galle,Imaduwa,Horadugoda
Galle,Imaduwa,Ellalagoda
Galle,Imaduwa,Andugoda
Galle,Imaduwa,Panugalgoda
Galle,Imaduwa,Indurannavila
Galle,Imaduwa,Atanikitha
Galle,Imaduwa,"Thiththagalla west"
Galle,Habaraduwa,Yaddehimulla
Galle,Habaraduwa,Bonavistawa
Galle,Habaraduwa,"Unawatuna West"
Galle,Habaraduwa,"Unwatuna East"
Galle,Habaraduwa,Maharamba
Galle,Habaraduwa,Dalawella
Galle,Habaraduwa,"Unawatuna Central"
Galle,Habaraduwa,"Thalpe West"
Galle,Habaraduwa,"Heenatigala South"
Galle,Habaraduwa,WelIethota
Galle,Habaraduwa,Halloluwagoda
Galle,Habaraduwa,Handogoda
Galle,Habaraduwa,Dadampe
Galle,Habaraduwa,Attaragoda
Galle,Habaraduwa,"Talpe East"
Galle,Habaraduwa,Kahawennagama
Galle,Habaraduwa,Morampitigoda
Galle,Habaraduwa,Uragasgoda
Galle,Habaraduwa,Pitidoowa
Galle,Habaraduwa,Meepe
Galle,Habaraduwa,Bogahamulugoda
Galle,Habaraduwa,Happawana
Galle,Habaraduwa,Annasiwathugoda
Galle,Habaraduwa,"Harumalgoda West"
Galle,Habaraduwa,Lanumodara
Galle,Habaraduwa,Liyanagoda
Galle,Habaraduwa,Katukurunda
Galle,Habaraduwa,"Harumalgoda Central"
Galle,Habaraduwa,Godawaththa
Galle,Habaraduwa,"Harumalgoda East"
Galle,Habaraduwa,"Koggala Athireka 1"
Galle,Habaraduwa,"Koggala Athireka II"
Galle,Habaraduwa,Koggala
Galle,Habaraduwa,"Kathaluwa West"
Galle,Habaraduwa,Atadagevathugoda
Galle,Habaraduwa,"Kathaluwa East"
Galle,Habaraduwa,Welhengoda
Galle,Habaraduwa,"Kathaluwa Central"
Galle,Habaraduwa,Alawathuthisgoda
Galle,Habaraduwa,Pelessa
Galle,Habaraduwa,Korahedigoda
Galle,Habaraduwa,"Ahangama Nakanda"
Galle,Habaraduwa,Kalapuwa
Galle,Habaraduwa,Ahangamgoda
Galle,Habaraduwa,Daduhala
Galle,Habaraduwa,Meegahagoda
Galle,Habaraduwa,Kahawathugoda
Galle,Habaraduwa,Meliyagoda
Galle,Habaraduwa,"Piyadigama West"
Galle,Habaraduwa,Wadugegoda
Galle,Habaraduwa,Karandugoda
Galle,Habaraduwa,Kalahegoda
Galle,Habaraduwa,Dommannegoda
Galle,Habaraduwa,"Piyadigama East"
Galle,Habaraduwa,"Ahangama Central"
Galle,Habaraduwa,Digaredda
Galle,Habaraduwa,Thaldoowa
Galle,Habaraduwa,"Ahangama East"
Galle,Habaraduwa,Goviyapana
Matara,Pitabeddara,Kalubovitiyana
Matara,Pitabeddara,Galabada
Matara,Pitabeddara,Ambewela
Matara,Pitabeddara,"Dangala West"
Matara,Pitabeddara,"Banagala East"
Matara,Pitabeddara,"Dangala East"
Matara,Pitabeddara,"Banagala West"
Matara,Pitabeddara,"Edandukitha West"
Matara,Pitabeddara,"Edandukitha East"
Matara,Pitabeddara,"Alapaladeniya South"
Matara,Pitabeddara,"Alapaladeniya North"
Matara,Pitabeddara,"Kiriwelkele North"
Matara,Pitabeddara,"Rambukana West"
Matara,Pitabeddara,"Kodikaragoda West"
Matara,Pitabeddara,"Kodikaragoda East"
Matara,Pitabeddara,Weliwa
Matara,Pitabeddara,"Rambukana East"
Matara,Pitabeddara,Thalapekumbura
Matara,Pitabeddara,Kudagalahena
Matara,Pitabeddara,"Kiriwelkele South"
Matara,Pitabeddara,Derangala
Matara,Pitabeddara,Thennahena
Matara,Pitabeddara,Gorakawela
Matara,Pitabeddara,"Siyambalagoda West"
Matara,Pitabeddara,Kosnilgoda
Matara,Pitabeddara,Aluwana
Matara,Pitabeddara,Paradupalla
Matara,Pitabeddara,Mahapothuvila
Matara,Pitabeddara,Dankoluwa
Matara,Pitabeddara,Pitabeddara
Matara,Pitabeddara,Kaduruwana
Matara,Pitabeddara,Dehigaspa
Matara,Pitabeddara,Kotagala
Matara,Pitabeddara,"Siyambalagoda East"
Matara,Pitabeddara,Wanasinkanda
Matara,Pitabeddara,Diyadawa
Matara,Pitabeddara,"Ihala Ainagama"
Matara,Pitabeddara,Elamaldeniya
Matara,Pitabeddara,Wathurakubura
Matara,Pitabeddara,Puwakbadovita
Matara,Kotapola,Mederipitiya
Matara,Kotapola,Keeriwalagama
Matara,Kotapola,Kiriweldola
Matara,Kotapola,Kandilpana
Matara,Kotapola,Viharahena
Matara,Kotapola,Adaradeniya
Matara,Kotapola,Ihalagama
Matara,Kotapola,Bateyaya
Matara,Kotapola,Pussawela
Matara,Kotapola,"Pallegama North"
Matara,Kotapola,"Pathawala Nadakanda"
Matara,Kotapola,Poddana
Matara,Kotapola,Kolawenigama
Matara,Kotapola,"Pallegama South"
Matara,Kotapola,"Deniyaya West"
Matara,Kotapola,Deniyaya
Matara,Kotapola,Kalugalahena
Matara,Kotapola,Thenipita
Matara,Kotapola,Mugunumulla
Matara,Kotapola,Nawalahena
Matara,Kotapola,"Kotapola North"
Matara,Kotapola,Nishshankapura
Matara,Kotapola,Beliattakumbura
Matara,Kotapola,Morawaka
Matara,Kotapola,Porupitiya
Matara,Kotapola,Waralla
Matara,Kotapola,Koodaludeniya
Matara,Kotapola,"Kotapola South"
Matara,Kotapola,Usamalagoda
Matara,Kotapola,Lindagawahena
Matara,Kotapola,Kosmodara
Matara,Kotapola,Ilukpitiya
Matara,Kotapola,"Horagala East"
Matara,Kotapola,"Horagala West"
Matara,Kotapola,Uvaragala
Matara,Kotapola,Pelawatta
Matara,Kotapola,Paragala
Matara,Pasgoda,"Batandura South"
Matara,Pasgoda,"Batandura North"
Matara,Pasgoda,Thalapalakanda
Matara,Pasgoda,Kekundeniya
Matara,Pasgoda,Ketawala
Matara,Pasgoda,"Ginnaliya North"
Matara,Pasgoda,Pattigala
Matara,Pasgoda,"Beralapanathara South"
Matara,Pasgoda,"Beralapanathara North"
Matara,Pasgoda,Wijayagama
Matara,Pasgoda,Pathavita
Matara,Pasgoda,Kirilipana
Matara,Pasgoda,Moragala
Matara,Pasgoda,"Keeripitiya East"
Matara,Pasgoda,Urubokka
Matara,Pasgoda,"Ginnaliya West"
Matara,Pasgoda,"Ginnaliya South"
Matara,Pasgoda,"Ginnaliya East"
Matara,Pasgoda,Mekiliyathenna
Matara,Pasgoda,Heegoda
Matara,Pasgoda,"Keeripitiya West"
Matara,Pasgoda,Pothdeniya
Matara,Pasgoda,"Mologgamuwa North"
Matara,Pasgoda,"Mologgamuwa South"
Matara,Pasgoda,"Bengamuwa West"
Matara,Pasgoda,"Bengamuwa East"
Matara,Pasgoda,"Dampahala West"
Matara,Pasgoda,Hulankanda
Matara,Pasgoda,"Dampahala East"
Matara,Pasgoda,Pasgoda
Matara,Pasgoda,"Bengamuwa South"
Matara,Pasgoda,Denkandaliya
Matara,Pasgoda,"Panakaduwa West"
Matara,Pasgoda,"Rotumba East"
Matara,Pasgoda,Napathella
Matara,Pasgoda,Andaluwa
Matara,Pasgoda,Ehelakanda
Matara,Pasgoda,Galketikanda
Matara,Pasgoda,"Rotumba West"
Matara,Pasgoda,"Panakaduwa East"
Matara,Pasgoda,Gomila
Matara,Pasgoda,Puwakgahahena
Matara,Pasgoda,Mawarala
Matara,Mulatiyana,"Gombaddala North"
Matara,Mulatiyana,Kudapana
Matara,Mulatiyana,Ketapalakanda
Matara,Mulatiyana,Gammedagama
Matara,Mulatiyana,"Ketiyape North"
Matara,Mulatiyana,Athapattukanda
Matara,Mulatiyana,"Parapamulla East"
Matara,Mulatiyana,"Ketiyape South"
Matara,Mulatiyana,Galetumba
Matara,Mulatiyana,Neralampitiya
Matara,Mulatiyana,Mulatiyana
Matara,Mulatiyana,"Diddenipotha North"
Matara,Mulatiyana,"Beragama North"
Matara,Mulatiyana,"Gombaddala South"
Matara,Mulatiyana,"Beragama West"
Matara,Mulatiyana,"Beragama South"
Matara,Mulatiyana,"Makandura West"
Matara,Mulatiyana,"Beragama East"
Matara,Mulatiyana,"Diddenipotha East"
Matara,Mulatiyana,"Diddenipotha South"
Matara,Mulatiyana,"Seenipella West"
Matara,Mulatiyana,Maduwala
Matara,Mulatiyana,"Seenipella East"
Matara,Mulatiyana,Deiyandara
Matara,Mulatiyana,"Parapamulla West"
Matara,Mulatiyana,"Parapamulla South"
Matara,Mulatiyana,"Dewalegama West"
Matara,Mulatiyana,"Dewalegama East"
Matara,Mulatiyana,Batadola
Matara,Mulatiyana,Kithsiripura
Matara,Mulatiyana,"Radawela West"
Matara,Mulatiyana,Belpamulla
Matara,Mulatiyana,"Bamunugama West"
Matara,Mulatiyana,"Makandura  East"
Matara,Mulatiyana,"Ransegoda East"
Matara,Mulatiyana,Meepavita
Matara,Mulatiyana,Mudaligedara
Matara,Mulatiyana,Rathkekulawa
Matara,Mulatiyana,"Ransegoda North"
Matara,Mulatiyana,"Ransegoda South"
Matara,Mulatiyana,"Ransegoda West"
Matara,Mulatiyana,Koramburuwana
Matara,Mulatiyana,"Horapavita South"
Matara,Mulatiyana,"Horapavita North"
Matara,Mulatiyana,"Bamunugama East"
Matara,Mulatiyana,"Radawela East"
Matara,Mulatiyana,Pallawela
Matara,Mulatiyana,Pitawalgamuwa
Matara,Athuraliya,Kehelwala
Matara,Athuraliya,Urumutta
Matara,Athuraliya,"Urumutta South"
Matara,Athuraliya,Dematapassa
Matara,Athuraliya,Divithura
Matara,Athuraliya,Welihena
Matara,Athuraliya,Hawpe
Matara,Athuraliya,"Thalahagama West"
Matara,Athuraliya,Wenagama
Matara,Athuraliya,"Thalahagama East"
Matara,Athuraliya,Uggashena
Matara,Athuraliya,"Vilpita West"
Matara,Athuraliya,Kanahalagama
Matara,Athuraliya,Godapitiya
Matara,Athuraliya,Maragoda
Matara,Athuraliya,Panadugama
Matara,Athuraliya,"Thibbotuwawa North"
Matara,Athuraliya,Walagepiyadda
Matara,Athuraliya,"Vilpita East 1"
Matara,Athuraliya,"Vilpita East 11"
Matara,Athuraliya,Yahamulla
Matara,Athuraliya,Namburukanda
Matara,Athuraliya,"Ihala Athuraliya"
Matara,Athuraliya,Balakawala
Matara,Athuraliya,Thibbotuwawa
Matara,Athuraliya,"Athuraliya West"
Matara,Athuraliya,"Athuraliya East"
Matara,Athuraliya,"Pahala Athuraliya"
Matara,Akurassa,Diganahena
Matara,Akurassa,"Lenama North"
Matara,Akurassa,Hulandawa
Matara,Akurassa,"Maramba North"
Matara,Akurassa,"Peddapitiya North"
Matara,Akurassa,Idikatudeniya
Matara,Akurassa,"Lenama South"
Matara,Akurassa,Udupitiya
Matara,Akurassa,Weliketiya
Matara,Akurassa,Dediyagala
Matara,Akurassa,Vilagama
Matara,Akurassa,Ehelape
Matara,Akurassa,Dolamawatha
Matara,Akurassa,Kohugoda
Matara,Akurassa,"Ihala Maliduwa"
Matara,Akurassa,Ketanvila
Matara,Akurassa,Nawalagoda
Matara,Akurassa,Ellewela
Matara,Akurassa,Minipogoda
Matara,Akurassa,"Peddapitiya South"
Matara,Akurassa,"Maramba South"
Matara,Akurassa,Ganhela
Matara,Akurassa,Asmagoda
Matara,Akurassa,Higgoda
Matara,Akurassa,Diyalape
Matara,Akurassa,Eramudugoda
Matara,Akurassa,Manikgoda
Matara,Akurassa,"Pahala Maliduwa"
Matara,Akurassa,Bopitiya
Matara,Akurassa,Iluppella
Matara,Akurassa,Imbulgoda
Matara,Akurassa,Poramba
Matara,Akurassa,Akuressa
Matara,Akurassa,Yakabedda
Matara,Akurassa,Galabadahena
Matara,Akurassa,"Ihala Kiyanduwa"
Matara,Akurassa,Melewwa
Matara,Akurassa,"Paraduwa North"
Matara,Akurassa,"Paraduwa East"
Matara,Akurassa,"Paraduwa South"
Matara,Akurassa,Henegama
Matara,Akurassa,"Henegama West"
Matara,Akurassa,Gallala
Matara,Akurassa,"Nimalawa East"
Matara,Akurassa,Nimalawa
Matara,Akurassa,Paragahawatta
Matara,Welipitiya,"Wahala Kananke North"
Matara,Welipitiya,Nivithiwelbokka
Matara,Welipitiya,"Poramba Kananke North"
Matara,Welipitiya,Puhulahena
Matara,Welipitiya,"Poramba Kananke South"
Matara,Welipitiya,"Wahala Kananke South"
Matara,Welipitiya,Nalawana
Matara,Welipitiya,"Penetiyana West"
Matara,Welipitiya,"Penetiyana East"
Matara,Welipitiya,Wellana
Matara,Welipitiya,"Udukawa North"
Matara,Welipitiya,"Udukawa South"
Matara,Welipitiya,Hallala
Matara,Welipitiya,Bathalahena
Matara,Welipitiya,"Kokmaduwa North"
Matara,Welipitiya,"Sahabandu Kokmaduwa"
Matara,Welipitiya,"Jamburegoda East"
Matara,Welipitiya,"Padili Kokmaduwa"
Matara,Welipitiya,Beraleliya
Matara,Welipitiya,Jayawickramapura
Matara,Welipitiya,"Warakapitiya North"
Matara,Welipitiya,"Warakapitiya East"
Matara,Welipitiya,"Warakapitiya South"
Matara,Welipitiya,Meeruppa
Matara,Welipitiya,Uruvitiya
Matara,Welipitiya,Watagedaramulla
Matara,Welipitiya,Moonamalpe
Matara,Welipitiya,Welipitiya
Matara,Welipitiya,Palalla
Matara,Welipitiya,"Jamburegoda West"
Matara,Welipitiya,Ibbawala
Matara,Welipitiya,Vilegoda
Matara,Welipitiya,Borala
Matara,Welipitiya,Maduragoda
Matara,Welipitiya,Kapuwatta
Matara,Welipitiya,"Denipitiya Central"
Matara,Welipitiya,"Denipitiya West"
Matara,Welipitiya,"Denipitiya East"
Matara,Malimbada,Elgiriya
Matara,Malimbada,"Pahala Kiyaduwa"
Matara,Malimbada,Maragoda
Matara,Malimbada,Kekunawela
Matara,Malimbada,Kadduwa
Matara,Malimbada,Dampella
Matara,Malimbada,"Horagoda East"
Matara,Malimbada,"Horagoda West"
Matara,Malimbada,"Horagoda South"
Matara,Malimbada,Kadukanna
Matara,Malimbada,Welandagoda
Matara,Malimbada,Uninduwela
Matara,Malimbada,Thelijjavila
Matara,Malimbada,Nape
Matara,Malimbada,"Akurugoda North"
Matara,Malimbada,"Akurugoda East"
Matara,Malimbada,"Kirimetimulla South"
Matara,Malimbada,"Kirimetimulla North"
Matara,Malimbada,"Malimbada West"
Matara,Malimbada,Katuwangoda
Matara,Malimbada,"Malimbada East"
Matara,Malimbada,"Malimbada North"
Matara,Malimbada,"Malimbada South"
Matara,Malimbada,Galpamuna
Matara,Malimbada,"Akurugoda South"
Matara,Malimbada,"Akurugoda West"
Matara,Malimbada,"Sulthanagoda West"
Matara,Malimbada,"Sulthanagoda East"
Matara,Malimbada,"Sulthanagoda South"
Matara,Kamburupitiya,"Gathara West"
Matara,Kamburupitiya,"Gathara North"
Matara,Kamburupitiya,"Gathara East"
Matara,Kamburupitiya,Beragammulla
Matara,Kamburupitiya,Eriyathota
Matara,Kamburupitiya,Ganegama
Matara,Kamburupitiya,"Narandeniya East"
Matara,Kamburupitiya,"Narandeniya West"
Matara,Kamburupitiya,Malana
Matara,Kamburupitiya,Magamure
Matara,Kamburupitiya,Sapugoda
Matara,Kamburupitiya,Lenabatuwa
Matara,Kamburupitiya,Bibulewela
Matara,Kamburupitiya,Godawa
Matara,Kamburupitiya,Pitakatuwana
Matara,Kamburupitiya,Kamburupitiya
Matara,Kamburupitiya,"Ullala East"
Matara,Kamburupitiya,Thumbe
Matara,Kamburupitiya,"Karaputugala North"
Matara,Kamburupitiya,"Karaputugala South"
Matara,Kamburupitiya,"Ullala Masmulla"
Matara,Kamburupitiya,"Ullala West"
Matara,Kamburupitiya,"Mapalana Mangin Ihala"
Matara,Kamburupitiya,"Mapalana Mangin Pahala"
Matara,Kamburupitiya,Seewelgama
Matara,Kamburupitiya,"Ihala Vitiyala North"
Matara,Kamburupitiya,"Karagoda Uyangoda 1 Atha East"
Matara,Kamburupitiya,"Karagoda Uyangoda 1 Atha West"
Matara,Kamburupitiya,"Karagoda Uyangoda 2 West"
Matara,Kamburupitiya,"Karagoda Uyangoda 2 East"
Matara,Kamburupitiya,"Ihala Vitiyala West"
Matara,Kamburupitiya,"Ihala Vitiyala South"
Matara,Kamburupitiya,"Ihala Vitiyala East"
Matara,Kamburupitiya,Akurugoda
Matara,Kamburupitiya,Kahagala
Matara,Kamburupitiya,"Kahagala South"
Matara,Kamburupitiya,"Urapola East"
Matara,Kamburupitiya,Palolpitiya
Matara,Kamburupitiya,"Urapola West"
Matara,Hakmana,"Denagama East"
Matara,Hakmana,"Denagama North"
Matara,Hakmana,"Denagama West"
Matara,Hakmana,Badabadda
Matara,Hakmana,Meeella
Matara,Hakmana,"Pananwela East"
Matara,Hakmana,"Pananwela west"
Matara,Hakmana,Kohuliyadda
Matara,Hakmana,"Kebiliyapola North"
Matara,Hakmana,"Wepathaira North"
Matara,Hakmana,"Wepathaira West"
Matara,Hakmana,Kandegoda
Matara,Hakmana,"Narawelpita East"
Matara,Hakmana,"Narawelpita North"
Matara,Hakmana,"Ellewela East"
Matara,Hakmana,"Ellewela West"
Matara,Hakmana,"Narawelpita South"
Matara,Hakmana,Beruwela
Matara,Hakmana,Muruthamuraya
Matara,Hakmana,"Muruthamuraya West"
Matara,Hakmana,"Muruthamuraya East"
Matara,Hakmana,"Wepathaira South"
Matara,Hakmana,"Kebiliyapola South"
Matara,Hakmana,Gangodagama
Matara,Hakmana,Pottewela
Matara,Hakmana,Lalpe
Matara,Hakmana,Gammedapitiya
Matara,Hakmana,"Udupeellegoda East"
Matara,Hakmana,"Udupeellegoda West"
Matara,Hakmana,"Kongala East"
Matara,Hakmana,"Kongala South"
Matara,Hakmana,"Kongala Central"
Matara,Hakmana,"Kongala West"
Matara,Hakmana,"Narawelpita West"
Matara,"Kirinda -Puhulwella","Ovitigamuwa South"
Matara,"Kirinda -Puhulwella","Ovitigamuwa North"
Matara,"Kirinda -Puhulwella",Malwathugoda
Matara,"Kirinda -Puhulwella",Galkanda
Matara,"Kirinda -Puhulwella","Kirinda Mangin Pahala"
Matara,"Kirinda -Puhulwella","Kirinda Mangin Ihala North"
Matara,"Kirinda -Puhulwella","Hettiyawala West"
Matara,"Kirinda -Puhulwella","Hettiyawala North"
Matara,"Kirinda -Puhulwella",Boraluketiya
Matara,"Kirinda -Puhulwella",Karathota
Matara,"Kirinda -Puhulwella",Naradda
Matara,"Kirinda -Puhulwella",Kumbalgoda
Matara,"Kirinda -Puhulwella","Hettiyawala East"
Matara,"Kirinda -Puhulwella","Hettiyawala South"
Matara,"Kirinda -Puhulwella",Wavulanbokka
Matara,"Kirinda -Puhulwella","Puhulwella East"
Matara,"Kirinda -Puhulwella","Puhulwella West"
Matara,"Kirinda -Puhulwella","Kirinda Mangin Ihala South"
Matara,"Kirinda -Puhulwella","Kirinda Mangin Ihala Central"
Matara,"Kirinda -Puhulwella","Kirinda Mangin Ihala East"
Matara,"Kirinda -Puhulwella","Wathukolakanda East"
Matara,"Kirinda -Puhulwella","Walakanda South"
Matara,"Kirinda -Puhulwella","Walakanda West"
Matara,"Kirinda -Puhulwella","Walakanda East"
Matara,"Kirinda -Puhulwella","Wathukolakanda North"
Matara,Thihagoda,"Pahala Vitiyala West"
Matara,Thihagoda,"Pahala Vitiyala Central"
Matara,Thihagoda,"Pahala Vitiyala East"
Matara,Thihagoda,Polathugoda
Matara,Thihagoda,"Batuvita 1"
Matara,Thihagoda,"Batuvita 2"
Matara,Thihagoda,Medauyangoda
Matara,Thihagoda,"Akkara Panaha"
Matara,Thihagoda,Yatiyana
Matara,Thihagoda,Kottawatta
Matara,Thihagoda,"Komangoda 2"
Matara,Thihagoda,"Komangoda 1"
Matara,Thihagoda,"Thihagoda East"
Matara,Thihagoda,Thihagoda
Matara,Thihagoda,"Kithalagama East 2"
Matara,Thihagoda,"Kithalagama East 3"
Matara,Thihagoda,"Kithalagama Central"
Matara,Thihagoda,Narangala
Matara,Thihagoda,Wellethota
Matara,Thihagoda,"Kithalagama West"
Matara,Thihagoda,"Kithalagama East 1"
Matara,Thihagoda,"Naimbala 1"
Matara,Thihagoda,Kapudoowa
Matara,Thihagoda,"Kapudoowa East"
Matara,Thihagoda,"Uduwa West"
Matara,Thihagoda,"Uduwa East"
Matara,Thihagoda,Galbada
Matara,Thihagoda,"Naimbala 2"
Matara,Thihagoda,"Bandattara 2"
Matara,Thihagoda,"Watagedara East"
Matara,Thihagoda,Attudawa
Matara,Thihagoda,"Attudawa West"
Matara,Thihagoda,Watagedara
Matara,Thihagoda,"Nadugala 2"
Matara,Thihagoda,"Nadugala 1"
Matara,Thihagoda,"Bandattara 1"
Matara,Thihagoda,Elambathalagoda
Matara,Thihagoda,Palatuwa
Matara,Thihagoda,Unella
Matara,Thihagoda,Dematahettigoda
Matara,Weligama,"Midigama North"
Matara,Weligama,Pathegama
Matara,Weligama,"Moodugamuwa West"
Matara,Weligama,"Moodugamuwa East"
Matara,Weligama,Kohunugamuwa
Matara,Weligama,Walana
Matara,Weligama,Wekada
Matara,Weligama,Denuwala
Matara,Weligama,"Midigama West"
Matara,Weligama,"Midigama East"
Matara,Weligama,"Hetti  Weediya"
Matara,Weligama,"Aluth Weediya"
Matara,Weligama,Polwatta
Matara,Weligama,Nidangala
Matara,Weligama,"Kotavila West"
Matara,Weligama,"Kotavila North"
Matara,Weligama,"Kamburugamuwa North"
Matara,Weligama,"Kotavila South"
Matara,Weligama,"Henwala East"
Matara,Weligama,Polwathumodara
Matara,Weligama,"Pelena North"
Matara,Weligama,"Pelena West"
Matara,Weligama,"Galbokka East"
Matara,Weligama,"Galbokka West"
Matara,Weligama,Paranakade
Matara,Weligama,"Walliwala East"
Matara,Weligama,Pitidoowa
Matara,Weligama,Gurubebila
Matara,Weligama,"Walliwala West"
Matara,Weligama,"Walliwala South"
Matara,Weligama,"Maha Weediya"
Matara,Weligama,"Pelena South"
Matara,Weligama,"Henwala West"
Matara,Weligama,Garanduwa
Matara,Weligama,"Mirissa Udumulla"
Matara,Weligama,"Mirissa Udupila"
Matara,Weligama,"Mirissa North"
Matara,Weligama,"Mirissa South 2"
Matara,Weligama,"Kapparathota South"
Matara,Weligama,"Kapparathota North"
Matara,Weligama,"Mirissa South 1"
Matara,Weligama,Bandaramulla
Matara,Weligama,"Thal Aramba North"
Matara,Weligama,Thudella
Matara,Weligama,"Kamburugamuwa South"
Matara,Weligama,"Kamburugamuwa West"
Matara,Weligama,"Thal Aramba East"
Matara,Weligama,"Thal Aramba South"
Matara,"Matara Four Gravets","Deeyagaha East"
Matara,"Matara Four Gravets","Kekanadura East"
Matara,"Matara Four Gravets",Kokawala
Matara,"Matara Four Gravets","Parawahera East"
Matara,"Matara Four Gravets","Parawahera North"
Matara,"Matara Four Gravets","Kekanadura North  "
Matara,"Matara Four Gravets","Kekanadura Central"
Matara,"Matara Four Gravets","Deeyagaha West"
Matara,"Matara Four Gravets","Navimana North"
Matara,"Matara Four Gravets",Pahalagoda
Matara,"Matara Four Gravets","Navimana South"
Matara,"Matara Four Gravets","Thudawa East"
Matara,"Matara Four Gravets","Thudawa North"
Matara,"Matara Four Gravets","Thudawa South"
Matara,"Matara Four Gravets","Sudarshi Place"
Matara,"Matara Four Gravets","Hittetiya East"
Matara,"Matara Four Gravets","Hittetiya Meda"
Matara,"Matara Four Gravets",Godagama
Matara,"Matara Four Gravets","Eduwa - Madurudoowa"
Matara,"Matara Four Gravets","Kanattagoda North"
Matara,"Matara Four Gravets",Wewahamandoowa
Matara,"Matara Four Gravets","Hittetiya West"
Matara,"Matara Four Gravets","Isadeen Town"
Matara,"Matara Four Gravets","Weliweriya West"
Matara,"Matara Four Gravets","Weliweriya East"
Matara,"Matara Four Gravets",Walpala
Matara,"Matara Four Gravets",Weragampita
Matara,"Matara Four Gravets","Ruwan Ella"
Matara,"Matara Four Gravets","Kekanadura West"
Matara,"Matara Four Gravets","Kekanadura South"
Matara,"Matara Four Gravets","Parawahera South"
Matara,"Matara Four Gravets","Thalpavila North"
Matara,"Matara Four Gravets",Nakuttiya
Matara,"Matara Four Gravets",Veherahena
Matara,"Matara Four Gravets",Makavita
Matara,"Matara Four Gravets",Weradoowa
Matara,"Matara Four Gravets",Uyanwatta
Matara,"Matara Four Gravets","Uyanwatta North"
Matara,"Matara Four Gravets","Kadeweediya East"
Matara,"Matara Four Gravets","Kadeweediya West"
Matara,"Matara Four Gravets","Welegoda East"
Matara,"Matara Four Gravets","Welegoda West"
Matara,"Matara Four Gravets",Mathotagama
Matara,"Matara Four Gravets","Walgama North"
Matara,"Matara Four Gravets","Kanattegoda South"
Matara,"Matara Four Gravets","Madiha West"
Matara,"Matara Four Gravets",Walgama
Matara,"Matara Four Gravets","Walgama Meda"
Matara,"Matara Four Gravets","Walgama South"
Matara,"Matara Four Gravets","Madiha East"
Matara,"Matara Four Gravets",Polhena
Matara,"Matara Four Gravets",Pamburana
Matara,"Matara Four Gravets",Noope
Matara,"Matara Four Gravets","Kadeweediya South"
Matara,"Matara Four Gravets",Thotamuna
Matara,"Matara Four Gravets",Fort
Matara,"Matara Four Gravets","Kotuwegoda North"
Matara,"Matara Four Gravets","Eliyakanda North"
Matara,"Matara Four Gravets",Meddawatta
Matara,"Matara Four Gravets",Rassandeniya
Matara,"Matara Four Gravets","Wewa Ihalagoda"
Matara,"Matara Four Gravets","Thalpavila South"
Matara,"Matara Four Gravets",Gandarawatta
Matara,"Matara Four Gravets","Meddawatta South"
Matara,"Matara Four Gravets","Eliyakanda South"
Matara,"Matara Four Gravets","Kotuwegoda South"
Matara,Devinuwara,"Kadawedduwa West"
Matara,Devinuwara,"Kadawedduwa East"
Matara,Devinuwara,Walbulugahahena
Matara,Devinuwara,"Aparekka North"
Matara,Devinuwara,"Uda Aparekka East"
Matara,Devinuwara,"Uda Aparekka"
Matara,Devinuwara,"Palle Aparekka"
Matara,Devinuwara,Agarawala
Matara,Devinuwara,Beddegammedda
Matara,Devinuwara,"Pathegama East"
Matara,Devinuwara,"Pathegama North"
Matara,Devinuwara,Naotunna
Matara,Devinuwara,"Naotunna North"
Matara,Devinuwara,"Thalalla North"
Matara,Devinuwara,"Thalalla East"
Matara,Devinuwara,"Thalalla South"
Matara,Devinuwara,"Naotunna Central"
Matara,Devinuwara,"Naotunna South"
Matara,Devinuwara,"Thalalla Central"
Matara,Devinuwara,Delgalla
Matara,Devinuwara,"Kapugama North"
Matara,Devinuwara,"Kapugama West"
Matara,Devinuwara,"Gandarawatta South"
Matara,Devinuwara,"Kapugama Central"
Matara,Devinuwara,"Kapugama East"
Matara,Devinuwara,"Gandara East"
Matara,Devinuwara,Thalalla
Matara,Devinuwara,"Gandara South"
Matara,Devinuwara,"Gandara Central"
Matara,Devinuwara,"Gandara West"
Matara,Devinuwara,"Devinuwara North"
Matara,Devinuwara,"Devinuwara Central"
Matara,Devinuwara,"Devinuwara Nugegoda"
Matara,Devinuwara,"Devinuwara West"
Matara,Devinuwara,"Devinuwara East"
Matara,Devinuwara,"Devinuwara Wawwa"
Matara,Devinuwara,"Devinuwara Pradeepagara Pedesa"
Matara,Devinuwara,Devinuwara
Matara,Devinuwara,"Devinuwara Welegoda"
Matara,Devinuwara,"Devinuwara Sinhasana Pedesa"
Matara,Devinuwara,"Devinuwara  South"
Matara,Dickwella,"Urugamuwa North"
Matara,Dickwella,Bodarakanda
Matara,Dickwella,"Urugamuwa East"
Matara,Dickwella,"Urugamuwa Central"
Matara,Dickwella,"Urugamuwa West"
Matara,Dickwella,"Dandeniya North"
Matara,Dickwella,"Urugamuwa South"
Matara,Dickwella,Rannawala
Matara,Dickwella,Urugamuwa
Matara,Dickwella,Wehella
Matara,Dickwella,"Wehella North"
Matara,Dickwella,"Dandeniya South"
Matara,Dickwella,"Bambarenda North"
Matara,Dickwella,Pohosathugoda
Matara,Dickwella,Rathmale
Matara,Dickwella,"Bambarenda Central"
Matara,Dickwella,"Wehella South"
Matara,Dickwella,"Wattegama "
Matara,Dickwella,"Wattegama North"
Matara,Dickwella,"Walasgala West"
Matara,Dickwella,"Walasgala East"
Matara,Dickwella,Wevurukannala
Matara,Dickwella,"Dickwella North"
Matara,Dickwella,"Dodampahala North"
Matara,Dickwella,"Dodampahala East"
Matara,Dickwella,"Dodampahala Central"
Matara,Dickwella,"Dodampahala West"
Matara,Dickwella,"Dodampahala South"
Matara,Dickwella,"Dickwella East"
Matara,Dickwella,"Dickwella Central"
Matara,Dickwella,"Dickwella Muslim Yonakapura East"
Matara,Dickwella,"Dickwella Muslim Yonakapura West"
Matara,Dickwella,"Dickwella South"
Matara,Dickwella,"Wattegama South"
Matara,Dickwella,"Batheegama East"
Matara,Dickwella,"Batheegama  Central"
Matara,Dickwella,"Batheegama West"
Matara,Dickwella,"Bambarenda East"
Matara,Dickwella,"Bambarenda South"
Matara,Dickwella,"Bambarenda West"
Matara,Dickwella,Belideniya
Matara,Dickwella,"Pathegama Central"
Matara,Dickwella,"Pathegama South"
Matara,Dickwella,Beliwatta
Matara,Dickwella,Suduwella
Matara,Dickwella,Kottagoda
Matara,Dickwella,Godauda
Matara,Dickwella,Lunukalapuwa
Hambantota,Sooriyawewa,"Ihala Kumbukwewa"
Hambantota,Sooriyawewa,Mahagalwewa
Hambantota,Sooriyawewa,"Meegaha Jadura"
Hambantota,Sooriyawewa,Ranmuduwewa
Hambantota,Sooriyawewa,Weliwewa
Hambantota,Sooriyawewa,Suravirugama
Hambantota,Sooriyawewa,Samajasewapura
Hambantota,Sooriyawewa,Weeriyagama
Hambantota,Sooriyawewa,Hathporuwa
Hambantota,Sooriyawewa,"Weniwel Ara"
Hambantota,Sooriyawewa,"Aliolu Ara"
Hambantota,Sooriyawewa,"Sooriyawewa Town"
Hambantota,Sooriyawewa,Viharagala
Hambantota,Sooriyawewa,Beddewewa
Hambantota,Sooriyawewa,"Mahawelikada Ara"
Hambantota,Sooriyawewa,Andarawewa
Hambantota,Sooriyawewa,Namadagaswewa
Hambantota,Sooriyawewa,Mahapelessa
Hambantota,Sooriyawewa,Bediganthota
Hambantota,Sooriyawewa,Habarattawala
Hambantota,Sooriyawewa,Wediwewa
Hambantota,Lunugamvehera,"Maha Aluth Gam Ara"
Hambantota,Lunugamvehera,Angunakolawewa
Hambantota,Lunugamvehera,Veheragala
Hambantota,Lunugamvehera,Ranawarnawa
Hambantota,Lunugamvehera,Dewramvehera
Hambantota,Lunugamvehera,Bogahawewa
Hambantota,Lunugamvehera,Padavigama
Hambantota,Lunugamvehera,Punchiappujandura
Hambantota,Lunugamvehera,"Lunugamvehera New Town"
Hambantota,Lunugamvehera,Seenimunna
Hambantota,Lunugamvehera,Kandagasmankada
Hambantota,Lunugamvehera,Mahanagapura
Hambantota,Lunugamvehera,Muwanwewa
Hambantota,Lunugamvehera,"Weeravil Ara"
Hambantota,Lunugamvehera,Ittanwekada
Hambantota,Lunugamvehera,Mattala
Hambantota,Lunugamvehera,"Pahala Mattala"
Hambantota,Lunugamvehera,Mihindupura
Hambantota,Lunugamvehera,Abayapura
Hambantota,Lunugamvehera,Singhapura
Hambantota,Lunugamvehera,Senapura
Hambantota,Lunugamvehera,Agbopura
Hambantota,Lunugamvehera,"Karaba Wewa"
Hambantota,Lunugamvehera,Rambukwewa
Hambantota,Lunugamvehera,Keerthipura
Hambantota,Lunugamvehera,Samanpura
Hambantota,Lunugamvehera,Ranasiripura
Hambantota,Lunugamvehera,Weeravila
Hambantota,Lunugamvehera,Weligatta
Hambantota,Lunugamvehera,Beralihela
Hambantota,Lunugamvehera,Dutugamunupura
Hambantota,Lunugamvehera,Jayagama
Hambantota,Lunugamvehera,Parakumpura
Hambantota,Lunugamvehera,Saddathissapura
Hambantota,Lunugamvehera,"Saddhathissapura New Town"
Hambantota,Lunugamvehera,Saliyapura
Hambantota,Thissamaharama,Kawanthissapura
Hambantota,Thissamaharama,Kirinda
Hambantota,Thissamaharama,"Uddha Kandara"
Hambantota,Thissamaharama,Julpallama
Hambantota,Thissamaharama,Weerahela
Hambantota,Thissamaharama,Vijithapura
Hambantota,Thissamaharama,Ellagala
Hambantota,Thissamaharama,Anjaligala
Hambantota,Thissamaharama,Pannagamuwa
Hambantota,Thissamaharama,Dabeywelena
Hambantota,Thissamaharama,Mahindapura
Hambantota,Thissamaharama,Gemunupura
Hambantota,Thissamaharama,Ekamuthugama
Hambantota,Thissamaharama,Sadungama
Hambantota,Thissamaharama,Debarawewa
Hambantota,Thissamaharama,Kachcheriyagama
Hambantota,Thissamaharama,Sandagiripura
Hambantota,Thissamaharama,Mahasenpura
Hambantota,Thissamaharama,"Shuddha Nagaraya"
Hambantota,Thissamaharama,Medawelena
Hambantota,Thissamaharama,Rohanapura
Hambantota,Thissamaharama,Senapura
Hambantota,Thissamaharama,Gagasiripura
Hambantota,Thissamaharama,Polgahawelena
Hambantota,Thissamaharama,Randunuwatta
Hambantota,Thissamaharama,Molakepoopathana
Hambantota,Thissamaharama,Thissapura
Hambantota,Thissamaharama,Uduwila
Hambantota,Thissamaharama,Rubberwatta
Hambantota,Thissamaharama,Thissamaharama
Hambantota,Thissamaharama,Gotabhayapura
Hambantota,Thissamaharama,"Rana Keliya"
Hambantota,Thissamaharama,Yodhakandiya
Hambantota,Thissamaharama,Welipothawala
Hambantota,Thissamaharama,Halmillawa
Hambantota,Thissamaharama,"Rath Nelumyaya"
Hambantota,Thissamaharama,Gonagamuwa
Hambantota,Thissamaharama,Saliyapura
Hambantota,Thissamaharama,Nedigamvila
Hambantota,Thissamaharama,Vijayapura
Hambantota,Thissamaharama,Konwelena
Hambantota,Thissamaharama,Magama
Hambantota,Thissamaharama,Andaragasyaya
Hambantota,Tissamaharamaya,Viharamahadevipura
Hambantota,Hambantota,Elalla
Hambantota,Hambantota,Ketenwewa
Hambantota,Hambantota,Thammennawa
Hambantota,Hambantota,Badagiriya
Hambantota,Hambantota,"Yahangala East"
Hambantota,Hambantota,Joolgamuwa
Hambantota,Hambantota,"Yahangala West"
Hambantota,Hambantota,Keliyapura
Hambantota,Hambantota,Gonnoruwa
Hambantota,Hambantota,Bellagaswewa
Hambantota,Hambantota,Galwewa
Hambantota,Hambantota,"Siyambalagasvila South"
Hambantota,Hambantota,"Siyambalagasvila North"
Hambantota,Hambantota,Udaberagama
Hambantota,Hambantota,Arawanamulla
Hambantota,Hambantota,"Pahala Beragama"
Hambantota,Hambantota,Dehigahalanda
Hambantota,Hambantota,Walawa
Hambantota,Hambantota,Godawaya
Hambantota,Hambantota,Sisilasagama
Hambantota,Hambantota,Manajjawa
Hambantota,Hambantota,Samodagama
Hambantota,Hambantota,Mirijjavila
Hambantota,Hambantota,"Hambantota West"
Hambantota,Hambantota,"Hambantota East"
Hambantota,Hambantota,Siribopura
Hambantota,Hambantota,Koholankala
Hambantota,Hambantota,Pallemalala
Hambantota,Hambantota,Bundala
Hambantota,Hambantota,Siriyagama
Hambantota,Ambalantota,Siyambalakote
Hambantota,Ambalantota,Barawakumbura
Hambantota,Ambalantota,Thaligala
Hambantota,Ambalantota,Liyangasthota
Hambantota,Ambalantota,Wetiya
Hambantota,Ambalantota,Murawesihena
Hambantota,Ambalantota,Mahajandura
Hambantota,Ambalantota,Handunkatuwa
Hambantota,Ambalantota,Rote
Hambantota,Ambalantota,Hadavinna
Hambantota,Ambalantota,Ridiyagama
Hambantota,Ambalantota,Punchhenayayagama
Hambantota,Ambalantota,"Polier wattha"
Hambantota,Ambalantota,Godakoggala
Hambantota,Ambalantota,Koggalla
Hambantota,Ambalantota,Modarapiliwala
Hambantota,Ambalantota,"Bolana North"
Hambantota,Ambalantota,Jansagama
Hambantota,Ambalantota,"Mamadala South"
Hambantota,Ambalantota,Mamadala-North
Hambantota,Ambalantota,Ethbatuwa
Hambantota,Ambalantota,Mulana
Hambantota,Ambalantota,Eraminiyaya
Hambantota,Ambalantota,Ihalagama
Hambantota,Ambalantota,Deniya
Hambantota,Ambalantota,Alegoda-West
Hambantota,Ambalantota,"Elegoda East"
Hambantota,Ambalantota,Beminiyanwala
Hambantota,Ambalantota,"Walawewattha West"
Hambantota,Ambalantota,"Walawewattha East"
Hambantota,Ambalantota,"Bolana South"
Hambantota,Ambalantota,"Kuda Bolana"
Hambantota,Ambalantota,Palugahagodella
Hambantota,Ambalantota,Rotawala
Hambantota,Ambalantota,Uhapitagoda
Hambantota,Ambalantota,Miniethiliya
Hambantota,Ambalantota,Pingama
Hambantota,Ambalantota,Pallegama
Hambantota,Ambalantota,Hungama
Hambantota,Ambalantota,"Bataatha North"
Hambantota,Ambalantota,"Bataatha South"
Hambantota,Ambalantota,Hathagala
Hambantota,Ambalantota,"Kivula South"
Hambantota,Ambalantota,"Kivula North"
Hambantota,Ambalantota,"Lunawa North"
Hambantota,Ambalantota,"Lunawa South"
Hambantota,Ambalantota,Nonagama
Hambantota,Ambalantota,Ekassa
Hambantota,Ambalantota,Welipatanwila
Hambantota,Ambalantota,Malpettawa
Hambantota,Ambalantota,Puhulyaya
Hambantota,Ambalantota,"Ambalanthota North"
Hambantota,Ambalantota,"Ambalanthota South"
Hambantota,Ambalantota,Wanduruppa
Hambantota,Ambalantota,Thawaluvila
Hambantota,Angunakolapelessa,Kariyamaditta
Hambantota,Angunakolapelessa,"Dabarella North"
Hambantota,Angunakolapelessa,Rathmalwala
Hambantota,Angunakolapelessa,Kailawelapotawa
Hambantota,Angunakolapelessa,Kendaketiya
Hambantota,Angunakolapelessa,"Dabarella South"
Hambantota,Angunakolapelessa,"Thalawa North"
Hambantota,Angunakolapelessa,"Thalawa South"
Hambantota,Angunakolapelessa,"Debokkawa South"
Hambantota,Angunakolapelessa,"Debokkawa North"
Hambantota,Angunakolapelessa,Uswewa
Hambantota,Angunakolapelessa,Metigathwala
Hambantota,Angunakolapelessa,Amarathungama
Hambantota,Angunakolapelessa,Sooriyapokuna
Hambantota,Angunakolapelessa,Pahalagama
Hambantota,Angunakolapelessa,Kohombagaswewa
Hambantota,Angunakolapelessa,Dikwewa
Hambantota,Angunakolapelessa,Abesekaragama
Hambantota,Angunakolapelessa,Kalawelwala
Hambantota,Angunakolapelessa,"Meda Ara"
Hambantota,Angunakolapelessa,Binkama
Hambantota,Angunakolapelessa,Karagahawala
Hambantota,Angunakolapelessa,Dandenigama
Hambantota,Angunakolapelessa,Guruwala
Hambantota,Angunakolapelessa,Weeragaswewa
Hambantota,Angunakolapelessa,Gajanayakagama
Hambantota,Angunakolapelessa,Medagoda
Hambantota,Angunakolapelessa,Dimbulgoda
Hambantota,Angunakolapelessa,"Attanayala East"
Hambantota,Angunakolapelessa,"Attanayala West"
Hambantota,Angunakolapelessa,Wakamulla
Hambantota,Angunakolapelessa,Heenbunna
Hambantota,Angunakolapelessa,Makuladeniya
Hambantota,Angunakolapelessa,Udayala
Hambantota,Angunakolapelessa,Medayala
Hambantota,Angunakolapelessa,Bogamuwa
Hambantota,Angunakolapelessa,"Daha Amuna"
Hambantota,Angunakolapelessa,Julamulla
Hambantota,Angunakolapelessa,Jandura
Hambantota,Angunakolapelessa,Helekada
Hambantota,Angunakolapelessa,Aluthwewa
Hambantota,Angunakolapelessa,Kankanamgama
Hambantota,Angunakolapelessa,Achariyagama
Hambantota,Angunakolapelessa,Angunakolapelessa
Hambantota,Angunakolapelessa,Yakagala
Hambantota,Angunakolapelessa,"Gurunnehege Ara"
Hambantota,Angunakolapelessa,Kotawaya
Hambantota,Angunakolapelessa,Netalaporuwa
Hambantota,Angunakolapelessa,Hakuruwela
Hambantota,Angunakolapelessa,Indigetawela
Hambantota,Angunakolapelessa,"Gurunnehege Ara"
Hambantota,Weeraketiya,Mulanyaya
Hambantota,Weeraketiya,"Handapanagala Ayna"
Hambantota,Weeraketiya,"Heellage Ayna"
Hambantota,Weeraketiya,"Kudagal Ara"
Hambantota,Weeraketiya,"Okandayaya North"
Hambantota,Weeraketiya,"Okandayaya West"
Hambantota,Weeraketiya,Kaluwagahayaya
Hambantota,Weeraketiya,"Ihala Gonadeniya"
Hambantota,Weeraketiya,"Debokkawa West"
Hambantota,Weeraketiya,"Debokkawa East"
Hambantota,Weeraketiya,"Wekandawala North"
Hambantota,Weeraketiya,"Pahala Gonadeniya"
Hambantota,Weeraketiya,"Kuda Bibula North"
Hambantota,Weeraketiya,"Galpottayaya North"
Hambantota,Weeraketiya,"Galpottayaya South"
Hambantota,Weeraketiya,"Malhewage Ayna"
Hambantota,Weeraketiya,Kandamaditta
Hambantota,Weeraketiya,"Meegas Ara"
Hambantota,Weeraketiya,"Kuda Bibula South"
Hambantota,Weeraketiya,"Abakolawewa South"
Hambantota,Weeraketiya,"Abakolawewa North"
Hambantota,Weeraketiya,"Morayaya North"
Hambantota,Weeraketiya,"Morayaya South"
Hambantota,Weeraketiya,Kemegala
Hambantota,Weeraketiya,"Wekandawala South"
Hambantota,Weeraketiya,Thelambuyaya
Hambantota,Weeraketiya,Siyambalaheddewa
Hambantota,Weeraketiya,Degampotha
Hambantota,Weeraketiya,"Kinchigune West"
Hambantota,Weeraketiya,Medagama
Hambantota,Weeraketiya,Raluwa
Hambantota,Weeraketiya,"Kinchigune South"
Hambantota,Weeraketiya,"Kinchigune East"
Hambantota,Weeraketiya,Medamulana
Hambantota,Weeraketiya,Yakgasmulla
Hambantota,Weeraketiya,Udukirivila
Hambantota,Weeraketiya,"Buddhiyagama North"
Hambantota,Weeraketiya,"Keppitiyawa North"
Hambantota,Weeraketiya,"Ittademaliya East"
Hambantota,Weeraketiya,"Ittademaliya West"
Hambantota,Weeraketiya,"Ittademaliya South"
Hambantota,Weeraketiya,"Athubode West"
Hambantota,Weeraketiya,"Athubode East"
Hambantota,Weeraketiya,"Keppitiyawa South"
Hambantota,Weeraketiya,"Buddhiyagama West"
Hambantota,Weeraketiya,"Buddhiyagama East"
Hambantota,Weeraketiya,"Weeraketiya West"
Hambantota,Weeraketiya,Mandaduwa
Hambantota,Weeraketiya,Agrahera
Hambantota,Weeraketiya,"Weeraketiya East"
Hambantota,Weeraketiya,"Mulgirigala East"
Hambantota,Weeraketiya,"Mulgirigala North"
Hambantota,Weeraketiya,"Mulgirigala West"
Hambantota,Weeraketiya,"Mulgirigala South"
Hambantota,Weeraketiya,"Bedigama West"
Hambantota,Weeraketiya,"Bedigama North"
Hambantota,Weeraketiya,"Bedigama East"
Hambantota,Weeraketiya,"Bedigama South"
Hambantota,Weeraketiya,"Kuda Bedigama"
Hambantota,Weeraketiya,Medagoda
Hambantota,Katuwana,Karivilakanda
Hambantota,Katuwana,Medakanda
Hambantota,Katuwana,Hingurakanda
Hambantota,Katuwana,"Uda Alupothdeniya"
Hambantota,Katuwana,"Alupothdeniya Pahala"
Hambantota,Katuwana,Kohomporuwa
Hambantota,Katuwana,Gangulandeniya
Hambantota,Katuwana,"Ambagas Ara"
Hambantota,Katuwana,Labuheangoda
Hambantota,Katuwana,Sapugahayaya
Hambantota,Katuwana,Hellala
Hambantota,Katuwana,"Middeniya North"
Hambantota,Katuwana,"Middeniya East"
Hambantota,Katuwana,"Kudagoda West"
Hambantota,Katuwana,"Kudagoda East"
Hambantota,Katuwana,Dambethalawa
Hambantota,Katuwana,"Murungasyaya East"
Hambantota,Katuwana,"Murungasyaya West"
Hambantota,Katuwana,"Middeniya West"
Hambantota,Katuwana,"Welipitiya East"
Hambantota,Katuwana,Welipitiya
Hambantota,Katuwana,"Welipitiya West"
Hambantota,Katuwana,"Ritigaha Yaya"
Hambantota,Katuwana,Thalwatta
Hambantota,Katuwana,Meemanakoladeniya
Hambantota,Katuwana,Siyambalamuraya
Hambantota,Katuwana,Udawelmulla
Hambantota,Katuwana,Siyarapitiya
Hambantota,Katuwana,Kehelwatta
Hambantota,Katuwana,Udagomadiya
Hambantota,Katuwana,Bengamukanda
Hambantota,Katuwana,Dangalakanda
Hambantota,Katuwana,Rukmalpitiya
Hambantota,Katuwana,Gallindamulla
Hambantota,Katuwana,Katuwana
Hambantota,Katuwana,Pangamvilayaya
Hambantota,Katuwana,"Ulahitiyawa West"
Hambantota,Katuwana,Ulahitiyawa
Hambantota,Katuwana,"Ulahitiyawa East"
Hambantota,Katuwana,Adalugoda
Hambantota,Katuwana,Mellaketigoda
Hambantota,Katuwana,Araboda
Hambantota,Katuwana,Horavinna
Hambantota,Katuwana,Hediwatta
Hambantota,Katuwana,Weerakkuttigoda
Hambantota,Katuwana,Ranasingoda
Hambantota,Katuwana,Obadagahadeniya
Hambantota,Katuwana,Wathukanda
Hambantota,Katuwana,Kongasthenna
Hambantota,Katuwana,Galpothukanda
Hambantota,Katuwana,Ambagahahena
Hambantota,Katuwana,Karametiya
Hambantota,Katuwana,"Puwakgas Ara"
Hambantota,Katuwana,Binthenna
Hambantota,Katuwana,Bookendayaya
Hambantota,Katuwana,Walgammulla
Hambantota,Walasmulla,Rammala
Hambantota,Walasmulla,Saputhanthirikanda
Hambantota,Walasmulla,Warapitiya
Hambantota,Walasmulla,Karedeniya
Hambantota,Walasmulla,"Haggitha kanda North"
Hambantota,Walasmulla,Konkarahena
Hambantota,Walasmulla,Mapitakanda
Hambantota,Walasmulla,"Radani Ara"
Hambantota,Walasmulla,Namaneliya
Hambantota,Walasmulla,Udahagoda
Hambantota,Walasmulla,Weedikanda
Hambantota,Walasmulla,Galwadiya
Hambantota,Walasmulla,"Uda Julampitiya"
Hambantota,Walasmulla,Julampitiya
Hambantota,Walasmulla,"Palle Julampitiya"
Hambantota,Walasmulla,"Pahala Obada"
Hambantota,Walasmulla,"Bowala North"
Hambantota,Walasmulla,"Bowala West"
Hambantota,Walasmulla,Welandagoda
Hambantota,Walasmulla,Batagassa
Hambantota,Walasmulla,Pahalawatta
Hambantota,Walasmulla,Pathegama
Hambantota,Walasmulla,Thalapathkanda
Hambantota,Walasmulla,Dehigahahena
Hambantota,Walasmulla,Veedapola
Hambantota,Walasmulla,Muthuwakanda
Hambantota,Walasmulla,Handugala
Hambantota,Walasmulla,Kebellaketiya
Hambantota,Walasmulla,Egodabedda
Hambantota,Walasmulla,Kekiriobada
Hambantota,Walasmulla,Agalabada
Hambantota,Walasmulla,"Bowala South"
Hambantota,Walasmulla,"Ihala Muruthawela"
Hambantota,Walasmulla,"Pahala Muruthawela"
Hambantota,Walasmulla,"Galahitiya North"
Hambantota,Walasmulla,"Omara East"
Hambantota,Walasmulla,"Omara West"
Hambantota,Walasmulla,Ethpitiya
Hambantota,Walasmulla,Wattehengoda
Hambantota,Walasmulla,Horewela
Hambantota,Walasmulla,Pissubedda
Hambantota,Walasmulla,Madagamgoda
Hambantota,Walasmulla,Yahalmulla
Hambantota,Walasmulla,"Ihala Walasmulla"
Hambantota,Walasmulla,"Pahala walasmulla"
Hambantota,Walasmulla,"Galahitiya South"
Hambantota,Walasmulla,"Galahitiya East"
Hambantota,Walasmulla,Koholana
Hambantota,Walasmulla,"Walasmulla East"
Hambantota,Walasmulla,"Walasmulla North"
Hambantota,Walasmulla,"Walasmulla West"
Hambantota,Walasmulla,"Walasmulla South"
Hambantota,Walasmulla,Daluwakgoda
Hambantota,Okewela,"Kanumuldeniya North"
Hambantota,Okewela,"Olu Ara"
Hambantota,Okewela,"Kanumuldeniya West"
Hambantota,Okewela,"Kanumuldeniya East"
Hambantota,Okewela,Udadeniya
Hambantota,Okewela,Kurunduwatta
Hambantota,Okewela,Sumihirigama
Hambantota,Okewela,Rajapuragoda
Hambantota,Okewela,Wijayasiripura
Hambantota,Okewela,Morakandegoda
Hambantota,Okewela,"Kadigamuwa East"
Hambantota,Okewela,"Thalahagamwaduwa Pahala"
Hambantota,Okewela,"Thalahagasmwaduwa Ihala"
Hambantota,Okewela,Nathuwala
Hambantota,Okewela,Kandebedda
Hambantota,Okewela,Godawenna
Hambantota,Okewela,Kahatellagoda
Hambantota,Okewela,"Kanumuldeniya South"
Hambantota,Okewela,"Kadigamuwa West"
Hambantota,Okewela,Wawwa
Hambantota,Okewela,"Modarawana North"
Hambantota,Okewela,"Modarawana South"
Hambantota,Okewela,Okewela
Hambantota,Okewela,Heenatihathamuna
Hambantota,Okewela,Pallewawwa
Hambantota,Okewela,"Pahala Yatigala"
Hambantota,Okewela,"Yatigala Ihala"
Hambantota,Beliatta,Maligathenna
Hambantota,Beliatta,Udugalmotegama
Hambantota,Beliatta,"Pallaththara West"
Hambantota,Beliatta,"Pallaththara South"
Hambantota,Beliatta,"Pallattara East"
Hambantota,Beliatta,Nugewela
Hambantota,Beliatta,"Ihala Beligalla East"
Hambantota,Beliatta,Wadiya
Hambantota,Beliatta,"Ihala Beligalla West"
Hambantota,Beliatta,"Beligalla North"
Hambantota,Beliatta,"Beligalla South"
Hambantota,Beliatta,"Dammulla East"
Hambantota,Beliatta,"Dammulla West"
Hambantota,Beliatta,Pattiyawela
Hambantota,Beliatta,Tharaperiya
Hambantota,Beliatta,"Nihiluwa West"
Hambantota,Beliatta,Indiketiyagoda
Hambantota,Beliatta,"Nihiluwa East"
Hambantota,Beliatta,"Waharakgoda North"
Hambantota,Beliatta,"Waharakgoda South"
Hambantota,Beliatta,Kahawatta
Hambantota,Beliatta,Kosgahagoda
Hambantota,Beliatta,Agulmaduwa
Hambantota,Beliatta,"Aranwela North"
Hambantota,Beliatta,Karambaketiya
Hambantota,Beliatta,Galwewa
Hambantota,Beliatta,Godawela
Hambantota,Beliatta,Panamulla
Hambantota,Beliatta,Ambagasdeniya
Hambantota,Beliatta,"Getamanna North"
Hambantota,Beliatta,Eldeniya
Hambantota,Beliatta,"Getamanna West"
Hambantota,Beliatta,"Getamanna East"
Hambantota,Beliatta,"Mahaheella East"
Hambantota,Beliatta,"Kambussawala West"
Hambantota,Beliatta,"Kambussawala East"
Hambantota,Beliatta,"Beliatta West"
Hambantota,Beliatta,"Beliatta Town"
Hambantota,Beliatta,"Puwakdandawa North"
Hambantota,Beliatta,"Puwakdandawa East"
Hambantota,Beliatta,"Aranwela West"
Hambantota,Beliatta,"Sitinamaluwa West"
Hambantota,Beliatta,"Sitinamaluwa North"
Hambantota,Beliatta,"Sitinamaluwa East"
Hambantota,Beliatta,"Sitinamaluwa South"
Hambantota,Beliatta,Pahalagoda
Hambantota,Beliatta,Medagoda
Hambantota,Beliatta,"Beliatta South"
Hambantota,Beliatta,"Kudaheela East"
Hambantota,Beliatta,"Kudaheela North"
Hambantota,Beliatta,"Mahaheella West"
Hambantota,Beliatta,"Mahaheella North"
Hambantota,Beliatta,"Getamanna South"
Hambantota,Beliatta,Nayakawatta
Hambantota,Beliatta,"Ambala North"
Hambantota,Beliatta,"Ambala West"
Hambantota,Beliatta,Miriswatta
Hambantota,Beliatta,"Kudahilla South"
Hambantota,Beliatta,Ovilana
Hambantota,Beliatta,Mihindupura
Hambantota,Beliatta,"Palapotha East"
Hambantota,Beliatta,"Palapotha West"
Hambantota,Beliatta,"Dedduwawala East"
Hambantota,Beliatta,Dedduwawala
Hambantota,Beliatta,"Galagama North"
Hambantota,Beliatta,"Galagama West"
Hambantota,Beliatta,"Galagama South"
Hambantota,Beliatta,"Galagama East"
Hambantota,Beliatta,"Nakulugamuwa West"
Hambantota,Beliatta,"Nakulugamuwa North"
Hambantota,Beliatta,Wevudatta
Hambantota,Tangalle,Sudarshanagama
Hambantota,Tangalle,"Pattiyapola West"
Hambantota,Tangalle,Thalunna
Hambantota,Tangalle,Andupelena
Hambantota,Tangalle,Kadiragoda
Hambantota,Tangalle,Gotaimbaragama
Hambantota,Tangalle,"Kattakaduwa North"
Hambantota,Tangalle,"Kattakaduwa South"
Hambantota,Tangalle,"Ranna East"
Hambantota,Tangalle,"Ranna West"
Hambantota,Tangalle,Vigamuwa
Hambantota,Tangalle,"Pattiyapola East"
Hambantota,Tangalle,"Pattiyapola South"
Hambantota,Tangalle,"Vitharandeniya North"
Hambantota,Tangalle,"Thenagama South"
Hambantota,Tangalle,"Thenagama North"
Hambantota,Tangalle,Thalapitiyagama
Hambantota,Tangalle,Ethgalmulla
Hambantota,Tangalle,Uduvilagoda
Hambantota,Tangalle,"Vitharandeniya South"
Hambantota,Tangalle,Aluthgoda
Hambantota,Tangalle,Palathuduwa
Hambantota,Tangalle,Marakolliya
Hambantota,Tangalle,Medagama
Hambantota,Tangalle,"Netolpitiya North"
Hambantota,Tangalle,"Netolpitiya South"
Hambantota,Tangalle,Wadigala
Hambantota,Tangalle,Kahandawa
Hambantota,Tangalle,"Nidahasgama West"
Hambantota,Tangalle,"Nidahasgama East"
Hambantota,Tangalle,Kahandamodra
Hambantota,Tangalle,Gurupokuna
Hambantota,Tangalle,"Wella Odaya"
Hambantota,Tangalle,"Rekawa East"
Hambantota,Tangalle,"Rekawa West"
Hambantota,Tangalle,Medilla
Hambantota,Tangalle,Walgameliya
Hambantota,Tangalle,Godawanagoda
Hambantota,Tangalle,Wagegoda
Hambantota,Tangalle,"Nalagama East"
Hambantota,Tangalle,Siyambalagoda
Hambantota,Tangalle,"Nalagama West"
Hambantota,Tangalle,"Polommaruma North"
Hambantota,Tangalle,Danketiya
Hambantota,Tangalle,Medaketiya
Hambantota,Tangalle,Kotuwegoda
Hambantota,Tangalle,"Indipokunagoda North"
Hambantota,Tangalle,"Polommaruwa South"
Hambantota,Tangalle,"Kadurupokuna East"
Hambantota,Tangalle,"Indipokunagoda South"
Hambantota,Tangalle,"Pallikkudawa Urban"
Hambantota,Tangalle,"Pallikkudawa Rural"
Hambantota,Tangalle,"Kadurupokuna South"
Hambantota,Tangalle,"Kadurupokuna North"
Hambantota,Tangalle,"Kadurupokuna west"
Hambantota,Tangalle,"Seenimodara West"
Hambantota,Tangalle,"Seenimodara East"
Hambantota,Tangalle,"Unakooruwa West"
Hambantota,Tangalle,"Unakooruwa East"
Hambantota,Tangalle,"Moraketi Ara East"
Hambantota,Tangalle,"Moraketi Ara West"
Hambantota,Tangalle,Pahajjawa
Hambantota,Tangalle,Mhawela
Hambantota,Tangalle,Ihalagoda
Hambantota,Tangalle,"Nakulugamuwa South"
Hambantota,Tangalle,"Kudawella North"
Hambantota,Tangalle,"Kudawella Central"
Hambantota,Tangalle,"Kudawella East"
Hambantota,Tangalle,"Mawella South"
Hambantota,Tangalle,"Mawella North"
Hambantota,Tangalle,"Kudawella South"
Hambantota,Tangalle,"Kudawella West"
Jaffna,"Island North (Kayts)","Analaitivu North"
Jaffna,"Island North (Kayts)","Analaithivu South"
Jaffna,"Island North (Kayts)",Eluvaitivu
Jaffna,"Island North (Kayts)",Parithiyadaippu
Jaffna,"Island North (Kayts)",Kayts
Jaffna,"Island North (Kayts)",Karampon
Jaffna,"Island North (Kayts)","Karampon East"
Jaffna,"Island North (Kayts)","Naranthanai North West"
Jaffna,"Island North (Kayts)","Naranthanai North"
Jaffna,"Island North (Kayts)",Naranthanai
Jaffna,"Island North (Kayts)","Naranthanai South"
Jaffna,"Island North (Kayts)","Karanpom South East"
Jaffna,"Island North (Kayts)","Karampon West"
Jaffna,"Island North (Kayts)",Puliyankoodal
Jaffna,"Island North (Kayts)",Suruvil
Jaffna,Karainagar,"Karainagar North"
Jaffna,Karainagar,"Karainagar North East"
Jaffna,Karainagar,"Karainagar East"
Jaffna,Karainagar,"Karainagar Centre"
Jaffna,Karainagar,"Karainagar North West"
Jaffna,Karainagar,"Karainagar West"
Jaffna,Karainagar,"Karainagar South East"
Jaffna,Karainagar,"Karainagar South"
Jaffna,Karainagar,"Karainagar South West"
Jaffna,"Valikamam West","Vaddukoddai East"
Jaffna,"Valikamam West","Vaddukoddai North"
Jaffna,"Valikamam West",Sangarathai
Jaffna,"Valikamam West","Arali West"
Jaffna,"Valikamam West","Arali Centre"
Jaffna,"Valikamam West","Arali South"
Jaffna,"Valikamam West","Arali East"
Jaffna,"Valikamam West","Arali North"
Jaffna,"Valikamam West","Vaddukoddai South"
Jaffna,"Valikamam West","Vaddukoddai South West"
Jaffna,"Valikamam West","Vedducoddai  West"
Jaffna,"Valikamam West","Tholpuram East"
Jaffna,"Valikamam West","Tholpuram  West"
Jaffna,"Valikamam West",Ponnalai
Jaffna,"Valikamam West",Moolai
Jaffna,"Valikamam West","Chulipuram  West"
Jaffna,"Valikamam West","Chulipuram  Centre"
Jaffna,"Valikamam West","Chulipuram  East"
Jaffna,"Valikamam West",Pannakam
Jaffna,"Valikamam West",Pannaippulam
Jaffna,"Valikamam West",Siththankerni
Jaffna,"Valikamam West","Chankanai East"
Jaffna,"Valikamam West","Chankanai West"
Jaffna,"Valikamam West","Chankanai South"
Jaffna,"Valikamam West","Chankanai Centre"
Jaffna,"Valikamam South West (Sandilipay)","Suthumalai North"
Jaffna,"Valikamam South West (Sandilipay)","Suthumalai South"
Jaffna,"Valikamam South West (Sandilipay)",Savatkaddu
Jaffna,"Valikamam South West (Sandilipay)",Uyarappulam
Jaffna,"Valikamam South West (Sandilipay)",Anaikoddai
Jaffna,"Valikamam South West (Sandilipay)","Navali North"
Jaffna,"Valikamam South West (Sandilipay)","Navali East"
Jaffna,"Valikamam South West (Sandilipay)","Navali West"
Jaffna,"Valikamam South West (Sandilipay)","Manipay North"
Jaffna,"Valikamam South West (Sandilipay)","Manipay East"
Jaffna,"Valikamam South West (Sandilipay)","Manipay South"
Jaffna,"Valikamam South West (Sandilipay)","Manipay West"
Jaffna,"Valikamam South West (Sandilipay)","Sandilipay North"
Jaffna,"Valikamam South West (Sandilipay)","Sandilipay Centre"
Jaffna,"Valikamam South West (Sandilipay)","Sandilipay West"
Jaffna,"Valikamam South West (Sandilipay)",Masiapiddy
Jaffna,"Valikamam South West (Sandilipay)",Vadaliaippu
Jaffna,"Valikamam South West (Sandilipay)",Pandatheruppu
Jaffna,"Valikamam South West (Sandilipay)",Piranpattai
Jaffna,"Valikamam South West (Sandilipay)","Sillalai North"
Jaffna,"Valikamam South West (Sandilipay)","Sillalai South"
Jaffna,"Valikamam South West (Sandilipay)","Matagal East"
Jaffna,"Valikamam South West (Sandilipay)","Matagal South"
Jaffna,"Valikamam South West (Sandilipay)","Matagal West"
Jaffna,"Valikamam South West (Sandilipay)",Periyavillan
Jaffna,"Valikamam South West (Sandilipay)",Maresankoodal
Jaffna,"Valikamam South West (Sandilipay)",Ilavalai
Jaffna,"Valikamam South West (Sandilipay)",Mullanai
Jaffna,"Valikamam North","Mallakam South"
Jaffna,"Valikamam North","Mallakam Centre"
Jaffna,"Valikamam North","Mallakam North"
Jaffna,"Valikamam North","Alaveddy North"
Jaffna,"Valikamam North","Alaveddy Centre"
Jaffna,"Valikamam North","Alaveddy East"
Jaffna,"Valikamam North",Ganeswaram
Jaffna,"Valikamam North","Alaveddy South"
Jaffna,"Valikamam North","Alaveddy West"
Jaffna,"Valikamam North","Ilavalai North"
Jaffna,"Valikamam North","Ilavalai North West"
Jaffna,"Valikamam North",Vithahapuram
Jaffna,"Valikamam North",Pannalai
Jaffna,"Valikamam North",Kollankalady
Jaffna,"Valikamam North",Naguleswaram
Jaffna,"Valikamam North","Tellippalai East"
Jaffna,"Valikamam North",Tellippalai
Jaffna,"Valikamam North",Thurkkapuram
Jaffna,"Valikamam North",Selvapuram
Jaffna,"Valikamam North",Maviddapuram
Jaffna,"Valikamam North","Maviddapura South"
Jaffna,"Valikamam North","Kankasanthurai West"
Jaffna,"Valikamam North","Kankasanthurai Centre"
Jaffna,"Valikamam North","Kankasanthurai South"
Jaffna,"Valikamam North","Palai Veemamkamam North"
Jaffna,"Valikamam North","Palai Veemankamam South"
Jaffna,"Valikamam North",Kadduwan
Jaffna,"Valikamam North","Kadduwan West"
Jaffna,"Valikamam North",Thenmylai
Jaffna,"Valikamam North",Varuthalaivilan
Jaffna,"Valikamam North",Kurumpasiddy
Jaffna,"Valikamam North","Kurumpasiddy East"
Jaffna,"Valikamam North","Vayavilan East"
Jaffna,"Valikamam North","Vayavilan West"
Jaffna,"Valikamam North","Myliddy North"
Jaffna,"Valikamam North","Thyiddy East"
Jaffna,"Valikamam North","Myliddyththurai South"
Jaffna,"Valikamam North","Thyiddy North"
Jaffna,"Valikamam North","Thyiddy South"
Jaffna,"Valikamam North","Myliddyththurai North"
Jaffna,"Valikamam North","Palaly South"
Jaffna,"Valikamam North","Palaly East"
Jaffna,"Valikamam North","Palaly North"
Jaffna,"Valikamam North","Palaly North West"
Jaffna,"Valikamam North","Palaly West"
Jaffna,"Valikamam South (Uduvil)","Uduvil South West"
Jaffna,"Valikamam South (Uduvil)","Uduvil South East"
Jaffna,"Valikamam South (Uduvil)","Uduvil Centre"
Jaffna,"Valikamam South (Uduvil)","Uduvil Centre North"
Jaffna,"Valikamam South (Uduvil)","Uduvil North"
Jaffna,"Valikamam South (Uduvil)",Sanguvely
Jaffna,"Valikamam South (Uduvil)","Inuvil South West"
Jaffna,"Valikamam South (Uduvil)","Inuvil East"
Jaffna,"Valikamam South (Uduvil)","Inuvil North East"
Jaffna,"Valikamam South (Uduvil)","Inuvil West"
Jaffna,"Valikamam South (Uduvil)","Thavady South"
Jaffna,"Valikamam South (Uduvil)","Thavady East"
Jaffna,"Valikamam South (Uduvil)","Thavady North"
Jaffna,"Valikamam South (Uduvil)","Chunnakam Town North"
Jaffna,"Valikamam South (Uduvil)","Chunnakam Town South"
Jaffna,"Valikamam South (Uduvil)","Chunnakam Town East"
Jaffna,"Valikamam South (Uduvil)","Chunnakam Town Centre"
Jaffna,"Valikamam South (Uduvil)","Chunnakam Town West"
Jaffna,"Valikamam South (Uduvil)",Kantharodai
Jaffna,"Valikamam South (Uduvil)","Erlalai West"
Jaffna,"Valikamam South (Uduvil)","Ealalai South West"
Jaffna,"Valikamam South (Uduvil)","Erlalai South"
Jaffna,"Valikamam South (Uduvil)","Erlalai East"
Jaffna,"Valikamam South (Uduvil)","Erlalai North"
Jaffna,"Valikamam South (Uduvil)","Erlalai Centre"
Jaffna,"Valikamam South (Uduvil)","Punnalaikadduvan South"
Jaffna,"Valikamam South (Uduvil)","Punnalaikadduvan North"
Jaffna,"Valikamam South (Uduvil)",Evenail
Jaffna,"Valikamam South (Uduvil)","Kuppilan South"
Jaffna,"Valikamam South (Uduvil)","Kuppilan North"
Jaffna,"Valikamam East (Kopay)","Irupalai South"
Jaffna,"Valikamam East (Kopay)","Irupalai  East"
Jaffna,"Valikamam East (Kopay)",Kalviyankadu
Jaffna,"Valikamam East (Kopay)","Kopay South"
Jaffna,"Valikamam East (Kopay)","Kopay Centre"
Jaffna,"Valikamam East (Kopay)","Kopay North"
Jaffna,"Valikamam East (Kopay)","Urumpirai West"
Jaffna,"Valikamam East (Kopay)","Urumpirai North"
Jaffna,"Valikamam East (Kopay)","Urumpirai South"
Jaffna,"Valikamam East (Kopay)","Urumpirai East"
Jaffna,"Valikamam East (Kopay)",Urelu
Jaffna,"Valikamam East (Kopay)","Neervely South"
Jaffna,"Valikamam East (Kopay)","Neervely North"
Jaffna,"Valikamam East (Kopay)","Neervely West"
Jaffna,"Valikamam East (Kopay)","Sirupiddy East"
Jaffna,"Valikamam East (Kopay)","Sirupiddy West"
Jaffna,"Valikamam East (Kopay)","Puttur West"
Jaffna,"Valikamam East (Kopay)","Puttur North"
Jaffna,"Valikamam East (Kopay)",Nawatkiri
Jaffna,"Valikamam East (Kopay)","Avarangal East"
Jaffna,"Valikamam East (Kopay)","Avarangal West"
Jaffna,"Valikamam East (Kopay)","Puttur East"
Jaffna,"Valikamam East (Kopay)",Atchelu
Jaffna,"Valikamam East (Kopay)",Vatharavattai
Jaffna,"Valikamam East (Kopay)",Pathameny
Jaffna,"Valikamam East (Kopay)",Thampalai-Kathiripay
Jaffna,"Valikamam East (Kopay)",Iddaikkadu
Jaffna,"Valikamam East (Kopay)",Valalai
Jaffna,"Valikamam East (Kopay)","Atchuvely North"
Jaffna,"Valikamam East (Kopay)","Atchuvely South"
Jaffna,"Valikamam East (Kopay)","Atchuvely West"
Jaffna,"Vadamaradchi South-West (Karaveddy)","Kranavai South"
Jaffna,"Vadamaradchi South-West (Karaveddy)","Kranavai West"
Jaffna,"Vadamaradchi South-West (Karaveddy)",Kranavai
Jaffna,"Vadamaradchi South-West (Karaveddy)","Kranavai East"
Jaffna,"Vadamaradchi South-West (Karaveddy)",Udupiddy
Jaffna,"Vadamaradchi South-West (Karaveddy)","Udupiddy North"
Jaffna,"Vadamaradchi South-West (Karaveddy)","Udupiddy South"
Jaffna,"Vadamaradchi South-West (Karaveddy)",Valvetty
Jaffna,"Vadamaradchi South-West (Karaveddy)","Valvetty Centre"
Jaffna,"Vadamaradchi South-West (Karaveddy)",Samarabahu
Jaffna,"Vadamaradchi South-West (Karaveddy)",Imayanan
Jaffna,"Vadamaradchi South-West (Karaveddy)","Imayanan West"
Jaffna,"Vadamaradchi South-West (Karaveddy)","Karanavai North"
Jaffna,"Vadamaradchi South-West (Karaveddy)","Karanavai North West"
Jaffna,"Vadamaradchi South-West (Karaveddy)","Karanavai Centre"
Jaffna,"Vadamaradchi South-West (Karaveddy)","Karaveddy West"
Jaffna,"Vadamaradchi South-West (Karaveddy)","Karaveddy North"
Jaffna,"Vadamaradchi South-West (Karaveddy)","Karaveddy  South"
Jaffna,"Vadamaradchi South-West (Karaveddy)",Maththoni
Jaffna,"Vadamaradchi South-West (Karaveddy)","Karaveddy Centre"
Jaffna,"Vadamaradchi South-West (Karaveddy)","Karaveddy East"
Jaffna,"Vadamaradchi South-West (Karaveddy)",Kaddaively
Jaffna,"Vadamaradchi South-West (Karaveddy)","Thunnalai South"
Jaffna,"Vadamaradchi South-West (Karaveddy)","Thunnalai East"
Jaffna,"Vadamaradchi South-West (Karaveddy)",Thunnalai
Jaffna,"Vadamaradchi South-West (Karaveddy)","Thunnalai Centre"
Jaffna,"Vadamaradchi South-West (Karaveddy)","Thunnalai West"
Jaffna,"Vadamaradchi South-West (Karaveddy)","Nelliaddy North"
Jaffna,"Vadamaradchi South-West (Karaveddy)",Nelliaddy
Jaffna,"Vadamaradchi South-West (Karaveddy)","Nelliaddy East"
Jaffna,"Vadamaradchi South-West (Karaveddy)",Alvai
Jaffna,"Vadamaradchi South-West (Karaveddy)","Alvai South"
Jaffna,"Vadamaradchi South-West (Karaveddy)","Alvai East"
Jaffna,"Vadamaradchi South-West (Karaveddy)",Aththai
Jaffna,"Vadamaradchi South-West (Karaveddy)",Kapputhu
Jaffna,"Vadamaradchy East",Manalkadu
Jaffna,"Vadamaradchy East",Kudathanai
Jaffna,"Vadamaradchy East","Kudathanai Karaiyoor"
Jaffna,"Vadamaradchy East",Potpathi
Jaffna,"Vadamaradchy East",Ampan
Jaffna,"Vadamaradchy East","Nagarkovil East"
Jaffna,"Vadamaradchy East","Nagarkovil West"
Jaffna,"Vadamaradchy East","Nagarkovil South"
Jaffna,"Vadamaradchy East","Chempiyanpattu North"
Jaffna,"Vadamaradchy East","Chempiyanpattu South"
Jaffna,"Vadamaradchy East",Maruthankarny
Jaffna,"Vadamaradchy East",Vathirayan
Jaffna,"Vadamaradchy East",Uduthurai
Jaffna,"Vadamaradchy East",Aliyavalai
Jaffna,"Vadamaradchy East",Vetrilaikerny
Jaffna,"Vadamaradchy East",Mulliyan
Jaffna,"Vadamaradchy East",Pokkaruppu
Jaffna,"Vadamaradchy East",Chundikulam
Jaffna,"Vadamaradchi North (Point Pedro)","Thondamanaru South"
Jaffna,"Vadamaradchi North (Point Pedro)","Thondamanaru North"
Jaffna,"Vadamaradchi North (Point Pedro)","Kerudavil South"
Jaffna,"Vadamaradchi North (Point Pedro)","Kerudavil North"
Jaffna,"Vadamaradchi North (Point Pedro)","Kerudavil East"
Jaffna,"Vadamaradchi North (Point Pedro)","Valvettithirai North West"
Jaffna,"Vadamaradchi North (Point Pedro)","Valvettithirai North Centre"
Jaffna,"Vadamaradchi North (Point Pedro)","Valvettithirai North East"
Jaffna,"Vadamaradchi North (Point Pedro)","Valvettithirai South West"
Jaffna,"Vadamaradchi North (Point Pedro)","Valvettithirai South East"
Jaffna,"Vadamaradchi North (Point Pedro)","Polikandy West"
Jaffna,"Vadamaradchi North (Point Pedro)","Polikandy East"
Jaffna,"Vadamaradchi North (Point Pedro)","Polikandy South"
Jaffna,"Vadamaradchi North (Point Pedro)","Alvai West"
Jaffna,"Vadamaradchi North (Point Pedro)","Alvai North West"
Jaffna,"Vadamaradchi North (Point Pedro)","Alvai North Centre"
Jaffna,"Vadamaradchi North (Point Pedro)",Viyaparimoolai
Jaffna,"Vadamaradchi North (Point Pedro)","Alvai North"
Jaffna,"Vadamaradchi North (Point Pedro)","Point Pedro"
Jaffna,"Vadamaradchi North (Point Pedro)","Point Pedro South"
Jaffna,"Vadamaradchi North (Point Pedro)","Point Pedro East"
Jaffna,"Vadamaradchi North (Point Pedro)",Thumpalai
Jaffna,"Vadamaradchi North (Point Pedro)","Thumpalai East"
Jaffna,"Vadamaradchi North (Point Pedro)",Katkovalam
Jaffna,"Vadamaradchi North (Point Pedro)","Puloly North"
Jaffna,"Vadamaradchi North (Point Pedro)","Puloly North East"
Jaffna,"Vadamaradchi North (Point Pedro)","Puloly Centre"
Jaffna,"Vadamaradchi North (Point Pedro)","Puloly West"
Jaffna,"Vadamaradchi North (Point Pedro)","Puloly South West"
Jaffna,"Vadamaradchi North (Point Pedro)","Puloly North West"
Jaffna,"Vadamaradchi North (Point Pedro)","Puloly East"
Jaffna,"Vadamaradchi North (Point Pedro)","Puloly South"
Jaffna,"Vadamaradchi North (Point Pedro)",Manthikai
Jaffna,"Vadamaradchi North (Point Pedro)",Vallipuram
Jaffna,"Vadamaradchi North (Point Pedro)","Thunnalai North"
Jaffna,Thenmaradchi,"Kaithady North"
Jaffna,Thenmaradchi,"Kaithady East"
Jaffna,Thenmaradchi,"Kaithady Centre"
Jaffna,Thenmaradchi,"Kaithady South"
Jaffna,Thenmaradchi,"Kaithady South East"
Jaffna,Thenmaradchi,"Kaithady West"
Jaffna,Thenmaradchi,"Navatkuli West"
Jaffna,Thenmaradchi,"Navatkuli East"
Jaffna,Thenmaradchi,kovilakandy
Jaffna,Thenmaradchi,"Kaithady Navatkuli"
Jaffna,Thenmaradchi,Maravanpulo
Jaffna,Thenmaradchi,Thanankilappu
Jaffna,Thenmaradchi,"Chavakachcheri Town"
Jaffna,Thenmaradchi,Kovilkudyiruppu
Jaffna,Thenmaradchi,Sangathanai
Jaffna,Thenmaradchi,"Chavakachcheri North"
Jaffna,Thenmaradchi,Manduvil
Jaffna,Thenmaradchi,Kalvayal
Jaffna,Thenmaradchi,"Nunavil East"
Jaffna,Thenmaradchi,"Nunavil Centre"
Jaffna,Thenmaradchi,"Nunavil West"
Jaffna,Thenmaradchi,"Kaithady Nunavil"
Jaffna,Thenmaradchi,Thenmadduvil
Jaffna,Thenmaradchi,"Madduvil Nunavil"
Jaffna,Thenmaradchi,"Madduvil Centre"
Jaffna,Thenmaradchi,"Madduvil North"
Jaffna,Thenmaradchi,"Madduvil East"
Jaffna,Thenmaradchi,Chandrapuram
Jaffna,Thenmaradchi,"Sarasalai South"
Jaffna,Thenmaradchi,"Sarasalai North"
Jaffna,Thenmaradchi,"Meesalai East"
Jaffna,Thenmaradchi,"Meesalai West"
Jaffna,Thenmaradchi,Ramavil
Jaffna,Thenmaradchi,"Meesalai North"
Jaffna,Thenmaradchi,Allarai
Jaffna,Thenmaradchi,Vellampokkady
Jaffna,Thenmaradchi,Kachchai
Jaffna,Thenmaradchi,Palavi
Jaffna,Thenmaradchi,"Kodikamam North"
Jaffna,Thenmaradchi,"Kodikamam Centre"
Jaffna,Thenmaradchi,"Kodikamam South"
Jaffna,Thenmaradchi,Usan
Jaffna,Thenmaradchi,Karampaham
Jaffna,Thenmaradchi,Vidaththalpalai
Jaffna,Thenmaradchi,Ketpeli
Jaffna,Thenmaradchi,"Eluthumadduval South"
Jaffna,Thenmaradchi,"Eluthumadduval North"
Jaffna,Thenmaradchi,"Mirusuvil North"
Jaffna,Thenmaradchi,"Mirusuvil South"
Jaffna,Thenmaradchi,Kudamiyan
Jaffna,Thenmaradchi,Navatkadu
Jaffna,Thenmaradchi,"Varani North"
Jaffna,Thenmaradchi,Maaseri
Jaffna,Thenmaradchi,Iddaikurichchi
Jaffna,Thenmaradchi,Karampaikurichchi
Jaffna,Thenmaradchi,Varani-lyattalai
Jaffna,Thenmaradchi,"Thavalai lyattalai"
Jaffna,Thenmaradchi,"Manthuvil East"
Jaffna,Thenmaradchi,"Manthuvil West"
Jaffna,Thenmaradchi,"Manthuvil North"
Jaffna,Nallur,"Ariyalai South West"
Jaffna,Nallur,"Ariyalai East"
Jaffna,Nallur,"Ariyalai North West"
Jaffna,Nallur,"Ariyalai West (Centre)"
Jaffna,Nallur,"Ariyalai South West (East)"
Jaffna,Nallur,"Ariyalai Centre North"
Jaffna,Nallur,"Ariyalai Centre (Centre)"
Jaffna,Nallur,"Ariyalai Centre South"
Jaffna,Nallur,"Iyanar Kovilady"
Jaffna,Nallur,"Vannarponnai North West (North)"
Jaffna,Nallur,"Vannarponnai North West (West)"
Jaffna,Nallur,"Vannarponnai North East (North)"
Jaffna,Nallur,Neeraviyady
Jaffna,Nallur,"Kantharmadam North West"
Jaffna,Nallur,"Kantharmadam North East"
Jaffna,Nallur,"Kantharmadam South West"
Jaffna,Nallur,"Kantharmadam South East"
Jaffna,Nallur,"Nallur North"
Jaffna,Nallur,"Nallur Irajathani"
Jaffna,Nallur,"Nallur South"
Jaffna,Nallur,Sangiliyanthoppu
Jaffna,Nallur,"Thirunelvely West"
Jaffna,Nallur,"Thirunelvely Centre South"
Jaffna,Nallur,"Thirunelvely South East"
Jaffna,Nallur,"Thirunelvely North East"
Jaffna,Nallur,"Thirunelvely Centre North"
Jaffna,Nallur,"Kondavil North West"
Jaffna,Nallur,"Kondavil South West"
Jaffna,Nallur,"Kondavil Centre West"
Jaffna,Nallur,"Kondavil Centre East"
Jaffna,Nallur,"Kondavil North East"
Jaffna,Nallur,"Kondavil South East"
Jaffna,Nallur,"Kokuvil North East"
Jaffna,Nallur,"Kokuvil East"
Jaffna,Nallur,"Kokuvil South East"
Jaffna,Nallur,"Kokuvil North West"
Jaffna,Nallur,"Kokuvil West"
Jaffna,Nallur,"Kokuvil Centre East"
Jaffna,Nallur,"Kokuvil  South West"
Jaffna,Nallur,"Kokuvil Centre (West)"
Jaffna,Jaffna,Nedunkulam
Jaffna,Jaffna,"Columbuthurai East "
Jaffna,Jaffna,"Columbuthurai West "
Jaffna,Jaffna,"Passaiyoor East"
Jaffna,Jaffna,"Passaiyoor West"
Jaffna,Jaffna,Eachchamoddai
Jaffna,Jaffna,Thirunagar
Jaffna,Jaffna,"Reclamation East"
Jaffna,Jaffna,"Recalmation West"
Jaffna,Jaffna,"Gurunagar East"
Jaffna,Jaffna,"Gurunager west"
Jaffna,Jaffna,"Small Bazaar"
Jaffna,Jaffna,"Jaffna Town West"
Jaffna,Jaffna,"Jaffna Town East"
Jaffna,Jaffna,"Chundikuli South"
Jaffna,Jaffna,"Chundikuli North"
Jaffna,Jaffna,Maruthady
Jaffna,Jaffna,Attiaddy
Jaffna,Jaffna,Sirambiady
Jaffna,Jaffna,"Grand Bazaar"
Jaffna,Jaffna,Fort
Jaffna,Jaffna,Wnnarpannai
Jaffna,Jaffna,Koddady
Jaffna,Jaffna,"Navanthurai South"
Jaffna,Jaffna,"Navanthurai West"
Jaffna,Jaffna,"Moor Street South"
Jaffna,Jaffna,"Moor Street North"
Jaffna,Jaffna,"Moor Street"
Jaffna,"Island South (Velanai)","Mandaitivu East"
Jaffna,"Island South (Velanai)","Mandaitivu West"
Jaffna,"Island South (Velanai)","Mandaitivu South"
Jaffna,"Island South (Velanai)",Allaipiddy
Jaffna,"Island South (Velanai)",Mankumban
Jaffna,"Island South (Velanai)","Velanai North"
Jaffna,"Island South (Velanai)","Velanai North East"
Jaffna,"Island South (Velanai)","Velanai East"
Jaffna,"Island South (Velanai)","Velanai South East"
Jaffna,"Island South (Velanai)","Velanai East Centre"
Jaffna,"Island South (Velanai)","Velanai South"
Jaffna,"Island South (Velanai)","Velanai West Centre"
Jaffna,"Island South (Velanai)","Velanai West"
Jaffna,"Island South (Velanai)","Saravanai East"
Jaffna,"Island South (Velanai)","Saravanai West"
Jaffna,"Island South (Velanai)","Pungudutivu North East"
Jaffna,"Island South (Velanai)","Pungudutivu East"
Jaffna,"Island South (Velanai)","Pungudutivu South East"
Jaffna,"Island South (Velanai)","Pungudutivu East South"
Jaffna,"Island South (Velanai)","Pungudutivu South"
Jaffna,"Island South (Velanai)","Pungudutivu North"
Jaffna,"Island South (Velanai)","Pungudutivu Centre North"
Jaffna,"Island South (Velanai)","Pungudutivu South West"
Jaffna,"Island South (Velanai)","Pungudutivu Centre West"
Jaffna,"Island South (Velanai)","Pungudutivu Centre East"
Jaffna,"Island South (Velanai)","Pungudutivu North West"
Jaffna,"Island South (Velanai)","Pungudutivu West"
Jaffna,"Island South (Velanai)","Nainativu North"
Jaffna,"Island South (Velanai)","Nainativu Centre"
Jaffna,"Island South (Velanai)","Nainativu South"
Jaffna,Delft,"Delft West"
Jaffna,Delft,"Delft South"
Jaffna,Delft,"Delft Centre West"
Jaffna,Delft,"Delft Centre"
Jaffna,Delft,"Delft Centre East"
Jaffna,Delft,"Delft East"
Mannar,"Mannar Town","Talaimannar North"
Mannar,"Mannar Town","Talaimannar Pier West"
Mannar,"Mannar Town","Talaimannar Pier East"
Mannar,"Mannar Town",Talaimannar
Mannar,"Mannar Town","Talaimannar South"
Mannar,"Mannar Town",Kaddukarankudiyirippu
Mannar,"Mannar Town",Thullukudiyiruppu
Mannar,"Mannar Town","Pesalai South"
Mannar,"Mannar Town","Pesalai North"
Mannar,"Mannar Town","Pesalai West"
Mannar,"Mannar Town",Siruthoppu
Mannar,"Mannar Town","Mannar Town"
Mannar,"Mannar Town",Olaithoduwai
Mannar,"Mannar Town",Puthukudiyiruppu
Mannar,"Mannar Town","Erukkalampiddy West"
Mannar,"Mannar Town","Erukkalampiddy North"
Mannar,"Mannar Town","Erukkalampiddy East"
Mannar,"Mannar Town","Erukkalampiddy South"
Mannar,"Mannar Town","Erukkalampiddy Centre"
Mannar,"Mannar Town","Pallimunai East"
Mannar,"Mannar Town","Moor Street"
Mannar,"Mannar Town","Emil Nagar"
Mannar,"Mannar Town","Thaarapuram East"
Mannar,"Mannar Town","Tharapuram Wast"
Mannar,"Mannar Town",Thoddaveli
Mannar,"Mannar Town",Thalvupaadu
Mannar,"Mannar Town",Pattithoddam
Mannar,"Mannar Town",Eluthur
Mannar,"Mannar Town","South Bar"
Mannar,"Mannar Town",Savatkaddu
Mannar,"Mannar Town",Sinnakadai
Mannar,"Mannar Town","Uppukkulam North"
Mannar,"Mannar Town","Pallimunnai West"
Mannar,"Mannar Town","Uppukklam South"
Mannar,"Mannar Town",Periyakadai
Mannar,"Mannar Town",Pettah
Mannar,"Mannar Town","Panakaddukottu West"
Mannar,"Mannar Town","Panankaddukottu East"
Mannar,"Mannar Town",Periyanavatkulam
Mannar,"Mannar Town",Thiruketheeswaram
Mannar,"Mannar Town",Nagathalvu
Mannar,"Mannar Town",Neelasenai
Mannar,"Mannar Town",Mathoddam
Mannar,"Mannar Town",Kallikaddaikkadu
Mannar,"Mannar Town",Vannamoddai
Mannar,"Mannar Town",Uyilangalam
Mannar,"Mannar Town",Puthukkamam
Mannar,"Mannar Town",Uyitharasankulam
Mannar,"Mannar Town",Parappankandal
Mannar,"Manthai West",Thevanpiddy
Mannar,"Manthai West",Vellankulam
Mannar,"Manthai West","Pali Aru"
Mannar,"Manthai West",Anthoniyarpuram
Mannar,"Manthai West",Illupaikadavai
Mannar,"Manthai West",Kalliyadi
Mannar,"Manthai West",Aththimoddai
Mannar,"Manthai West",Koorai
Mannar,"Manthai West","Periyamadhu East"
Mannar,"Manthai West","Periyamadhu West"
Mannar,"Manthai West",Kayanagar
Mannar,"Manthai West",Pallamadhu
Mannar,"Manthai West",Kovilkulam
Mannar,"Manthai West","Vidathaltheevu North"
Mannar,"Manthai West","Vidathaltheevu West"
Mannar,"Manthai West","Vidathaltheevu Central"
Mannar,"Manthai West","Vidathaltheevu East"
Mannar,"Manthai West",Pappamoddai
Mannar,"Manthai West","Parappukadanthan West"
Mannar,"Manthai West","Parappukadanthan East"
Mannar,"Manthai West",Kannady
Mannar,"Manthai West",Minukkan
Mannar,"Manthai West",Maligaithidal
Mannar,"Manthai West",Veddayarmurippu
Mannar,"Manthai West",Adampan
Mannar,"Manthai West",Nedunkandal
Mannar,"Manthai West","Karunkandal Vannakulam"
Mannar,"Manthai West",Alkaddiveli
Mannar,"Manthai West",Andankulam
Mannar,"Manthai West",Karunkandal
Mannar,"Manthai West",Sornapuri
Mannar,"Manthai West",Palikuli
Mannar,"Manthai West",Kaththankulam
Mannar,"Manthai West",Vaddakandal
Mannar,"Manthai West",Palaiyadiputhukulam
Mannar,"Manthai West",Palaiperumalkaddu
Mannar,Madhu,Palampiddy
Mannar,Madhu,Keerisuddan
Mannar,Madhu,Parasankulam
Mannar,Madhu,Vilathikulam
Mannar,Madhu,"Kakkayankulam East"
Mannar,Madhu,Kalmadu
Mannar,Madhu,"Kakkayankulam West"
Mannar,Madhu,Iranai-Ilupaikulam
Mannar,Madhu,"Periya-Pandivirichchan East"
Mannar,Madhu,"Periya-Pandivirichchan West"
Mannar,Madhu,Madhu
Mannar,Madhu,Maluwarayarkaddayadampan
Mannar,Madhu,Poomalarnthan
Mannar,Madhu,Thekkam
Mannar,Madhu,Pannavedduvan
Mannar,Madhu,Periyamurippu
Mannar,Madhu,"Matha Kiramam"
Mannar,Nanattan,"Vankalai North"
Mannar,Nanattan,"Vankalai West"
Mannar,Nanattan,"Vankalai East"
Mannar,Nanattan,Thomaspuri
Mannar,Nanattan,Naruvilikkulam
Mannar,Nanattan,Vanchiyankulam
Mannar,Nanattan,Ilahadipiddy
Mannar,Nanattan,Ilanthamoddai
Mannar,Nanattan,Periyakkaddaikadu
Mannar,Nanattan,Aththikuli
Mannar,Nanattan,Kanchithalvu
Mannar,Nanattan,Chemmanteevu
Mannar,Nanattan,Murunkan
Mannar,Nanattan,"Cheddiyar Mahaankaddai Adamban"
Mannar,Nanattan,"Iraddai Kulam"
Mannar,Nanattan,Chundikkuli
Mannar,Nanattan,Puttirarkandan
Mannar,Nanattan,"Razool Puhuveli"
Mannar,Nanattan,Nannattan
Mannar,Nanattan,Umanagiri
Mannar,Nanattan,Achchankulam
Mannar,Nanattan,Maddaikadal
Mannar,Nanattan,Rasamadu
Mannar,Nanattan,Pallankoddai
Mannar,Nanattan,Valkaipattankandal
Mannar,Nanattan,Pontheevukandal
Mannar,Nanattan,"Kalimoddai Puliyankulam"
Mannar,Nanattan,Pariyarikandal
Mannar,Nanattan,Sirukandal
Mannar,Nanattan,Katkidanthakulam
Mannar,Nanattan,Issaimalaithalvu
Mannar,Musali,"Arippu West"
Mannar,Musali,"Arippu Wast"
Mannar,Musali,Methanveli
Mannar,Musali,Poonochchikulam
Mannar,Musali,Pandaraveli
Mannar,Musali,"Sinnapullachchi Potkemi"
Mannar,Musali,"Periyapullachchi Potkemi"
Mannar,Musali,Veppankulam
Mannar,Musali,Maruthamadu
Mannar,Musali,Ahathimurippu
Mannar,Musali,Puthuveli
Mannar,Musali,Severiyarpuram
Mannar,Musali,Chilavathurai
Mannar,Musali,Kollankulam
Mannar,Musali,Kondachchi
Mannar,Musali,Kokkupadayan
Mannar,Musali,Palaikuli
Mannar,Musali,Karadikkuli
Mannar,Musali,Mullikkulam
Mannar,Musali,Marichchukkaddi
Vavuniya,"Vavuniya North",Unchalkaddy
Vavuniya,"Vavuniya North",Vedivaithakallu
Vavuniya,"Vavuniya North",Maruthoddai
Vavuniya,"Vavuniya North",Paddikudiyiruppu
Vavuniya,"Vavuniya North",Katkulam
Vavuniya,"Vavuniya North","Nedunkerny South"
Vavuniya,"Vavuniya North","Nedunkerny North"
Vavuniya,"Vavuniya North",Olumadu
Vavuniya,"Vavuniya North",Mamadu
Vavuniya,"Vavuniya North",Kulavisuddan
Vavuniya,"Vavuniya North",Marailuppai
Vavuniya,"Vavuniya North",Paranthan
Vavuniya,"Vavuniya North","Anandar Pulliyankulam"
Vavuniya,"Vavuniya North",Sinnadampan
Vavuniya,"Vavuniya North",Nainamadu
Vavuniya,"Vavuniya North","Puliyankulam South"
Vavuniya,"Vavuniya North","Puliyankulam North"
Vavuniya,"Vavuniya North","Kanagarayankulam South"
Vavuniya,"Vavuniya North","Kanagarayankulam North"
Vavuniya,"Vavuniya North",Mannakulam
Vavuniya,"Vavuniya South","Periya Ulukkulama"
Vavuniya,"Vavuniya South",Poomaduwa
Vavuniya,"Vavuniya South",Rankethgama
Vavuniya,"Vavuniya South",Maradanmaduwa
Vavuniya,"Vavuniya South","Pavakkulam South Bank, Track 07"
Vavuniya,"Vavuniya South",Awaranthulawa
Vavuniya,"Vavuniya South","Acres  20,40,60"
Vavuniya,"Vavuniya South","Acres 400"
Vavuniya,"Vavuniya South",Madukanda
Vavuniya,"Vavuniya South",Eramperiyakulama
Vavuniya,"Vavuniya South",Alagalla
Vavuniya,"Vavuniya South",Avusathapitiya
Vavuniya,"Vavuniya South",Kalukunnammaduwa
Vavuniya,"Vavuniya South",Nedunkulam
Vavuniya,"Vavuniya South",Mahamylankulama
Vavuniya,"Vavuniya South",Mamaduwa
Vavuniya,"Vavuniya South",Mahakachchikodiya
Vavuniya,"Vavuniya South",Pudubulankulama
Vavuniya,"Vavuniya South",Pirappanmaduwa
Vavuniya,"Vavuniya South",Agbopura
Vavuniya,"Vavuniya Town",Palamoddai
Vavuniya,"Vavuniya Town",Maruthamadhu
Vavuniya,"Vavuniya Town",Panrikkeithakulam
Vavuniya,"Vavuniya Town",Arumuhathanputhukulam
Vavuniya,"Vavuniya Town",Semamadhu
Vavuniya,"Vavuniya Town",Maligai
Vavuniya,"Vavuniya Town",Mahilankulam
Vavuniya,"Vavuniya Town",Maruthankulam
Vavuniya,"Vavuniya Town",Ilamaruthankulam
Vavuniya,"Vavuniya Town",Kallikulam
Vavuniya,"Vavuniya Town",Nochchimoddai
Vavuniya,"Vavuniya Town",Paranaddakal
Vavuniya,"Vavuniya Town",Puthukkulam
Vavuniya,"Vavuniya Town",Marekkarampalai
Vavuniya,"Vavuniya Town",Thandikulam
Vavuniya,"Vavuniya Town",Maharambaikulam
Vavuniya,"Vavuniya Town",Katharsinnakulam
Vavuniya,"Vavuniya Town",Nelukkulam
Vavuniya,"Vavuniya Town","Pattanichchi puliyankulam"
Vavuniya,"Vavuniya Town","Vavuniya Town"
Vavuniya,"Vavuniya Town",Omanthai
Vavuniya,"Vavuniya Town",Salambaikkulam
Vavuniya,"Vavuniya Town",Sasthirikoolankulam
Vavuniya,"Vavuniya Town",Echchankulam
Vavuniya,"Vavuniya Town",Kalmadu
Vavuniya,"Vavuniya Town",Poovarasankulam
Vavuniya,"Vavuniya Town",Sekkadipulavu
Vavuniya,"Vavuniya Town",Pampaimadu
Vavuniya,"Vavuniya Town",Rejendrankulam
Vavuniya,"Vavuniya Town",Koomankulam
Vavuniya,"Vavuniya Town",Kovilkulam
Vavuniya,"Vavuniya Town",Velikulam
Vavuniya,"Vavuniya Town",Moonrumurippu
Vavuniya,"Vavuniya Town",Kandapuram
Vavuniya,"Vavuniya Town",Thonikal
Vavuniya,"Vavuniya Town",Samalankulam
Vavuniya,"Vavuniya Town",Asikulam
Vavuniya,"Vavuniya Town",Rambaikulam
Vavuniya,"Vavuniya Town",Vairavapuliyankulam
Vavuniya,"Vavuniya Town",Pandarikkulam
Vavuniya,"Vavuniya Town","Vavuniya Town North"
Vavuniya,"Vavuniya Town",Velankulam
Vavuniya,Vengalacheddikulam,Andiyapuliyankulam
Vavuniya,Vengalacheddikulam,Periyathampanai
Vavuniya,Vengalacheddikulam,Periyakaddu
Vavuniya,Vengalacheddikulam,Kannaddy
Vavuniya,Vengalacheddikulam,Piramanalankulam
Vavuniya,Vengalacheddikulam,Sooduventhapulavu
Vavuniya,Vengalacheddikulam,Kurukkalputhukkulam
Vavuniya,Vengalacheddikulam,"Kanthasamy Nagar"
Vavuniya,Vengalacheddikulam,"Unit 5. & 6 Pavatkulam"
Vavuniya,Vengalacheddikulam,"Unit 4. Pavatkulam"
Vavuniya,Vengalacheddikulam,"Unit 2. Pavatkulam"
Vavuniya,Vengalacheddikulam,Muthaliyarkulam
Vavuniya,Vengalacheddikulam,Sinnasippikulam
Vavuniya,Vengalacheddikulam,Neriyakulam
Vavuniya,Vengalacheddikulam,Periyapuliyalankulam
Vavuniya,Vengalacheddikulam,Cheddikulam
Vavuniya,Vengalacheddikulam,Mugaththankulam
Vavuniya,Vengalacheddikulam,"Unit 9. & 10 Pavatkulam"
Vavuniya,Vengalacheddikulam,Kiristhavakulam
Vavuniya,Vengalacheddikulam,Kangankulam
Mullaitivu,Thunukkai,Alankulam
Mullaitivu,Thunukkai,Amaiththipuram
Mullaitivu,Thunukkai,Ambalaperumalkulam
Mullaitivu,Thunukkai,Aninchiyankulam
Mullaitivu,Thunukkai,Barathinagar
Mullaitivu,Thunukkai,Iyankankulam
Mullaitivu,Thunukkai,Kalvilan
Mullaitivu,Thunukkai,Koddaikaddiyakulam
Mullaitivu,Thunukkai,Mallavi
Mullaitivu,Thunukkai,Palayamurikandy
Mullaitivu,Thunukkai,Pugalenthinagar
Mullaitivu,Thunukkai,Puththuvedduvan
Mullaitivu,Thunukkai,Thenniyankulam
Mullaitivu,Thunukkai,Therankandal
Mullaitivu,Thunukkai,Thirunagar
Mullaitivu,Thunukkai,Thunukkai
Mullaitivu,Thunukkai,Uyilankulam
Mullaitivu,Thunukkai,"Yogapuram Centre"
Mullaitivu,Thunukkai,"Yogapuram East"
Mullaitivu,Thunukkai,"Yogapuram West"
Mullaitivu,"Manthai East","Ampal Puram"
Mullaitivu,"Manthai East","Karum Pulliyan"
Mullaitivu,"Manthai East",Kollavilankulam
Mullaitivu,"Manthai East",Moonrumurippu
Mullaitivu,"Manthai East",Naddankandal
Mullaitivu,"Manthai East",Oddaruththakulam
Mullaitivu,"Manthai East",Palinagar
Mullaitivu,"Manthai East",Pandiyankulam
Mullaitivu,"Manthai East","Ponnagar / Kuttymulai"
Mullaitivu,"Manthai East","Poovarasan Kulam"
Mullaitivu,"Manthai East",Selvapuram
Mullaitivu,"Manthai East",Siraddikulam
Mullaitivu,"Manthai East",Sivapuram
Mullaitivu,"Manthai East",Vannivilankulam
Mullaitivu,"Manthai East",Vinayagapuram
Mullaitivu,Puthukudiyiruppu,Anandapuram
Mullaitivu,Puthukudiyiruppu,Iranaippalai
Mullaitivu,Puthukudiyiruppu,Kombavil
Mullaitivu,Puthukudiyiruppu,Mallikaithivu
Mullaitivu,Puthukudiyiruppu,Manikkapuram
Mullaitivu,Puthukudiyiruppu,"Manna Kandal"
Mullaitivu,Puthukudiyiruppu,Manthuvil
Mullaitivu,Puthukudiyiruppu,"Puthukudiyiruppu East"
Mullaitivu,Puthukudiyiruppu,"Puthukudiyiruppu West"
Mullaitivu,Puthukudiyiruppu,Sivanagar
Mullaitivu,Puthukudiyiruppu,Suthanthirapuram
Mullaitivu,Puthukudiyiruppu,Theravil
Mullaitivu,Puthukudiyiruppu,Thevipuram
Mullaitivu,Puthukudiyiruppu,"Udaiyarkaddu North"
Mullaitivu,Puthukudiyiruppu,"Udaiyarkaddu South"
Mullaitivu,Puthukudiyiruppu,Vallipuram
Mullaitivu,Puthukudiyiruppu,Valluvarpuram
Mullaitivu,Puthukudiyiruppu,"Visuvamadu East"
Mullaitivu,Puthukudiyiruppu,"Visuvamadu West"
Mullaitivu,Oddusuddan,Ampakamam
Mullaitivu,Oddusuddan,Ganeshapuram
Mullaitivu,Oddusuddan,Indupuram
Mullaitivu,Oddusuddan,Kanagarathinapuram
Mullaitivu,Oddusuddan,Karuvelankandal
Mullaitivu,Oddusuddan,Katchilaimadu
Mullaitivu,Oddusuddan,Kathaliyarsamlankulam
Mullaitivu,Oddusuddan,koolamurippu
Mullaitivu,Oddusuddan,Manavalanpaddamurippu
Mullaitivu,Oddusuddan,Mankulum
Mullaitivu,Oddusuddan,Muthaiyankaddukulum
Mullaitivu,Oddusuddan,Muthuvinayagarpuram
Mullaitivu,Oddusuddan,Oddusuddan
Mullaitivu,Oddusuddan,Olumadu
Mullaitivu,Oddusuddan,Othiyamalai
Mullaitivu,Oddusuddan,Palampasi
Mullaitivu,Oddusuddan,Pandaravanni
Mullaitivu,Oddusuddan,Panikkankulum
Mullaitivu,Oddusuddan,Peraru
Mullaitivu,Oddusuddan,Periyaithimadu
Mullaitivu,Oddusuddan,Periyakulam
Mullaitivu,Oddusuddan,Puliyankulam
Mullaitivu,Oddusuddan,Thachchadampan
Mullaitivu,Oddusuddan,Thanduvan
Mullaitivu,Oddusuddan,Thaddayarmalai
Mullaitivu,Oddusuddan,Thirumurikandy
Mullaitivu,Oddusuddan,Viththiytapuram
Mullaitivu,Meritimepattu,"Alampil North"
Mullaitivu,Meritimepattu,"Alampil South"
Mullaitivu,Meritimepattu,"Ampalavan Pokkanai"
Mullaitivu,Meritimepattu,Chemmalai
Mullaitivu,Meritimepattu,"Chemmalai East"
Mullaitivu,Meritimepattu,Chilawattai
Mullaitivu,Meritimepattu,"Chilawattai South"
Mullaitivu,Meritimepattu,Keekkirapuram
Mullaitivu,Meritimepattu,"Kallappadu North"
Mullaitivu,Meritimepattu,"Kallappadu South"
Mullaitivu,Meritimepattu,"Kanukerny East"
Mullaitivu,Meritimepattu,"Kanukerny West"
Mullaitivu,Meritimepattu,Karunaddukerny
Mullaitivu,Meritimepattu,Keppapulavu
Mullaitivu,Meritimepattu,Kokkilai_East
Mullaitivu,Meritimepattu,"Kokkilai West"
Mullaitivu,Meritimepattu,"Kokuthoduvai Center"
Mullaitivu,Meritimepattu,"Kokuthoduvai North"
Mullaitivu,Meritimepattu,"Kokku Thoduvei South"
Mullaitivu,Meritimepattu,"Kovil Kudiyiruppu"
Mullaitivu,Meritimepattu,Kumarapuram
Mullaitivu,Meritimepattu,"Kumulamunai Centre"
Mullaitivu,Meritimepattu,"Kumulamunai East"
Mullaitivu,Meritimepattu,"Kumulamunai West"
Mullaitivu,Meritimepattu,Mamoolai
Mullaitivu,Meritimepattu,Manalkudiyiruppu
Mullaitivu,Meritimepattu,"Mathavalasingan Kulam"
Mullaitivu,Meritimepattu,"Mullaitivu South"
Mullaitivu,Meritimepattu,"Mullaitivu Town"
Mullaitivu,Meritimepattu,"Mullivaikkal East"
Mullaitivu,Meritimepattu,"Mullivaikkal West"
Mullaitivu,Meritimepattu,"Mulliyawalai Centre"
Mullaitivu,Meritimepattu,"Mulliyawalai East"
Mullaitivu,Meritimepattu,"Mulliyawalai North"
Mullaitivu,Meritimepattu,"Mulliyawalai South"
Mullaitivu,Meritimepattu,"Mulliyawalai West"
Mullaitivu,Meritimepattu,"Neeravippiddy East"
Mullaitivu,Meritimepattu,"Neeravippiddy West"
Mullaitivu,Meritimepattu,Putharikuda
Mullaitivu,Meritimepattu,Selvapuram
Mullaitivu,Meritimepattu,Thannimurippu
Mullaitivu,Meritimepattu,"Thanneerudru East"
Mullaitivu,Meritimepattu,"Thanneerudru West"
Mullaitivu,Meritimepattu,Uppumaveli
Mullaitivu,Meritimepattu,Vannankulam
Mullaitivu,Meritimepattu,Vattappalai
Mullativu,Welioya,Gajabapura
Mullativu,Welioya,Kalayanapura
Mullativu,Welioya,Ehetugaswewa
Mullativu,Welioya,Kiriebbanwewa
Mullativu,Welioya,Janakapura
Mullativu,Welioya,Nawagajabapura
Mullativu,Welioya,"Nikawewa - Left"
Mullativu,Welioya,"Ethawetuna Wewa"
Mullativu,Welioya,"Nikawewa South"
Kilinochchi,Pachchilaipalli,Allipallai
Kilinochchi,Pachchilaipalli,Arasarkerni
Kilinochchi,Pachchilaipalli,Ittavil
Kilinochchi,Pachchilaipalli,Iyakkachchi
Kilinochchi,Pachchilaipalli,Kachcharveli
Kilinochchi,Pachchilaipalli,Kilaly
Kilinochchi,Pachchilaipalli,Kovilvayal
Kilinochchi,Pachchilaipalli,Masar
Kilinochchi,Pachchilaipalli,Muhamalai
Kilinochchi,Pachchilaipalli,Muhavil
Kilinochchi,Pachchilaipalli,Mullaiyadi
Kilinochchi,Pachchilaipalli,"Pallai Town"
Kilinochchi,Pachchilaipalli,Pulopallai
Kilinochchi,Pachchilaipalli,"Pulopallai West"
Kilinochchi,Pachchilaipalli,Soranpattu
Kilinochchi,Pachchilaipalli,Thampakamam
Kilinochchi,Pachchilaipalli,Tharmakerny
Kilinochchi,Pachchilaipalli,Vempodukerny
Kilinochchi,Kandawalai,"Elephant pass"
Kilinochchi,Kandawalai,Kalmadunagar
Kilinochchi,Kandawalai,Kandawalai
Kilinochchi,Kandawalai,Korakkankaddu
Kilinochchi,Kandawalai,Kumarapuram
Kilinochchi,Kandawalai,Murasmoddai
Kilinochchi,Kandawalai,"Paranthan Town"
Kilinochchi,Kandawalai,"Periya kulam"
Kilinochchi,Kandawalai,Piramanthalaru
Kilinochchi,Kandawalai,Puliyampokkanai
Kilinochchi,Kandawalai,"Puthiya punnai neeravi"
Kilinochchi,Kandawalai,Thadduvankoddy
Kilinochchi,Kandawalai,"Tharmapuram East"
Kilinochchi,Kandawalai,"Tharmapuram west"
Kilinochchi,Kandawalai,Umaiyalpuram
Kilinochchi,Kandawalai,Uriyan
Kilinochchi,Karachchi,"Akkarayan Kulam"
Kilinochchi,Karachchi,"Ambal kulam"
Kilinochchi,Karachchi,"Ampal Nagar"
Kilinochchi,Karachchi,"Aanaivilunthan Kulam"
Kilinochchi,Karachchi,Anandapuram
Kilinochchi,Karachchi,"Civic Centre"
Kilinochchi,Karachchi,Jeyanthinagar
Kilinochchi,Karachchi,"Kanagambigai Kulam"
Kilinochchi,Karachchi,Kanagapuram
Kilinochchi,Karachchi,Kaneshapuram
Kilinochchi,Karachchi,Kannagaipuram
Kilinochchi,Karachchi,"Kilinochchi Town"
Kilinochchi,Karachchi,Konavil
Kilinochchi,Karachchi,Krishnapuram
Kilinochchi,Karachchi,Malayalapuram
Kilinochchi,Karachchi,Maruthanagar
Kilinochchi,Karachchi,Mawadyamman
Kilinochchi,Karachchi,Mayavanoor
Kilinochchi,Karachchi,Pannakandy
Kilinochchi,Karachchi,Barathypuram
Kilinochchi,Karachchi,"Periya Parandhan"
Kilinochchi,Karachchi,Ponnagar
Kilinochchi,Karachchi,Puthumurippu
Kilinochchi,Karachchi,Ramanathapuram
Kilinochchi,Karachchi,Rathinapuram
Kilinochchi,Karachchi,Selvanagar
Kilinochchi,Karachchi,"Sivan Nagar"
Kilinochchi,Karachchi,"Skantha Puram"
Kilinochchi,Karachchi,"Thirunagar North"
Kilinochchi,Karachchi,"Thirunagar South"
Kilinochchi,Karachchi,Thiruvaiaru
Kilinochchi,Karachchi,"Thiruvaiaru West"
Kilinochchi,Karachchi,Thondamannagar
Kilinochchi,Karachchi,"Uriththirapuram East"
Kilinochchi,Karachchi,"Urithirapuram North"
Kilinochchi,Karachchi,"Uruththirapuram West"
Kilinochchi,Karachchi,"Uthayanagar East"
Kilinochchi,Karachchi,"Uthaya Nagar West"
Kilinochchi,Karachchi,Uttupulam
Kilinochchi,Karachchi,Vaddakachchi
Kilinochchi,Karachchi,Vannerikulam
Kilinochchi,Karachchi,"Vivekanandha Nagar"
Kilinochchi,Poonakary,Alankerni
Kilinochchi,Poonakary,Cheddiakurichchi
Kilinochchi,Poonakary,Gnanimadam
Kilinochchi,Poonakary,Iranativu
Kilinochchi,Poonakary,"Jayapuram North"
Kilinochchi,Poonakary,"Jayapuram South"
Kilinochchi,Poonakary,Kariyalainagapaduvan
Kilinochchi,Poonakary,Kiranchi
Kilinochchi,Poonakary,Kollakuruchchi
Kilinochchi,Poonakary,Kowtharimunai
Kilinochchi,Poonakary,"Madduvilnadu East"
Kilinochchi,Poonakary,"Madduvilnadu West"
Kilinochchi,Poonakary,Mulankavil
Kilinochchi,Poonakary,Nachchakkudai
Kilinochchi,Poonakary,Nallur
Kilinochchi,Poonakary,Pallavarayankaddu
Kilinochchi,Poonakary,Pallikuda
Kilinochchi,Poonakary,Paramankirai
Kilinochchi,Poonakary,Ponnaveli
Batticaloa,"Koralai Pattu North (Vaharai)",Kathiraveli
Batticaloa,"Koralai Pattu North (Vaharai)",Ammanthanaaveli
Batticaloa,"Koralai Pattu North (Vaharai)",Puchchakkerni
Batticaloa,"Koralai Pattu North (Vaharai)",Palchenai
Batticaloa,"Koralai Pattu North (Vaharai)","Vakarai North"
Batticaloa,"Koralai Pattu North (Vaharai)",Ooriyankattu
Batticaloa,"Koralai Pattu North (Vaharai)",Kaddumurivu
Batticaloa,"Koralai Pattu North (Vaharai)","Vakarai Central"
Batticaloa,"Koralai Pattu North (Vaharai)",Panichchankerni
Batticaloa,"Koralai Pattu North (Vaharai)",Mathurankernikulam
Batticaloa,"Koralai Pattu North (Vaharai)","Punanai East"
Batticaloa,"Koralai Pattu North (Vaharai)",Kirimichai
Batticaloa,"Koralai Pattu North (Vaharai)","Mankerny Central"
Batticaloa,"Koralai Pattu North (Vaharai)","Mankerny South"
Batticaloa,"Koralai Pattu North (Vaharai)",Kayankerny
Batticaloa,"Koralai Pattu North (Vaharai)",Vattavan
Batticaloa,"Koralai Pattu Central","Punanai East "
Batticaloa,"Koralai Pattu Central",Thiyavattavan
Batticaloa,"Koralai Pattu Central","Valaichchenai 5 Muslim"
Batticaloa,"Koralai Pattu Central","Valaichchenai 4 Muslim"
Batticaloa,"Koralai Pattu Central","Valaichchenai 5 Muslim South"
Batticaloa,"Koralai Pattu Central","Brynthuraichenai North"
Batticaloa,"Koralai Pattu Central","Brynthuraichenai South"
Batticaloa,"Koralai Pattu Central",Mavadichenai
Batticaloa,"Koralai Pattu Central","Chemman Odai"
Batticaloa,"Koralaipattu West (Oddamavadi)","Paper Town"
Batticaloa,"Koralaipattu West (Oddamavadi)","Oddamavadi  01 North"
Batticaloa,"Koralaipattu West (Oddamavadi)","Oddamavadi  01 South"
Batticaloa,"Koralaipattu West (Oddamavadi)","Oddamavadi  02"
Batticaloa,"Koralaipattu West (Oddamavadi)","Oddamavadi  03"
Batticaloa,"Koralaipattu West (Oddamavadi)","Meeravodai Muslim West"
Batticaloa,"Koralaipattu West (Oddamavadi)","Meeravodai Muslim  East"
Batticaloa,"Koralaipattu West (Oddamavadi)",Mancholai
Batticaloa,"Koralai Pattu(Valachchenai)",Nasivanthivu
Batticaloa,"Koralai Pattu(Valachchenai)","Valachchenai Tamil"
Batticaloa,"Koralai Pattu(Valachchenai)",Puthukudiyiruppu
Batticaloa,"Koralai Pattu(Valachchenai)",Peththalai
Batticaloa,"Koralai Pattu(Valachchenai)",Kalkuda
Batticaloa,"Koralai Pattu(Valachchenai)",Kalmadu
Batticaloa,"Koralai Pattu(Valachchenai)",Kannagipuram
Batticaloa,"Koralai Pattu(Valachchenai)",Kumburumulai
Batticaloa,"Koralai Pattu(Valachchenai)",Sungankerny
Batticaloa,"Koralai Pattu(Valachchenai)",Kinnayadi
Batticaloa,"Koralai Pattu(Valachchenai)",Karuwakerni
Batticaloa,"Koralai Pattu(Valachchenai)","Meeravodai Tamil"
Batticaloa,"Koralai Pattu South (Kiran)","Punanai West"
Batticaloa,"Koralai Pattu South (Kiran)",Vahaneri
Batticaloa,"Koralai Pattu South (Kiran)",Muruthanai
Batticaloa,"Koralai Pattu South (Kiran)",Uthuchchenai
Batticaloa,"Koralai Pattu South (Kiran)",Kallichchai
Batticaloa,"Koralai Pattu South (Kiran)",Vadamunai
Batticaloa,"Koralai Pattu South (Kiran)",Kudumpimalai
Batticaloa,"Koralai Pattu South (Kiran)",Perillaveli
Batticaloa,"Koralai Pattu South (Kiran)",Poolakadu
Batticaloa,"Koralai Pattu South (Kiran)","Kiran East"
Batticaloa,"Koralai Pattu South (Kiran)","Kiran West"
Batticaloa,"Koralai Pattu South (Kiran)",Korakallimadu
Batticaloa,"Koralai Pattu South (Kiran)",Santhiveli
Batticaloa,"Koralai Pattu South (Kiran)",Palaiyadithona
Batticaloa,"Koralai Pattu South (Kiran)",Thevapuram
Batticaloa,"Koralai Pattu South (Kiran)",Murakkottanchenai
Batticaloa,"Koralai Pattu South (Kiran)",Thihilivaddai
Batticaloa,"Koralai Pattu South (Kiran)",Koraveli
Batticaloa,"Eravur Pattu","Sittandy 3"
Batticaloa,"Eravur Pattu","Sittandy 2"
Batticaloa,"Eravur Pattu","Sittandy 4"
Batticaloa,"Eravur Pattu","Sittandy 1"
Batticaloa,"Eravur Pattu","Mavadivembu 2"
Batticaloa,"Eravur Pattu","Mavadivembu 1"
Batticaloa,"Eravur Pattu","Kaluvankerny 1"
Batticaloa,"Eravur Pattu","Kaluvankerny  2"
Batticaloa,"Eravur Pattu",Thalavai
Batticaloa,"Eravur Pattu","Iyankerny Tamil"
Batticaloa,"Eravur Pattu","Kommathurai  North"
Batticaloa,"Eravur Pattu",Palachcholai
Batticaloa,"Eravur Pattu","Vantharumoolai East"
Batticaloa,"Eravur Pattu","Vantharumoolai West"
Batticaloa,"Eravur Pattu",Iralkulam
Batticaloa,"Eravur Pattu",Mailavaddavan
Batticaloa,"Eravur Pattu",Koduwamadu
Batticaloa,"Eravur Pattu","Kommanthurai West"
Batticaloa,"Eravur Pattu","Kommathurai East"
Batticaloa,"Eravur Pattu","Chenkalady 2"
Batticaloa,"Eravur Pattu","Chenkalady 1"
Batticaloa,"Eravur Pattu","Iyankerny Muslim"
Batticaloa,"Eravur Pattu",Meerakerny
Batticaloa,"Eravur Pattu","Mich Nagar"
Batticaloa,"Eravur Pattu",Savukkady
Batticaloa,"Eravur Pattu",Thannamunai
Batticaloa,"Eravur Pattu",Mylampavely
Batticaloa,"Eravur Pattu","Arumugathan Kudiyiruppu"
Batticaloa,"Eravur Pattu","Arumugathan Kudiyiruppu"
Batticaloa,"Eravur Pattu","Kumaraveliyar Kiramam"
Batticaloa,"Eravur Pattu",Pankudavely
Batticaloa,"Eravur Pattu",Vepavedduwan
Batticaloa,"Eravur Pattu",Karadiyanaru
Batticaloa,"Eravur Pattu",Marappalam
Batticaloa,"Eravur Pattu",Kithulwewa
Batticaloa,"Eravur Pattu",Rugam
Batticaloa,"Eravur Pattu",Koppavely
Batticaloa,"Eravur Pattu",Periyapullumulai
Batticaloa,"Eravur Pattu",Gemunupura
Batticaloa,"Eravur Town",Ellainagar
Batticaloa,"Eravur Town","Eravur 04"
Batticaloa,"Eravur Town","Eravur 03"
Batticaloa,"Eravur Town","Eravur 03A"
Batticaloa,"Eravur Town","Eravur 02"
Batticaloa,"Eravur Town","Eravur 02B"
Batticaloa,"Eravur Town","Eravur 02C"
Batticaloa,"Eravur Town","Eravur 02A"
Batticaloa,"Eravur Town","Eravur 01B"
Batticaloa,"Eravur Town","Eravur 01"
Batticaloa,"Eravur Town","Eravur 01A"
Batticaloa,"Eravur Town","Eravur 06A"
Batticaloa,"Eravur Town","Eravur 06D"
Batticaloa,"Eravur Town","Eravur 06"
Batticaloa,"Eravur Town","Eravur 5"
Batticaloa,"Manmunai North",Palameenmadu
Batticaloa,"Manmunai North",Navalady
Batticaloa,"Manmunai North",Amirthakali
Batticaloa,"Manmunai North",Punnachcholai
Batticaloa,"Manmunai North",Thiraimadu
Batticaloa,"Manmunai North",Saththurukondan
Batticaloa,"Manmunai North",Panichalady
Batticaloa,"Manmunai North",Kokkuvil
Batticaloa,"Manmunai North","Sinna Oorani"
Batticaloa,"Manmunai North",Jayanthipuram
Batticaloa,"Manmunai North",Karuvappankerny
Batticaloa,"Manmunai North",Mamangam
Batticaloa,"Manmunai North",Koolavadi
Batticaloa,"Manmunai North","Koolavadi East"
Batticaloa,"Manmunai North",Thamaraikerny
Batticaloa,"Manmunai North","Periya Uppodai"
Batticaloa,"Manmunai North","Dutch Bar"
Batticaloa,"Manmunai North","Thissaveerasingam Sathukam"
Batticaloa,"Manmunai North","Iruthayapuram East"
Batticaloa,"Manmunai North","Iruthayapuram Central"
Batticaloa,"Manmunai North","Iruthayapuram West"
Batticaloa,"Manmunai North","Periya Oorani"
Batticaloa,"Manmunai North","Gnasooriyam Sathukam"
Batticaloa,"Manmunai North",Vettukkadu
Batticaloa,"Manmunai North",Barathipuram
Batticaloa,"Manmunai North",Thandavanveli
Batticaloa,"Manmunai North",Arasadi
Batticaloa,"Manmunai North",Koddamunai
Batticaloa,"Manmunai North","Kallady Mugathuvaram"
Batticaloa,"Manmunai North",Thiruchendhoor
Batticaloa,"Manmunai North",Kallady
Batticaloa,"Manmunai North","Kallady Veloor"
Batticaloa,"Manmunai North","Kallady Uppodai"
Batticaloa,"Manmunai North","Puliyanthivu East"
Batticaloa,"Manmunai North","Puliyanthivu Central"
Batticaloa,"Manmunai North","Puliynathive West"
Batticaloa,"Manmunai North","Puliyanthivu South"
Batticaloa,"Manmunai North",Thiruperunthurai
Batticaloa,"Manmunai North",Puthunagar
Batticaloa,"Manmunai North",Seththukudah
Batticaloa,"Manmunai North",Veechikalmunai
Batticaloa,"Manmunai North",Thimilathivu
Batticaloa,"Manmunai North",Nochchimunai
Batticaloa,"Manmunai North",Navatkudah
Batticaloa,"Manmunai North","Navatkudah East"
Batticaloa,"Manmunai North","Navatkudah South"
Batticaloa,"Manmunai North","Manjanthoduvai North"
Batticaloa,"Manmunai North","Manjanthoduvai South"
Batticaloa,"Manmunai West",Narippulthoddam
Batticaloa,"Manmunai West",Mahilavedduvaan
Batticaloa,"Manmunai West",Karaveddi
Batticaloa,"Manmunai West",Vilavedduwan
Batticaloa,"Manmunai West",Naavatkaadu
Batticaloa,"Manmunai West",Echchantivu
Batticaloa,"Manmunai West",Mankikaddu
Batticaloa,"Manmunai West",Vavunativu
Batticaloa,"Manmunai West","Ayithiyamalai South"
Batticaloa,"Manmunai West","Ayithiyamalai North"
Batticaloa,"Manmunai West",Nediyamadu
Batticaloa,"Manmunai West",Pavatkodichenai
Batticaloa,"Manmunai West",Kurinchaamunai
Batticaloa,"Manmunai West",Paruththichenai
Batticaloa,"Manmunai West",Kannakudah
Batticaloa,"Manmunai West",Mandapathadi
Batticaloa,"Manmunai West",Karaiyakkantivu
Batticaloa,"Manmunai West",Puthumandapaththadi
Batticaloa,"Manmunai West",Kaanthinagar
Batticaloa,"Manmunai West",Unnichchi
Batticaloa,"Manmunai West",Panchenai
Batticaloa,"Manmunai West",Illuppadichenai
Batticaloa,"Manmunai West",Koththiyapulai
Batticaloa,"Manmunai West",Kaanchirankudah
Batticaloa,Kattankudy,"Kattankudy Division 1"
Batticaloa,Kattankudy,"Kattankudy Division 1 So"
Batticaloa,Kattankudy,"Kattankudy Division 2"
Batticaloa,Kattankudy,"Kattankudy Division 2 No"
Batticaloa,Kattankudy,"New Kattankudy Division "
Batticaloa,Kattankudy,"New Kattankudy Division "
Batticaloa,Kattankudy,"Kattankudy Division 3 Ea"
Batticaloa,Kattankudy,"Kattankudy Division 3"
Batticaloa,Kattankudy,"Kattankudy Division 3 We"
Batticaloa,Kattankudy,"Kattankudy Division 4 We"
Batticaloa,Kattankudy,"Kattankudy Division 4"
Batticaloa,Kattankudy,"Kattankudy Division 6"
Batticaloa,Kattankudy,"New Kattankudy Division "
Batticaloa,Kattankudy,"New Kattankudy Division "
Batticaloa,Kattankudy,"Kattankudy Division 6 So"
Batticaloa,Kattankudy,"Kattankudy Division 6 We"
Batticaloa,Kattankudy,"Kattankudy Division 5 "
Batticaloa,Kattankudy,"Kattankudy Division 5 So"
Batticaloa,"Manmunai Pattu(Araipattai)","Kirankulam North"
Batticaloa,"Manmunai Pattu(Araipattai)","Kirankulam South"
Batticaloa,"Manmunai Pattu(Araipattai)",Kirankulam
Batticaloa,"Manmunai Pattu(Araipattai)","Kirankulam Central"
Batticaloa,"Manmunai Pattu(Araipattai)",Puthukudiyiruppu
Batticaloa,"Manmunai Pattu(Araipattai)","Puthukudiyiruppu South"
Batticaloa,"Manmunai Pattu(Araipattai)","Puthukudiyiruppu North"
Batticaloa,"Manmunai Pattu(Araipattai)",Palamunai
Batticaloa,"Manmunai Pattu(Araipattai)",Thalankudah
Batticaloa,"Manmunai Pattu(Araipattai)",Manmunai
Batticaloa,"Manmunai Pattu(Araipattai)",Vedarkudiyiruppu
Batticaloa,"Manmunai Pattu(Araipattai)",Mavilankanthurai
Batticaloa,"Manmunai Pattu(Araipattai)",Kankeyanodai
Batticaloa,"Manmunai Pattu(Araipattai)",Ollikulam
Batticaloa,"Manmunai Pattu(Araipattai)","Kankeyanodai South"
Batticaloa,"Manmunai Pattu(Araipattai)","Araipattai 3"
Batticaloa,"Manmunai Pattu(Araipattai)","Rajadurai Kiramam"
Batticaloa,"Manmunai Pattu(Araipattai)","Araipattai South"
Batticaloa,"Manmunai Pattu(Araipattai)",Kovilkulam
Batticaloa,"Manmunai Pattu(Araipattai)","Araipattai Central"
Batticaloa,"Manmunai Pattu(Araipattai)","Araipattai 2"
Batticaloa,"Manmunai Pattu(Araipattai)",Selvanagar
Batticaloa,"Manmunai Pattu(Araipattai)","Selvanagar East"
Batticaloa,"Manmunai Pattu(Araipattai)","Araipattai East"
Batticaloa,"Manmunai Pattu(Araipattai)","Araipattai North"
Batticaloa,"Manmunai Pattu(Araipattai)","Araipattai 1"
Batticaloa,"Manmunai Pattu(Araipattai)","Araipattai West"
Batticaloa,"Manmunai South-West","Munaikkadu West"
Batticaloa,"Manmunai South-West","Munaikkadu North"
Batticaloa,"Manmunai South-West","Munaikkadu East"
Batticaloa,"Manmunai South-West","Muthalaikkudah West"
Batticaloa,"Manmunai South-West",Muthalaikkudah
Batticaloa,"Manmunai South-West",Mahiladitivu
Batticaloa,"Manmunai South-West","Mahiladitivu South"
Batticaloa,"Manmunai South-West",Kokkadichcholai
Batticaloa,"Manmunai South-West","Munaikkadu South"
Batticaloa,"Manmunai South-West","Kokkadichcholai South"
Batticaloa,"Manmunai South-West",Pandariyaveli
Batticaloa,"Manmunai South-West","Arasaditivu North"
Batticaloa,"Manmunai South-West",Paddippalai
Batticaloa,"Manmunai South-West",Kuluvinamadu
Batticaloa,"Manmunai South-West",Arasaditivu
Batticaloa,"Manmunai South-West",Kadukkamunai
Batticaloa,"Manmunai South-West","Ampilanthurai North"
Batticaloa,"Manmunai South-West",Ampilanthurai
Batticaloa,"Manmunai South-West","Ampilanthurai West"
Batticaloa,"Manmunai South-West",Katchenai
Batticaloa,"Manmunai South-West",Mavadimunmaari
Batticaloa,"Manmunai South-West",Thanthamalai
Batticaloa,"Manmunai South-West",Kachchakodi
Batticaloa,"Manmunai South-West",Panichchiyadimunmari
Batticaloa,"Poratheevu Pattu",Selvapuram
Batticaloa,"Poratheevu Pattu",Vammiyadiyoottu
Batticaloa,"Poratheevu Pattu","Thumpankerni (Y.F.S)"
Batticaloa,"Poratheevu Pattu",Kalumunthanveli
Batticaloa,"Poratheevu Pattu",Ganthipuram
Batticaloa,"Poratheevu Pattu",Maavelkudah
Batticaloa,"Poratheevu Pattu","Palugaamam I "
Batticaloa,"Poratheevu Pattu","Palugaamam II"
Batticaloa,"Poratheevu Pattu",Vanninagar
Batticaloa,"Poratheevu Pattu",Veeranchenai
Batticaloa,"Poratheevu Pattu",Thumpankerni
Batticaloa,"Poratheevu Pattu",Saravanayadiyoottu
Batticaloa,"Poratheevu Pattu",Thikkodai
Batticaloa,"Poratheevu Pattu",Navakirinagar
Batticaloa,"Poratheevu Pattu",Kannapuram
Batticaloa,"Poratheevu Pattu","Paalaiyadivaddai "
Batticaloa,"Poratheevu Pattu",Nellikkadu
Batticaloa,"Poratheevu Pattu",Vivekananthapuram
Batticaloa,"Poratheevu Pattu",Vellaveli
Batticaloa,"Poratheevu Pattu",Punnakkulam
Batticaloa,"Poratheevu Pattu","Kovilporativu West"
Batticaloa,"Poratheevu Pattu",Kovilporativu
Batticaloa,"Poratheevu Pattu",Munaitivu
Batticaloa,"Poratheevu Pattu",Paddaapuram
Batticaloa,"Poratheevu Pattu",Periyaporativu
Batticaloa,"Poratheevu Pattu","Kovilporativu South"
Batticaloa,"Poratheevu Pattu","Mandur 1 &2 South"
Batticaloa,"Poratheevu Pattu","Mandur Koddaimunai"
Batticaloa,"Poratheevu Pattu","Mandur 3"
Batticaloa,"Poratheevu Pattu","Mandur 1 &2 North"
Batticaloa,"Poratheevu Pattu",Paalamunai
Batticaloa,"Poratheevu Pattu",Thambalawatta
Batticaloa,"Poratheevu Pattu",Ganeshapuram
Batticaloa,"Poratheevu Pattu",Sangapuram
Batticaloa,"Poratheevu Pattu",Palachcholai
Batticaloa,"Poratheevu Pattu",Kaakkachchivaddai
Batticaloa,"Poratheevu Pattu","Kannapuram East"
Batticaloa,"Poratheevu Pattu",Vilanthoddam
Batticaloa,"Poratheevu Pattu",Sinnawattai
Batticaloa,"Poratheevu Pattu",Maalaiyarkaddu
Batticaloa,"Poratheevu Pattu",Anaikaddiyaveli
Batticaloa,"Poratheevu Pattu",Raanamadu
Batticaloa,"Pratheevu Pattu",Vipulananthapuram
Batticaloa,"Manmunai South & Eruvil pattu","Kurukkalamadam North"
Batticaloa,"Manmunai South & Eruvil pattu","Kurukkalamadam South"
Batticaloa,"Manmunai South & Eruvil pattu","Cheddipalayam North"
Batticaloa,"Manmunai South & Eruvil pattu","Cheddipalayalam South"
Batticaloa,"Manmunai South & Eruvil pattu",Mankadu
Batticaloa,"Manmunai South & Eruvil pattu","Thottathivu North"
Batticaloa,"Manmunai South & Eruvil pattu","Thottathivu South"
Batticaloa,"Manmunai South & Eruvil pattu","Thottathivu South 2"
Batticaloa,"Manmunai South & Eruvil pattu","Thottathivu South 1"
Batticaloa,"Manmunai South & Eruvil pattu","Kaluthawalai 1"
Batticaloa,"Manmunai South & Eruvil pattu","Kaluthawalai Central"
Batticaloa,"Manmunai South & Eruvil pattu","Kaluthawalai 2"
Batticaloa,"Manmunai South & Eruvil pattu","Kaluthawalai 3"
Batticaloa,"Manmunai South & Eruvil pattu","Kaluthawalai 4"
Batticaloa,"Manmunai South & Eruvil pattu","Kaluthawalai 4 Santhipur"
Batticaloa,"Manmunai South & Eruvil pattu","Kaluwanchikudy North 1"
Batticaloa,"Manmunai South & Eruvil pattu","Kaluwanchikudy North"
Batticaloa,"Manmunai South & Eruvil pattu",Paddiruppu
Batticaloa,"Manmunai South & Eruvil pattu","Eruvil North"
Batticaloa,"Manmunai South & Eruvil pattu","kaluwanchikudy South"
Batticaloa,"Manmunai South & Eruvil pattu","Onthachimadam North"
Batticaloa,"Manmunai South & Eruvil pattu","Eruvil East"
Batticaloa,"Manmunai South & Eruvil pattu","Eruvil South"
Batticaloa,"Manmunai South & Eruvil pattu","Kurumanvely 11West"
Batticaloa,"Manmunai South & Eruvil pattu","Kurumanvely 11 East"
Batticaloa,"Manmunai South & Eruvil pattu","Kurumanvely 12"
Batticaloa,"Manmunai South & Eruvil pattu","Mahiloor West"
Batticaloa,"Manmunai South & Eruvil pattu","Mahiloor South West"
Batticaloa,"Manmunai South & Eruvil pattu","Mahiloor East"
Batticaloa,"Manmunai South & Eruvil pattu","Onthachimadam South"
Batticaloa,"Manmunai South & Eruvil pattu","Koddaikallar North"
Batticaloa,"Manmunai South & Eruvil pattu","Koddaikallar West"
Batticaloa,"Manmunai South & Eruvil pattu","Mahiloor Munai"
Batticaloa,"Manmunai South & Eruvil pattu","Koddaikallar East"
Batticaloa,"Manmunai South & Eruvil pattu","Koddaikallar South"
Batticaloa,"Manmunai South & Eruvil pattu","Periyakallar 1"
Batticaloa,"Manmunai South & Eruvil pattu","Periyakallar 1South"
Batticaloa,"Manmunai South & Eruvil pattu","Periyakallar 2 West"
Batticaloa,"Manmunai South & Eruvil pattu","Periyakallar 2"
Batticaloa,"Manmunai South & Eruvil pattu","Periyakallar 3 South"
Batticaloa,"Manmunai South & Eruvil pattu","Periyakallar 3"
Batticaloa,"Manmunai South & Eruvil pattu","Thuraineelavanai North"
Batticaloa,"Manmunai South & Eruvil pattu","Thuraineelavanai North 1"
Batticaloa,"Manmunai South & Eruvil pattu","Thuraineelavanai South"
Batticaloa,"Manmunai South & Eruvil pattu","Thuraineelavanai South1"
Ampara,Dehiattakandiya,Rideela
Ampara,Dehiattakandiya,Bakmeedeniya
Ampara,Dehiattakandiya,Dehiattakandiya
Ampara,Dehiattakandiya,Kadirapura
Ampara,Dehiattakandiya,Mawanagama
Ampara,Dehiattakandiya,Lihiniyagama
Ampara,Dehiattakandiya,Serupitiya
Ampara,Dehiattakandiya,Sadamadulla
Ampara,Dehiattakandiya,Sandunpura
Ampara,Dehiattakandiya,Paranagama
Ampara,Dehiattakandiya,Ihalagama
Ampara,Dehiattakandiya,"Nawa Medagama"
Ampara,Dehiattakandiya,Wewmedagama
Ampara,Padiyathalawa,Galode
Ampara,Padiyathalawa,Palathuruwella
Ampara,Padiyathalawa,Pulungasmulla
Ampara,Padiyathalawa,Serankada
Ampara,Padiyathalawa,Unapana
Ampara,Padiyathalawa,Hagamwela
Ampara,Padiyathalawa,Kirawana
Ampara,Padiyathalawa,Padiyathalawa
Ampara,Padiyathalawa,"Thalapitaoya Left"
Ampara,Padiyathalawa,Saranagama
Ampara,Padiyathalawa,Pallegama
Ampara,Padiyathalawa,Moradeniya
Ampara,Padiyathalawa,"Thalapitaoya South"
Ampara,Padiyathalawa,Holike
Ampara,Padiyathalawa,Kehelulla
Ampara,Padiyathalawa,Miriswatta
Ampara,Padiyathalawa,Kolamanthalawa
Ampara,Padiyathalawa,Dorakumbura
Ampara,Padiyathalawa,Marangala
Ampara,Padiyathalawa,Komana
Ampara,Mahaoya,Bogamuyaya
Ampara,Mahaoya,Tempitiya
Ampara,Mahaoya,Poolawala
Ampara,Mahaoya,Bedirekka
Ampara,Mahaoya,"Unuwathura  Bubula"
Ampara,Mahaoya,Iddapola
Ampara,Mahaoya,Thepelpola
Ampara,Mahaoya,Mahaoya
Ampara,Mahaoya,Samagipura
Ampara,Mahaoya,Borapola
Ampara,Mahaoya,Kelavinna
Ampara,Mahaoya,Dambadeniya
Ampara,Mahaoya,Kekirihena
Ampara,Mahaoya,Kudaharasgala
Ampara,Mahaoya,Lahugala
Ampara,Mahaoya,Pollebedda
Ampara,Mahaoya,Aranthalawa
Ampara,Uhana,Piyangala
Ampara,Uhana,"Nugelanda North"
Ampara,Uhana,"Nugelanda South"
Ampara,Uhana,Bakkiella
Ampara,Uhana,"Rajagalathenna South"
Ampara,Uhana,"Rajagalathenna North"
Ampara,Uhana,Gonagolla
Ampara,Uhana,"Galapitagala West"
Ampara,Uhana,"Galapitagala East"
Ampara,Uhana,Kothmale
Ampara,Uhana,Mayadunna
Ampara,Uhana,Nawagiriyawa
Ampara,Uhana,Bandaradoowa
Ampara,Uhana,Lathugala
Ampara,Uhana,Bokkabedda
Ampara,Uhana,Kohombana
Ampara,Uhana,Walagampura
Ampara,Uhana,Verenketagoda
Ampara,Uhana,"Senagama North"
Ampara,Uhana,"Senagama South"
Ampara,Uhana,Gonagala
Ampara,Uhana,"Veheragama East"
Ampara,Uhana,"Veheragama West"
Ampara,Uhana,Gemunupura
Ampara,Uhana,Siyambalawewa
Ampara,Uhana,"Rajagama North"
Ampara,Uhana,"Rajagama South"
Ampara,Uhana,"Suhadagama North"
Ampara,Uhana,"Suhadagama South"
Ampara,Uhana,Kumarigama
Ampara,Uhana,Komariya
Ampara,Uhana,"Udagirigama West"
Ampara,Uhana,"Udagirigama East"
Ampara,Uhana,Galahitiyagoda
Ampara,Uhana,Mahakandiya
Ampara,Uhana,"Kahatagasyaya "
Ampara,Uhana,Velikahagolla
Ampara,Uhana,Dematamalpelessa
Ampara,Uhana,Uhana
Ampara,Uhana,"Uhana Thissapura West"
Ampara,Uhana,"Uhana Thissapura East"
Ampara,Uhana,Udayapura
Ampara,Uhana,Sandanadapura
Ampara,Uhana,"Weeragoda North"
Ampara,Uhana,"Weeragoda South"
Ampara,Uhana,"Dadayanthalawa West"
Ampara,Uhana,"Dadayanthalawa East"
Ampara,Uhana,"Wijayapura East"
Ampara,Uhana,"Wijayapura West"
Ampara,Uhana,Kumudugama
Ampara,Uhana,Ruhunugama
Ampara,Uhana,Buddhangala
Ampara,Uhana,"Palam Kandavura"
Ampara,Uhana,Himidurawa
Ampara,Uhana,Abhayapura
Ampara,Ampara,Dambethalawa
Ampara,Ampara,Samapura
Ampara,Ampara,Karangawa
Ampara,Ampara,Gemunupura
Ampara,Ampara,Thissapura
Ampara,Ampara,"Nawagampura_x000D_
Nawagamp"
Ampara,Ampara,Senanayakepura
Ampara,Ampara,Jayawardhanapura
Ampara,Ampara,Indrasarapura
Ampara,Ampara,Mihindupura
Ampara,Ampara,Saddhathissapura
Ampara,Ampara,Kotavehera
Ampara,Ampara,"Paragahakele East"
Ampara,Ampara,"Paragahakele West"
Ampara,Ampara,Ambagahawella
Ampara,Ampara,Ambamalthalawa
Ampara,Ampara,Namalthalawa
Ampara,Ampara,"Namal Oya (ii)"
Ampara,Ampara,"Polwaga Janapadaya"
Ampara,Ampara,"Wavinna North"
Ampara,Ampara,"Wavinna South"
Ampara,Ampara,"Namal Oya ( i )"
Ampara,Navithanveli,"Central Camp 01"
Ampara,Navithanveli,"Central Camp 02"
Ampara,Navithanveli,"Central Camp 03"
Ampara,Navithanveli,"Central Camp 05"
Ampara,Navithanveli,"Central Camp 06"
Ampara,Navithanveli,"Central Camp 04"
Ampara,Navithanveli,"Chalambaikerny 03"
Ampara,Navithanveli,"Chalambaikerny 04"
Ampara,Navithanveli,"Chalambaikerny 05"
Ampara,Navithanveli,"Chalambaikerny 01"
Ampara,Navithanveli,"Chalambaikerny 02"
Ampara,Navithanveli,"Sorikalmunai 03"
Ampara,Navithanveli,"Sorikalmunai 01"
Ampara,Navithanveli,"Sorikalmunai 02"
Ampara,Navithanveli,Chavalakade
Ampara,Navithanveli,"Navithanveli 02"
Ampara,Navithanveli,"Annamalai 03"
Ampara,Navithanveli,"Annamalai 02"
Ampara,Navithanveli,"Navithanveli 01"
Ampara,Navithanveli,"Annamalai 01"
Ampara,Sammanthurai,"Veeramunai 04"
Ampara,Sammanthurai,"Sammanthurai 08"
Ampara,Sammanthurai,"Sammanthurai 06"
Ampara,Sammanthurai,"Sammanthurai Tamil Division 01"
Ampara,Sammanthurai,"Sammanthurai Tamil Division 04"
Ampara,Sammanthurai,"Sammanthurai Tamil Division 02"
Ampara,Sammanthurai,"Sammanthurai 01"
Ampara,Sammanthurai,"Sammanthurai 02"
Ampara,Sammanthurai,"Sammanthurai 05"
Ampara,Sammanthurai,"Karuwaddukal 01"
Ampara,Sammanthurai,"Karuwaddukal 03"
Ampara,Sammanthurai,"Karuwaddukal 02"
Ampara,Sammanthurai,"Sammanthurai 11"
Ampara,Sammanthurai,"Sammanthurai 10"
Ampara,Sammanthurai,"Sammanthurai 09"
Ampara,Sammanthurai,"Sammanthurai 07"
Ampara,Sammanthurai,"Sammanthurai 04"
Ampara,Sammanthurai,"Sammanthurai Tamil Division 03"
Ampara,Sammanthurai,"Maddakalaputharavai 02"
Ampara,Sammanthurai,"Maddakalaputharavai 01"
Ampara,Sammanthurai,"Sammanthurai 03"
Ampara,Sammanthurai,"Veeramunai 03"
Ampara,Sammanthurai,"Veeramunai 02"
Ampara,Sammanthurai,"Veeramunai 01"
Ampara,Sammanthurai,"Sammanthurai 12"
Ampara,Sammanthurai,"Malwatte 02"
Ampara,Sammanthurai,"Block J East 01"
Ampara,Sammanthurai,"Block J West 02"
Ampara,Sammanthurai,"Kallarichchel 02"
Ampara,Sammanthurai,"Block J West 01"
Ampara,Sammanthurai,"Kallarichchel 03"
Ampara,Sammanthurai,"Udanga 01"
Ampara,Sammanthurai,Udanga02
Ampara,Sammanthurai,"Vilinayadi 01"
Ampara,Sammanthurai,"Sennelgramam 01"
Ampara,Sammanthurai,"Sennelgramam 02"
Ampara,Sammanthurai,"Block J East 03"
Ampara,Sammanthurai,"Block J East 02"
Ampara,Sammanthurai,"Malayadikiramam 01"
Ampara,Sammanthurai,"Malayadikiramam 03"
Ampara,Sammanthurai,"Malwatte 03"
Ampara,Sammanthurai,"Malwatte 01"
Ampara,Sammanthurai,Malkampiddy
Ampara,Sammanthurai,"Malayadikiramam 04"
Ampara,Sammanthurai,"Malayadikiramam 02"
Ampara,Sammanthurai,"Vilinayadi 02"
Ampara,Sammanthurai,"Vilinayadi 03"
Ampara,Sammanthurai,"Kallarichchel 01"
Ampara,Sammanthurai,"Valathapitty 02"
Ampara,Sammanthurai,"Valathapitty 01"
Ampara,Sammanthurai,"Malwatte 04"
Ampara,"Kalmunai Tamil Division","Periyaneelavanai  01B"
Ampara,"Kalmunai Tamil Division","Periyaneelavanai  01A"
Ampara,"Kalmunai Tamil Division","Periyaneelavanai  01"
Ampara,"Kalmunai Tamil Division","Periyaneelavanai  02"
Ampara,"Kalmunai Tamil Division","Chenaikudiyiruppu 01A"
Ampara,"Kalmunai Tamil Division","Pandiruppu 01"
Ampara,"Kalmunai Tamil Division","Pandiruppu 01B"
Ampara,"Kalmunai Tamil Division","Pandiruppu 01C"
Ampara,"Kalmunai Tamil Division","Pandiruppu 01A"
Ampara,"Kalmunai Tamil Division","Pandiruppu 02_x000D_"
Ampara,"Kalmunai Tamil Division","Pandiruppu 02B"
Ampara,"Kalmunai Tamil Division","Pandiruppu 02C"
Ampara,"Kalmunai Tamil Division","Pandiruppu 02A"
Ampara,"Kalmunai Tamil Division","Kalmunai  01D"
Ampara,"Kalmunai Tamil Division","Kalmunai  01B"
Ampara,"Kalmunai Tamil Division","Kalmunai  01A"
Ampara,"Kalmunai Tamil Division","Kalmunai  01"
Ampara,"Kalmunai Tamil Division","Natpiddimunai (T.P ) 03"
Ampara,"Kalmunai Tamil Division","Natpiddimunai (T.P ) 02"
Ampara,"Kalmunai Tamil Division","Natpiddimunai (T.P ) 01"
Ampara,"Kalmunai Tamil Division","Chenaikudiyiruppu 01B"
Ampara,"Kalmunai Tamil Division","Chenaikudiyiruppu 01"
Ampara,"Kalmunai Tamil Division","Kalmunai  01C"
Ampara,"Kalmunai Tamil Division","Kalmunai  01E"
Ampara,"Kalmunai Tamil Division","Kalmunai  02B"
Ampara,"Kalmunai Tamil Division","Kalmunai  02A"
Ampara,"Kalmunai Tamil Division","Kalmunai  02"
Ampara,"Kalmunai Tamil Division","Kalmunai  03"
Ampara,"Kalmunai Tamil Division","Kalmunai  03A"
Ampara,Kalmunai,"Periyaneelavanai  Muslim Section 01"
Ampara,Kalmunai,"Periyaneelavanai  Muslim Section 02"
Ampara,Kalmunai,"Maruthamunai 01"
Ampara,Kalmunai,"Maruthamunai 02"
Ampara,Kalmunai,"Maruthamunai 03"
Ampara,Kalmunai,"Maruthamunai 04"
Ampara,Kalmunai,"Maruthamunai 05"
Ampara,Kalmunai,"Maruthamunai 06"
Ampara,Kalmunai,"Natpiddimunai (M.P ) 03"
Ampara,Kalmunai,"Natpiddimunai (M.P ) 02"
Ampara,Kalmunai,"Natpiddimunai (M.P ) 01"
Ampara,Kalmunai,"Natpiddimunai (M.P ) 05"
Ampara,Kalmunai,"Natpiddimunai (M.P ) 04"
Ampara,Kalmunai,"Islamabad & kalmunai Town"
Ampara,Kalmunai,"Kalmunai Muslim Section"
Ampara,Kalmunai,"Kalmunaikudi 01"
Ampara,Kalmunai,"Kalmunaikudi 03"
Ampara,Kalmunai,"Kalmunaikudi 02"
Ampara,Kalmunai,"Kalmunaikudi 04"
Ampara,Kalmunai,"Kalmunaikudi 05"
Ampara,Kalmunai,"Kalmunaikudi 06"
Ampara,Kalmunai,"Kalmunaikudi 08"
Ampara,Kalmunai,"Kalmunaikudi 09"
Ampara,Kalmunai,"Kalmunaikudi 07"
Ampara,Kalmunai,"Kalmunaikudi 10"
Ampara,Kalmunai,"Kalmunaikudi 11"
Ampara,Kalmunai,"Kalmunaikudi 12"
Ampara,Kalmunai,"Kalmunaikudi 13"
Ampara,Kalmunai,"Kalmunaikudi 14"
Ampara,Sainthamaruthu,"Sainthamaruthu 01"
Ampara,Sainthamaruthu,"Sainthamaruthu 02"
Ampara,Sainthamaruthu,"Sainthamaruthu 03"
Ampara,Sainthamaruthu,"Sainthamaruthu 04"
Ampara,Sainthamaruthu,"Sainthamaruthu 05"
Ampara,Sainthamaruthu,"Sainthamaruthu 06"
Ampara,Sainthamaruthu,"Sainthamaruthu 07"
Ampara,Sainthamaruthu,"Sainthamaruthu 08"
Ampara,Sainthamaruthu,"Sainthamaruthu 09"
Ampara,Sainthamaruthu,"Sainthamaruthu 10"
Ampara,Sainthamaruthu,"Sainthamaruthu 11"
Ampara,Sainthamaruthu,"Sainthamaruthu 13"
Ampara,Sainthamaruthu,"Sainthamaruthu 12"
Ampara,Sainthamaruthu,"Sainthamaruthu 17"
Ampara,Sainthamaruthu,"Sainthamaruthu 14"
Ampara,Sainthamaruthu,"Sainthamaruthu 15"
Ampara,Sainthamaruthu,"Sainthamaruthu 16"
Ampara,Karaitheevu,"Mavadipalli West"
Ampara,Karaitheevu,"Mavadipalli East"
Ampara,Karaitheevu,"Maligaikadu West"
Ampara,Karaitheevu,"Maligaikadu Central"
Ampara,Karaitheevu,"Maligaikadu East"
Ampara,Karaitheevu,"Karaitheevu 03"
Ampara,Karaitheevu,"Karaitheevu 02"
Ampara,Karaitheevu,"Karaitheevu 01"
Ampara,Karaitheevu,"Karaitheevu 06"
Ampara,Karaitheevu,"Karaitheevu 05"
Ampara,Karaitheevu,"Karaitheevu 04"
Ampara,Karaitheevu,"Karaitheevu 08"
Ampara,Karaitheevu,"Karaitheevu 07"
Ampara,Karaitheevu,"Karaitheevu 10"
Ampara,Karaitheevu,"Karaitheevu 09"
Ampara,Karaitheevu,"Karaitheevu 11"
Ampara,Karaitheevu,"Karaitheevu 12"
Ampara,Ninthavur,"Ninthavur 24"
Ampara,Ninthavur,"Ninthavur 11"
Ampara,Ninthavur,"Ninthavur 12"
Ampara,Ninthavur,"Ninthavur 01"
Ampara,Ninthavur,"Ninthavur 02"
Ampara,Ninthavur,"Ninthavur 13"
Ampara,Ninthavur,"Ninthavur 14"
Ampara,Ninthavur,"Ninthavur 15"
Ampara,Ninthavur,"Ninthavur 03"
Ampara,Ninthavur,"Ninthavur 04"
Ampara,Ninthavur,"Ninthavur 16"
Ampara,Ninthavur,"Ninthavur 17"
Ampara,Ninthavur,"Ninthavur 18"
Ampara,Ninthavur,"Ninthavur 05"
Ampara,Ninthavur,"Ninthavur 06"
Ampara,Ninthavur,"Ninthavur 19"
Ampara,Ninthavur,"Ninthavur 25"
Ampara,Ninthavur,"Ninthavur 20"
Ampara,Ninthavur,"Ninthavur 07"
Ampara,Ninthavur,"Ninthavur 08"
Ampara,Ninthavur,"Ninthavur 21"
Ampara,Ninthavur,"Ninthavur 22"
Ampara,Ninthavur,"Ninthavur 09"
Ampara,Ninthavur,"Ninthavur 10"
Ampara,Ninthavur,"Ninthavur 23"
Ampara,Addalachchenai,"Deeghawapiya 01"
Ampara,Addalachchenai,"Oluvil 01"
Ampara,Addalachchenai,"Oluvil 04"
Ampara,Addalachchenai,"Oluvil 06"
Ampara,Addalachchenai,"Oluvil 05"
Ampara,Addalachchenai,"Oluvil 03"
Ampara,Addalachchenai,"Oluvil 02"
Ampara,Addalachchenai,"Palamuna 06"
Ampara,Addalachchenai,"Oluvil 07"
Ampara,Addalachchenai,"Palamuna 02"
Ampara,Addalachchenai,"Palamuna 01"
Ampara,Addalachchenai,"Palamuna 03"
Ampara,Addalachchenai,"Palamuna 04"
Ampara,Addalachchenai,"Palamuna 05"
Ampara,Addalachchenai,"Addalachchenai 02"
Ampara,Addalachchenai,"Addalachchenai 09"
Ampara,Addalachchenai,"Addalachchenai 10"
Ampara,Addalachchenai,"Addalachchenai 08"
Ampara,Addalachchenai,"Addalachchenai 06"
Ampara,Addalachchenai,"Addalachchenai 01"
Ampara,Addalachchenai,"Addalachchenai 11"
Ampara,Addalachchenai,"Addalachchenai 03"
Ampara,Addalachchenai,"Addalachchenai 07"
Ampara,Addalachchenai,"Addalachchenai 12"
Ampara,Addalachchenai,"Addalachchenai 14"
Ampara,Addalachchenai,"Addalachchenai 13"
Ampara,Addalachchenai,"Addalachchenai 04"
Ampara,Addalachchenai,"Addalachchenai 15"
Ampara,Addalachchenai,"Addalachchenai 16"
Ampara,Addalachchenai,"Addalachchenai 05"
Ampara,Addalachchenai,"Addalachchenai 17"
Ampara,Addalachchenai,"Deeghawapiya 02"
Ampara,Irakkamam,"Irakkamam 07"
Ampara,Irakkamam,"Varipathanchenai 01"
Ampara,Irakkamam,"Irakkamam 02"
Ampara,Irakkamam,"Irakkamam 08"
Ampara,Irakkamam,"Irakkamam 09"
Ampara,Irakkamam,"Irakkamam 06"
Ampara,Irakkamam,"Irakkamam 01"
Ampara,Irakkamam,"Irakkamam 03"
Ampara,Irakkamam,"Varipathanchenai 03"
Ampara,Irakkamam,"Irakkamam 05"
Ampara,Irakkamam,"Irakkamam 04"
Ampara,Irakkamam,"Varipathanchenai 02"
Ampara,Akkaraipattu,"Alim Nagar"
Ampara,Akkaraipattu,Easankanichcheemai
Ampara,Akkaraipattu,Paddyadippiddy
Ampara,Akkaraipattu,"Akkaraipattu 06"
Ampara,Akkaraipattu,"Akkaraipattu 05"
Ampara,Akkaraipattu,"Akkaraipattu 04"
Ampara,Akkaraipattu,"Akkaraipattu 16"
Ampara,Akkaraipattu,"Akkaraipattu 15"
Ampara,Akkaraipattu,"Akkaraipattu 14"
Ampara,Akkaraipattu,"Akkaraipattu 13"
Ampara,Akkaraipattu,"Akkaraipattu 12"
Ampara,Akkaraipattu,"Akkaraipattu 11"
Ampara,Akkaraipattu,"Akkaraipattu 01"
Ampara,Akkaraipattu,"Town Division 03"
Ampara,Akkaraipattu,"Akkaraipattu 10"
Ampara,Akkaraipattu,"Town Division 02"
Ampara,Akkaraipattu,"Akkaraipattu 02"
Ampara,Akkaraipattu,"Akkaraipattu 03"
Ampara,Akkaraipattu,"Akkaraipattu 17"
Ampara,Akkaraipattu,"Akkaraipattu 18"
Ampara,Akkaraipattu,"Akkaraipattu 20"
Ampara,Akkaraipattu,"Akkaraipattu 21"
Ampara,Akkaraipattu,"Pallikudiyiruppu 01 "
Ampara,Akkaraipattu,"Akkaraipattu 19"
Ampara,Akkaraipattu,"Town Division 01"
Ampara,Akkaraipattu,"Town Division 05"
Ampara,Akkaraipattu,"Town Division 04"
Ampara,"Akkaraipattu ","Pallikudiyiruppu 02"
Ampara,Alayadiwembu,"Akkaraipattu,8/1"
Ampara,Alayadiwembu,"Akkaraipattu 9"
Ampara,Alayadiwembu,"Akkaraipattu 8/3"
Ampara,Alayadiwembu,"Akkaraipattu 8/2"
Ampara,Alayadiwembu,"Akkaraipattu 7/1"
Ampara,Alayadiwembu,"Akkaraipattu 7/2"
Ampara,Alayadiwembu,Vachchikuda
Ampara,Alayadiwembu,"Kannahikiramam 01"
Ampara,Alayadiwembu,Aligambai
Ampara,Alayadiwembu,"Akkaraipattu 7/4"
Ampara,Alayadiwembu,"Akkaraipattu 7/3"
Ampara,Alayadiwembu,"Akkaraipattu 7"
Ampara,Alayadiwembu,"Akkaraipattu 8"
Ampara,Alayadiwembu,Sinnamugathuwaram
Ampara,Alayadiwembu,"Kolavil 03"
Ampara,Alayadiwembu,Navatkadu
Ampara,Alayadiwembu,"Kolavil  02"
Ampara,Alayadiwembu,"Kolavil  01"
Ampara,Alayadiwembu,Panankadu
Ampara,Alayadiwembu,"Sinna Panankadu"
Ampara,Alayadiwembu,"Kannahikiramam 02"
Ampara,Alayadiwembu,Alayadivembu
Ampara,Damana,Keenawatta
Ampara,Damana,Muwangala
Ampara,Damana,Galmaduwa
Ampara,Damana,Uksiripura
Ampara,Damana,Helagampura
Ampara,Damana,Karalewa
Ampara,Damana,Hingurana
Ampara,Damana,Diviyagala
Ampara,Damana,Padagoda
Ampara,Damana,Pahalalanda
Ampara,Damana,Hindakalugama
Ampara,Damana,Kalugolla
Ampara,Damana,Dewalahida
Ampara,Damana,Koknahara
Ampara,Damana,Moragahapallama
Ampara,Damana,Damana
Ampara,Damana,Alahena
Ampara,Damana,Madawalalanda
Ampara,Damana,Madana
Ampara,Damana,Ekgaloya
Ampara,Damana,Kethsirigama
Ampara,Damana,Galkanda
Ampara,Damana,Pallanoya
Ampara,Damana,Kivulegama
Ampara,Damana,Thimbirigolla
Ampara,Damana,Ambalanoya
Ampara,Damana,Veheragala
Ampara,Damana,"18A Janapadaya"
Ampara,Damana,Thottama
Ampara,Damana,Kumana
Ampara,Damana,Wadinagala
Ampara,Damana,Pannalgama
Ampara,Damana,Bakmitiyawa
Ampara,Thirukkovil,"Thambiluvil 2"
Ampara,Thirukkovil,"Thambiluvil 1"
Ampara,Thirukkovil,"Thambiluvil 1 West"
Ampara,Thirukkovil,"Thambiluvil 1 East"
Ampara,Thirukkovil,"Thambiluvil 1South"
Ampara,Thirukkovil,Sangamam
Ampara,Thirukkovil,"Thambiluvil 2 West"
Ampara,Thirukkovil,"Thambiluvil 2 North"
Ampara,Thirukkovil,"Thambiluvil 2 East"
Ampara,Thirukkovil,"Thirukkovil 3"
Ampara,Thirukkovil,"Thirukkovil 1"
Ampara,Thirukkovil,"Thirukkovil 2"
Ampara,Thirukkovil,"Vinayagapuram 4"
Ampara,Thirukkovil,"Vinayagapuram 1"
Ampara,Thirukkovil,"Vinayagapuram 2"
Ampara,Thirukkovil,"Thirukkovil 4"
Ampara,Thirukkovil,Kanchirankuda
Ampara,Thirukkovil,Kanchikudicharu
Ampara,Thirukkovil,"Vinayagapuram 3"
Ampara,Thirukkovil,Sangamangramam
Ampara,Thirukkovil,Thandiyadi
Ampara,Thirukkovil,Thangavelayudapuram
Ampara,Pottuvil,"Sangaman Kandy"
Ampara,Pottuvil,"Sinna Ullai"
Ampara,Pottuvil,"Sinna Puthukkudiyirup"
Ampara,Pottuvil,"Victor Estate 2"
Ampara,Pottuvil,Vaddively
Ampara,Pottuvil,"Victor Estate 1"
Ampara,Pottuvil,"Rasak Moulana Nagar"
Ampara,Pottuvil,Sarvodayapuram
Ampara,Pottuvil,"Pothuvil 02/Unit 03"
Ampara,Pottuvil,Kundumadu
Ampara,Pottuvil,"Pothuvil 01/Unit II"
Ampara,Pottuvil,"Pakkiyawatta 2"
Ampara,Pottuvil,Pasarichchenai
Ampara,Pottuvil,"Pothuvil Town"
Ampara,Pottuvil,"Pakkiyawatta 1"
Ampara,Pottuvil,"Komarie 02"
Ampara,Pottuvil,"Komarie 01"
Ampara,Pottuvil,Kalappukaddu
Ampara,Pottuvil,"Jalaldeen Square"
Ampara,Pottuvil,"Hidayapuram 2"
Ampara,Pottuvil,"Hidayapuram 1"
Ampara,Pottuvil,Kanagarkiramam
Ampara,Pottuvil,"Hijra Nagar"
Ampara,Pottuvil,"Pothuvil 01/Unit 1"
Ampara,Pottuvil,"Pothuvil 01/Unit III"
Ampara,Pottuvil,"Inspector Etham"
Ampara,Pottuvil,"Pothuvil 02/Unit 2"
Ampara,Lahugala,Kandahindagama
Ampara,Lahugala,"Hulannugee West"
Ampara,Lahugala,Hulannuge
Ampara,Lahugala,"Perani Lahugala"
Ampara,Lahugala,Lahugala
Ampara,Lahugala,Dewalagoda
Ampara,Lahugala,Pansalgoda
Ampara,Lahugala,"Panama West"
Ampara,Lahugala,Shasthrawela
Ampara,Lahugala,"Panama Central"
Ampara,Lahugala,"Panama North"
Ampara,Lahugala,"Panama South"
Trincomalee,Padavisiripura,"Seva Janapadaya"
Trincomalee,Padavisiripura,Gemunupura
Trincomalee,Padavisiripura,Kavanthissapura
Trincomalee,Padavisiripura,Lassanagama
Trincomalee,Padavisiripura,Singhapura
Trincomalee,Padavisiripura,"Parana Medawachchiya"
Trincomalee,Padavisiripura,Samanpura
Trincomalee,Padavisiripura,"Sri Thissapura"
Trincomalee,Padavisiripura,"Sri Pura"
Trincomalee,Padavisiripura,Jayanthiwewa
Trincomalee,Kuchchaveli,Thennaimaravady
Trincomalee,Kuchchaveli,"Pulmoddai Division No 03"
Trincomalee,Kuchchaveli,"Pulmoddai Division No 02"
Trincomalee,Kuchchaveli,"Pulmoddai Division No 01"
Trincomalee,Kuchchaveli,"Pulmoddai Division No 04"
Trincomalee,Kuchchaveli,Thiriyai
Trincomalee,Kuchchaveli,Senthoor
Trincomalee,Kuchchaveli,Kaddukulam
Trincomalee,Kuchchaveli,Kallampattai
Trincomalee,Kuchchaveli,Kuchchaveli
Trincomalee,Kuchchaveli,Iranaikerni
Trincomalee,Kuchchaveli,Veerancholai
Trincomalee,Kuchchaveli,Jayanagar
Trincomalee,Kuchchaveli,Cassimnagar
Trincomalee,Kuchchaveli,"Kumburupiddy South"
Trincomalee,Kuchchaveli,"Kumburupiddy North"
Trincomalee,Kuchchaveli,"Kumburupiddy East"
Trincomalee,Kuchchaveli,Nilaveli
Trincomalee,Kuchchaveli,Irakkandy
Trincomalee,Kuchchaveli,Gopalapuram
Trincomalee,Kuchchaveli,Veloor
Trincomalee,Kuchchaveli,Iqbalnagar
Trincomalee,Kuchchaveli,Periyakulam
Trincomalee,Kuchchaveli,Valayoothu
Trincomalee,Gomarankadawala,Gomarankadawala
Trincomalee,Gomarankadawala,Kalyanapura
Trincomalee,Gomarankadawala,Pamburugaswewa
Trincomalee,Gomarankadawala,Kandamalawa
Trincomalee,Gomarankadawala,Madawachchiya
Trincomalee,Gomarankadawala,Kivulakadawala
Trincomalee,Gomarankadawala,Pulikandikulama
Trincomalee,Gomarankadawala,Mailawewa
Trincomalee,Gomarankadawala,Bakmeegama
Trincomalee,Morawewa,Peniketiyawa
Trincomalee,Morawewa,"Mahadivulwewa Stage I"
Trincomalee,Morawewa,"Mahadivulwewa Stage II"
Trincomalee,Morawewa,Nochchikulama
Trincomalee,Morawewa,"Morawewa South"
Trincomalee,Morawewa,"Morawewa North"
Trincomalee,Morawewa,Awvainagar
Trincomalee,Morawewa,Namalwatta
Trincomalee,Morawewa,Kithuluthuwa
Trincomalee,Morawewa,Pankulama
Trincomalee,"Trincomalee Town and Gravets",Wilgama
Trincomalee,"Trincomalee Town and Gravets",Welveri
Trincomalee,"Trincomalee Town and Gravets",Kanniya
Trincomalee,"Trincomalee Town and Gravets",Eluppaikulam
Trincomalee,"Trincomalee Town and Gravets",Sampalthivu
Trincomalee,"Trincomalee Town and Gravets",Salli
Trincomalee,"Trincomalee Town and Gravets",Uppuveli
Trincomalee,"Trincomalee Town and Gravets",Puliyankulam
Trincomalee,"Trincomalee Town and Gravets",Varothayanagar
Trincomalee,"Trincomalee Town and Gravets",Peeliyady
Trincomalee,"Trincomalee Town and Gravets",Mankaiyoottu
Trincomalee,"Trincomalee Town and Gravets",Andankulama
Trincomalee,"Trincomalee Town and Gravets",Singhapura
Trincomalee,"Trincomalee Town and Gravets",Kovilady
Trincomalee,"Trincomalee Town and Gravets",Palaiyoottu
Trincomalee,"Trincomalee Town and Gravets",Abayapura
Trincomalee,"Trincomalee Town and Gravets",Anpuvalipuram
Trincomalee,"Trincomalee Town and Gravets",Mihindupura
Trincomalee,"Trincomalee Town and Gravets",Selvanayahapuram
Trincomalee,"Trincomalee Town and Gravets",Jinnanagar
Trincomalee,"Trincomalee Town and Gravets",Murugapuri
Trincomalee,"Trincomalee Town and Gravets",Thirukadaloor
Trincomalee,"Trincomalee Town and Gravets",Pattanatheru
Trincomalee,"Trincomalee Town and Gravets",Peruntheru
Trincomalee,"Trincomalee Town and Gravets",Sivapuri
Trincomalee,"Trincomalee Town and Gravets",Linganagar
Trincomalee,"Trincomalee Town and Gravets",Mudcove
Trincomalee,"Trincomalee Town and Gravets",Poompuhar
Trincomalee,"Trincomalee Town and Gravets",Sumedhankarapura
Trincomalee,"Trincomalee Town and Gravets",Muththunagar
Trincomalee,"Trincomalee Town and Gravets",Kappalthurai
Trincomalee,"Trincomalee Town and Gravets",Kavaddikuda
Trincomalee,"Trincomalee Town and Gravets",Nachchikuda
Trincomalee,"Trincomalee Town and Gravets",Wellaimanal
Trincomalee,"Trincomalee Town and Gravets","Chaina Bay"
Trincomalee,"Trincomalee Town and Gravets","Orrs Hill"
Trincomalee,"Trincomalee Town and Gravets",Thillainagar
Trincomalee,"Trincomalee Town and Gravets",Arasadi
Trincomalee,"Trincomalee Town and Gravets",Manayaweli
Trincomalee,"Trincomalee Town and Gravets",Sonagavadi
Trincomalee,"Trincomalee Town and Gravets",Arunagirinagar
Trincomalee,"Trincomalee Town and Gravets",Villundy
Trincomalee,Thambalagamuwa,"Galmetiyawa North"
Trincomalee,Thambalagamuwa,Palampoddaru
Trincomalee,Thambalagamuwa,Puthukudiyirippu
Trincomalee,Thambalagamuwa,Pokkuruni
Trincomalee,Thambalagamuwa,Meeranagar
Trincomalee,Thambalagamuwa,"Siraj Nagar"
Trincomalee,Thambalagamuwa,"Kovil Kudiyiruppu"
Trincomalee,Thambalagamuwa,Thambalagamuwa
Trincomalee,Thambalagamuwa,"Mollipothana North"
Trincomalee,Thambalagamuwa,"Galmetiyawa South"
Trincomalee,Thambalagamuwa,Mollipothana
Trincomalee,Thambalagamuwa,"Mollipothana East"
Trincomalee,Kanthale,"Vendrasanpura Unit 16"
Trincomalee,Kanthale,"Ganthalawa Unit 12"
Trincomalee,Kanthale,"Ganthalawa Unit 11"
Trincomalee,Kanthale,"Wanela East"
Trincomalee,Kanthale,"Wanela  West"
Trincomalee,Kanthale,Pansalgodella
Trincomalee,Kanthale,Sooriyapura
Trincomalee,Kanthale,Jayanthipura
Trincomalee,Kanthale,"Rajaela Unit 04"
Trincomalee,Kanthale,"Rajaela Unit 05"
Trincomalee,Kanthale,"Vendrasanpura Unit 15"
Trincomalee,Kanthale,"Vendrasanpura Unit 14"
Trincomalee,Kanthale,Bhathiyagama
Trincomalee,Kanthale,"Rajaela Unit 03"
Trincomalee,Kanthale,"Peraru Unit 02"
Trincomalee,Kanthale,"Peraru East"
Trincomalee,Kanthale,"Peraru West"
Trincomalee,Kanthale,"Kanthale Town South"
Trincomalee,Kanthale,"Kanthale Town"
Trincomalee,Kanthale,Agbopura
Trincomalee,Kanthale,Batukachchiya
Trincomalee,Kanthale,Rajawewa
Trincomalee,Kanthale,Seenipura
Trincomalee,Kinniya,Munaichenai
Trincomalee,Kinniya,Maniarasankulam
Trincomalee,Kinniya,Mancholai
Trincomalee,Kinniya,Malinthurai
Trincomalee,Kinniya,"Majeed Nagar"
Trincomalee,Kinniya,"Maharoof Gramam"
Trincomalee,Kinniya,"Maharuf Nagar"
Trincomalee,Kinniya,Ayiliyady
Trincomalee,Kinniya,"Annal Nagar"
Trincomalee,Kinniya,Alankerny
Trincomalee,Kinniya,"Ehuthar  Nagar"
Trincomalee,Kinniya,Echchanthivu
Trincomalee,Kinniya,Kuddikarachchi
Trincomalee,Kinniya,Kurinchakerny
Trincomalee,Kinniya,Mancholaichenai
Trincomalee,Kinniya,Nadoottu
Trincomalee,Kinniya,Naduthivu
Trincomalee,Kinniya,"Periya Kinniya"
Trincomalee,Kinniya,Periyaththumunai
Trincomalee,Kinniya,Poovarasanthivu
Trincomalee,Kinniya,Kinniya
Trincomalee,Kinniya,Idiman
Trincomalee,Kinniya,"Faizal Nagar"
Trincomalee,Kinniya,Kachchakodithivu
Trincomalee,Kinniya,Kattaiaru
Trincomalee,Kinniya,Kakamunai
Trincomalee,Kinniya,"Rahumaniya Nagar"
Trincomalee,Kinniya,Samavechchativu
Trincomalee,Kinniya,"Sinna Kinniya"
Trincomalee,Kinniya,Soorangal
Trincomalee,Kinniya,Upparu
Trincomalee,Muttur,"Sampoor West"
Trincomalee,Muttur,Koonitivu
Trincomalee,Muttur,Navarathnapuram
Trincomalee,Muttur,"Sampoor East"
Trincomalee,Muttur,Kadarkaraichenai
Trincomalee,Muttur,"Kaddaiparichchan North"
Trincomalee,Muttur,"Thaqwa Nagar"
Trincomalee,Muttur,"Muttur East"
Trincomalee,Muttur,Naduthivu
Trincomalee,Muttur,"Thaha Nagar"
Trincomalee,Muttur,"Muttur Central"
Trincomalee,Muttur,"Muttur West"
Trincomalee,Muttur,Ralkully
Trincomalee,Muttur,"Shaffi Nagar"
Trincomalee,Muttur,Periyapalam
Trincomalee,Muttur,Jayanagar
Trincomalee,Muttur,Alimnagar
Trincomalee,Muttur,Anaichenai
Trincomalee,Muttur,"Neithal Nagar"
Trincomalee,Muttur,Palanagar
Trincomalee,Muttur,"Kaddaiparichchan South"
Trincomalee,Muttur,Pallikkudiyiruppu
Trincomalee,Muttur,Chenaiyoor
Trincomalee,Muttur,Paddalipuram
Trincomalee,Muttur,Nalloor
Trincomalee,Muttur,"Iqbal Nagar"
Trincomalee,Muttur,"Allainagar East"
Trincomalee,Muttur,"Allainagar West"
Trincomalee,Muttur,Thoppur
Trincomalee,Muttur,Palathoppur
Trincomalee,Muttur,"Jinna Nagar"
Trincomalee,Muttur,Iruthayapuram
Trincomalee,Muttur,Peruveli
Trincomalee,Muttur,Mallikaithivu
Trincomalee,Muttur,Paddithidal
Trincomalee,Muttur,Palathadichenai
Trincomalee,Muttur,"Jinna Nagar"
Trincomalee,Muttur,Assathnagar
Trincomalee,Muttur,Barathipuram
Trincomalee,Muttur,Kiliveddi
Trincomalee,Muttur,Mengamam
Trincomalee,Muttur,Kanguvely
Trincomalee,Seruvila,Neelapola
Trincomalee,Seruvila,Samagipura
Trincomalee,Seruvila,Sivapuram
Trincomalee,Seruvila,Dehiwatta
Trincomalee,Seruvila,Thanganagar
Trincomalee,Seruvila,Kavanthissapura
Trincomalee,Seruvila,Seruvila
Trincomalee,Seruvila,Navatkernikadu
Trincomalee,Seruvila,Sumedhankarapura
Trincomalee,Seruvila,Mahindapura
Trincomalee,Seruvila,Serunuwara
Trincomalee,Seruvila,Mahaweligama
Trincomalee,Seruvila,Lingapuram
Trincomalee,Seruvila,Ariyamankerni
Trincomalee,Seruvila,Sirimangalapura
Trincomalee,Seruvila,Somapura
Trincomalee,Verugal(Eachchilampattu),Ilangaithurai
Trincomalee,Verugal(Eachchilampattu),"Ilangaithurai Mugathuvaram"
Trincomalee,Verugal(Eachchilampattu),Karukkamunai
Trincomalee,Verugal(Eachchilampattu),Poonagar
Trincomalee,Verugal(Eachchilampattu),Poomarathadichenai
Trincomalee,Verugal(Eachchilampattu),Eachchilampathai
Trincomalee,Verugal(Eachchilampattu),Verugal
Trincomalee,Verugal(Eachchilampattu),Anaitheevu
Trincomalee,Verugal(Eachchilampattu),"Verugal Mugathuvaram"
Trincomalee,Verugal(Eachchilampattu),Uppooral
Trinkomalee,Gomarankadawala,Galkadawala
Kurunegala,Giribawa,Jayanthipura
Kurunegala,Giribawa,Bambare
Kurunegala,Giribawa,"Sadagala Palatha"
Kurunegala,Giribawa,Parakumpura
Kurunegala,Giribawa,Solepura
Kurunegala,Giribawa,Halmillagala
Kurunegala,Giribawa,Thibiripokuna
Kurunegala,Giribawa,Sarasumgala
Kurunegala,Giribawa,Kokmaduwa
Kurunegala,Giribawa,Orugala
Kurunegala,Giribawa,Mahasenpura
Kurunegala,Giribawa,Weerapokuna
Kurunegala,Giribawa,"Hasthirajapura "
Kurunegala,Giribawa,Thammitagama
Kurunegala,Giribawa,Damgopura
Kurunegala,Giribawa,Solewewa
Kurunegala,Giribawa,"Pathane Wewa"
Kurunegala,Giribawa,Abhayapura
Kurunegala,Giribawa,Sangabopura
Kurunegala,Giribawa,Gurulupitigama
Kurunegala,Giribawa,Warawewa
Kurunegala,Giribawa,Pothana
Kurunegala,Giribawa,"Pahala Giribawa"
Kurunegala,Giribawa,"Ihala Giribawa"
Kurunegala,Giribawa,Weragala
Kurunegala,Giribawa,"Ihala Maradankadawala"
Kurunegala,Giribawa,Hettiarachchigama
Kurunegala,Giribawa,Gampola
Kurunegala,Giribawa,Aliyawetunuwewa
Kurunegala,Giribawa,Thambutta
Kurunegala,Giribawa,Thammennawa
Kurunegala,Giribawa,Mailewa
Kurunegala,Giribawa,Madige
Kurunegala,Giribawa,Wannikudawewa
Kurunegala,Giribawa,Sangappalaya
Kurunegala,Galgamuwa,Medagama
Kurunegala,Galgamuwa,Walagambapura
Kurunegala,Galgamuwa,Gemunupura
Kurunegala,Galgamuwa,Ethiniwetunugala
Kurunegala,Galgamuwa,Thissapura
Kurunegala,Galgamuwa,"Medagama East"
Kurunegala,Galgamuwa,Senarathgama
Kurunegala,Galgamuwa,Kumbukwewa
Kurunegala,Galgamuwa,Mahagalkadawala
Kurunegala,Galgamuwa,"Usgala Siyambalangamuwa"
Kurunegala,Galgamuwa,Kepela
Kurunegala,Galgamuwa,Bandaragama
Kurunegala,Galgamuwa,Ganangamuwa
Kurunegala,Galgamuwa,Padavigama
Kurunegala,Galgamuwa,Meegalewa
Kurunegala,Galgamuwa,Lassanagama
Kurunegala,Galgamuwa,"Track 4 Usgala"
Kurunegala,Galgamuwa,Jayalanda
Kurunegala,Galgamuwa,Padipanchawa
Kurunegala,Galgamuwa,Buduruwakanda
Kurunegala,Galgamuwa,Kallanchiya
Kurunegala,Galgamuwa,Molewa
Kurunegala,Galgamuwa,Nochchiya
Kurunegala,Galgamuwa,Kohombankulama
Kurunegala,Galgamuwa,"Ihala Nanneriya"
Kurunegala,Galgamuwa,Ihalagama
Kurunegala,Galgamuwa,"Ihala Palukandewa"
Kurunegala,Galgamuwa,"Pahala Palukandewa"
Kurunegala,Galgamuwa,Monnankulama
Kurunegala,Galgamuwa,Divullewa
Kurunegala,Galgamuwa,Kurundankulama
Kurunegala,Galgamuwa,Kelegama
Kurunegala,Galgamuwa,Siyambalewa
Kurunegala,Galgamuwa,Walaswewa
Kurunegala,Galgamuwa,Porottukadawala
Kurunegala,Galgamuwa,Bulnewa
Kurunegala,Galgamuwa,Ulpathagama
Kurunegala,Galgamuwa,Kokwewa
Kurunegala,Galgamuwa,Mahagalgamuwa
Kurunegala,Galgamuwa,"Galgamuwa Town"
Kurunegala,Galgamuwa,Aluthherathgama
Kurunegala,Galgamuwa,Mottapettewa
Kurunegala,Galgamuwa,Karuwalagaswewa
Kurunegala,Galgamuwa,Jayabima
Kurunegala,Galgamuwa,Palugolla
Kurunegala,Galgamuwa,"Mahananneriya North"
Kurunegala,Galgamuwa,"Mahananneriya South"
Kurunegala,Galgamuwa,Wewaranawetiya
Kurunegala,Galgamuwa,Nallachchiya
Kurunegala,Galgamuwa,Medawachchiya
Kurunegala,Galgamuwa,Peddogama
Kurunegala,Galgamuwa,Katuwewa
Kurunegala,Galgamuwa,Thorawa
Kurunegala,Galgamuwa,Nahettikulama
Kurunegala,Galgamuwa,Wadugama
Kurunegala,Galgamuwa,Konwewa
Kurunegala,Galgamuwa,Kattakaduwa
Kurunegala,Galgamuwa,Ganedivulwewa
Kurunegala,Galgamuwa,Wegedara
Kurunegala,Galgamuwa,Madadombe
Kurunegala,Galgamuwa,Kurundewa
Kurunegala,Galgamuwa,Palukadawala
Kurunegala,Ehetuwewa,Medinnoruwa
Kurunegala,Ehetuwewa,"Mahaweli Thenna"
Kurunegala,Ehetuwewa,Andarawewa
Kurunegala,Ehetuwewa,Bongama
Kurunegala,Ehetuwewa,Katugampalagama
Kurunegala,Ehetuwewa,"Maha Kathnoruwa"
Kurunegala,Ehetuwewa,Weliyawa
Kurunegala,Ehetuwewa,Makulewa
Kurunegala,Ehetuwewa,Vikadenigama
Kurunegala,Ehetuwewa,"Kuda Kanthoruwa"
Kurunegala,Ehetuwewa,Wedinigama
Kurunegala,Ehetuwewa,Pothanegama
Kurunegala,Ehetuwewa,Mudiyannegama
Kurunegala,Ehetuwewa,Divulgane
Kurunegala,Ehetuwewa,"Ihala Digana"
Kurunegala,Ehetuwewa,Nithalawa
Kurunegala,Ehetuwewa,Galapitadigana
Kurunegala,Ehetuwewa,"Ethinimole "
Kurunegala,Ehetuwewa,Rathnadivulwewa
Kurunegala,Ehetuwewa,Nithogama
Kurunegala,Ehetuwewa,Hiddewa
Kurunegala,Ehetuwewa,Kaduruwewa
Kurunegala,Ehetuwewa,"Ihala Embogama"
Kurunegala,Ehetuwewa,"Maha Embogama"
Kurunegala,Ehetuwewa,Ehetuwewa
Kurunegala,Ehetuwewa,Nakolagane
Kurunegala,Ehetuwewa,Veheragodayaya
Kurunegala,Ehetuwewa,Yaddessawa
Kurunegala,Ehetuwewa,Atharagalla
Kurunegala,Ehetuwewa,Gurugoda
Kurunegala,Ehetuwewa,Eriyawa
Kurunegala,Ehetuwewa,Hunugallewa
Kurunegala,Ehetuwewa,Thimbiriyawa
Kurunegala,Ehetuwewa,Walathwewa
Kurunegala,Ehetuwewa,Nabadewa
Kurunegala,Ambanpola,"Kasikote West"
Kurunegala,Ambanpola,"Kasikote East"
Kurunegala,Ambanpola,Belungala
Kurunegala,Ambanpola,"Abakolawewa North"
Kurunegala,Ambanpola,Amunugama
Kurunegala,Ambanpola,"Ambanpola North"
Kurunegala,Ambanpola,Nelumpathwewa
Kurunegala,Ambanpola,"Maha Divulwewa"
Kurunegala,Ambanpola,Ranoruwa
Kurunegala,Ambanpola,"Uda Divulwewa"
Kurunegala,Ambanpola,Ellabadagama
Kurunegala,Ambanpola,"Ambanpola South"
Kurunegala,Ambanpola,Kirimetiyawa
Kurunegala,Ambanpola,"Abakolawewa South"
Kurunegala,Ambanpola,Serugoda
Kurunegala,Ambanpola,Mediyawa
Kurunegala,Ambanpola,Dethawa
Kurunegala,Ambanpola,Udangawa
Kurunegala,Ambanpola,Waragammana
Kurunegala,Ambanpola,Borawewa
Kurunegala,Ambanpola,Bakmeewewa
Kurunegala,Ambanpola,Walaliya
Kurunegala,Ambanpola,Palapathwala
Kurunegala,Ambanpola,Kettapahuwa
Kurunegala,Ambanpola,Rolawa
Kurunegala,Ambanpola,Udagama
Kurunegala,Ambanpola,"Nekathi Kumbukwewa"
Kurunegala,Ambanpola,Waduressa
Kurunegala,Kotavehera,"Palugolla Track 10 A"
Kurunegala,Kotavehera,"Palugolla Track 10 B"
Kurunegala,Kotavehera,"Palu Uswewa"
Kurunegala,Kotavehera,Kumbukwewa
Kurunegala,Kotavehera,Digannewa
Kurunegala,Kotavehera,Kelegama
Kurunegala,Kotavehera,Digannewatta
Kurunegala,Kotavehera,"Maha Mithawa"
Kurunegala,Kotavehera,Aluthgama
Kurunegala,Kotavehera,Divullepitiya
Kurunegala,Kotavehera,Meewellewa
Kurunegala,Kotavehera,Galkadawala
Kurunegala,Kotavehera,Elagammillawa
Kurunegala,Kotavehera,Yakadapatha
Kurunegala,Kotavehera,Kudarawaliya
Kurunegala,Kotavehera,Moragolla
Kurunegala,Kotavehera,"Kuda Mithawa"
Kurunegala,Kotavehera,Dehennegama
Kurunegala,Kotavehera,"Ihala Weeradadana"
Kurunegala,Kotavehera,Monnekulama
Kurunegala,Kotavehera,Kotavehera
Kurunegala,Kotavehera,"Maha Kirinda A"
Kurunegala,Kotavehera,"Maha Kirinda B"
Kurunegala,Kotavehera,Girilla
Kurunegala,Kotavehera,Hidogama
Kurunegala,Kotavehera,Sirisethagama
Kurunegala,Kotavehera,Nawana
Kurunegala,Kotavehera,Nagala
Kurunegala,Kotavehera,Ithewa
Kurunegala,Kotavehera,Dodamgollegama
Kurunegala,Kotavehera,Hulawa
Kurunegala,Rasnayakapura,Koralayagama
Kurunegala,Rasnayakapura,Malpanawa
Kurunegala,Rasnayakapura,Abokkagama
Kurunegala,Rasnayakapura,Kanuketiya
Kurunegala,Rasnayakapura,Ambale
Kurunegala,Rasnayakapura,Udunowa
Kurunegala,Rasnayakapura,Galpanawa
Kurunegala,Rasnayakapura,Halambe
Kurunegala,Rasnayakapura,Ottukulama
Kurunegala,Rasnayakapura,Leekolapitiya
Kurunegala,Rasnayakapura,"Agara Uda"
Kurunegala,Rasnayakapura,Udahenegama
Kurunegala,Rasnayakapura,Rambewa
Kurunegala,Rasnayakapura,Thalakolawewa
Kurunegala,Rasnayakapura,Kanagullewa
Kurunegala,Rasnayakapura,Rasnayakapura
Kurunegala,Rasnayakapura,Kallanchiya
Kurunegala,Rasnayakapura,Kuruvikulama
Kurunegala,Rasnayakapura,Nammuwawa
Kurunegala,Rasnayakapura,Niraliyadda
Kurunegala,Rasnayakapura,Ambagammana
Kurunegala,Rasnayakapura,Unagolla
Kurunegala,Rasnayakapura,Kongaswalayagama
Kurunegala,Rasnayakapura,Divullewa
Kurunegala,Rasnayakapura,"Kadigawa Track 1"
Kurunegala,Rasnayakapura,"Kadigawa Track 3 "
Kurunegala,Rasnayakapura,Subhasinghapura
Kurunegala,Rasnayakapura,Magurankadawala
Kurunegala,Nikaweratiya,Thumbulla
Kurunegala,Nikaweratiya,Waduressa
Kurunegala,Nikaweratiya,Olupeliyawa
Kurunegala,Nikaweratiya,Kandegedara
Kurunegala,Nikaweratiya,Hulugalla
Kurunegala,Nikaweratiya,Mawathagama
Kurunegala,Nikaweratiya,Pinnapolegama
Kurunegala,Nikaweratiya,Hulogedera
Kurunegala,Nikaweratiya,Bogollagama
Kurunegala,Nikaweratiya,Dalukgolla
Kurunegala,Nikaweratiya,Ihakolagama
Kurunegala,Nikaweratiya,Karakole
Kurunegala,Nikaweratiya,Hewenpelessa
Kurunegala,Nikaweratiya,Kivulegama
Kurunegala,Nikaweratiya,Nabadewa
Kurunegala,Nikaweratiya,Diyagama
Kurunegala,Nikaweratiya,Hathigammana
Kurunegala,Nikaweratiya,Kaluwennewa
Kurunegala,Nikaweratiya,Heelogama
Kurunegala,Nikaweratiya,Kebellewa
Kurunegala,Nikaweratiya,Budumuttawa
Kurunegala,Nikaweratiya,Galapitiyagama
Kurunegala,Nikaweratiya,"Nikaweratiya North"
Kurunegala,Nikaweratiya,Thimbiriyawa
Kurunegala,Nikaweratiya,Galagedara
Kurunegala,Nikaweratiya,Randenigama
Kurunegala,Nikaweratiya,Divullegoda
Kurunegala,Nikaweratiya,Siyambalewa
Kurunegala,Nikaweratiya,Wasiwewe
Kurunegala,Nikaweratiya,Kirindigalla
Kurunegala,Nikaweratiya,"Othota Divullewa"
Kurunegala,Nikaweratiya,Halmillewa
Kurunegala,Nikaweratiya,Katagamuwa
Kurunegala,Nikaweratiya,Kumbukwewe
Kurunegala,Nikaweratiya,Elawaka
Kurunegala,Nikaweratiya,Magallegama
Kurunegala,Nikaweratiya,Millagoda
Kurunegala,Nikaweratiya,"Nikaweratiya South"
Kurunegala,Nikaweratiya,Viharagama
Kurunegala,Nikaweratiya,Danduwawa
Kurunegala,Nikaweratiya,"Pahala Galapitiyagama"
Kurunegala,Nikaweratiya,Tharanagolla
Kurunegala,Maho,Kohombakadawala
Kurunegala,Maho,Ihalagama
Kurunegala,Maho,Pahalagama
Kurunegala,Maho,Moragaswewa
Kurunegala,Maho,Konwewa
Kurunegala,Maho,Yaddigama
Kurunegala,Maho,Bamunugama
Kurunegala,Maho,Kirimetiyawa
Kurunegala,Maho,Bakmeegahawatta
Kurunegala,Maho,Karuwalagahawatta
Kurunegala,Maho,Makaduwawa
Kurunegala,Maho,Thimbullegama
Kurunegala,Maho,Hithokadawala
Kurunegala,Maho,Thambare
Kurunegala,Maho,Liyanagama
Kurunegala,Maho,Uduweriya
Kurunegala,Maho,Maningamuwa
Kurunegala,Maho,Ipalogama
Kurunegala,Maho,Thammitagama
Kurunegala,Maho,Daladagama
Kurunegala,Maho,Ullalapola
Kurunegala,Maho,Atawarala
Kurunegala,Maho,"Digana "
Kurunegala,Maho,Moonamalegama
Kurunegala,Maho,Madurugama
Kurunegala,Maho,"Mahawa West"
Kurunegala,Maho,"Mahawa East"
Kurunegala,Maho,Nettipalagama
Kurunegala,Maho,Divullewa
Kurunegala,Maho,Pailigama
Kurunegala,Maho,Kattambuwawa
Kurunegala,Maho,Deheneggama
Kurunegala,Maho,Karambe
Kurunegala,Maho,Kandubadagama
Kurunegala,Maho,Embogama
Kurunegala,Maho,Thalambuwa
Kurunegala,Maho,Kumbukwewa
Kurunegala,Maho,Kekunawa
Kurunegala,Maho,Rekogama
Kurunegala,Maho,Imbulgodayagama
Kurunegala,Maho,Vilawa
Kurunegala,Maho,Kumbukwewa
Kurunegala,Maho,Konwewa
Kurunegala,Maho,Heenuggala
Kurunegala,Maho,Kumbukwewa
Kurunegala,Maho,Balalla
Kurunegala,Maho,"Pahala Balalla"
Kurunegala,Maho,Thisnampalagama
Kurunegala,Maho,Heenukwewa
Kurunegala,Maho,Gallewa
Kurunegala,Maho,Galewewa
Kurunegala,Maho,Kadambawa
Kurunegala,Maho,Metiyakgama
Kurunegala,Maho,Madagama
Kurunegala,Maho,"Gala Ambagaswewa"
Kurunegala,Maho,Rathmale
Kurunegala,Maho,Dampitigama
Kurunegala,Maho,Nagollagama
Kurunegala,Maho,Thalagalla
Kurunegala,Maho,Panwewa
Kurunegala,Maho,Balagollagama
Kurunegala,Maho,Ambagaswewa
Kurunegala,Maho,Gajaneggama
Kurunegala,Maho,Pothuwewa
Kurunegala,Maho,Katuwannawa
Kurunegala,Maho,Walpaluwa
Kurunegala,Maho,Palugaswewa
Kurunegala,Maho,Mirihanpitigama
Kurunegala,Polpithigama,Kumbukkadawala
Kurunegala,Polpithigama,Thaladapitiya
Kurunegala,Polpithigama,Thalawa
Kurunegala,Polpithigama,Siyambalangamuwa
Kurunegala,Polpithigama,Bulnewa
Kurunegala,Polpithigama,Kambuwatawana
Kurunegala,Polpithigama,Galgiriyawa
Kurunegala,Polpithigama,Pohorawatta
Kurunegala,Polpithigama,Moragollagama
Kurunegala,Polpithigama,Galahitiyagama
Kurunegala,Polpithigama,Nikawewa
Kurunegala,Polpithigama,"Ihala Thimbiriyawa"
Kurunegala,Polpithigama,Mamunugama
Kurunegala,Polpithigama,Pathirenngama
Kurunegala,Polpithigama,Saliyagama
Kurunegala,Polpithigama,Serugasyaya
Kurunegala,Polpithigama,Herathgama
Kurunegala,Polpithigama,Dambe
Kurunegala,Polpithigama,Kiribamunegama
Kurunegala,Polpithigama,Madagalla
Kurunegala,Polpithigama,Galagedaragama
Kurunegala,Polpithigama,Hathigamuwa
Kurunegala,Polpithigama,Amunakole
Kurunegala,Polpithigama,Kumbukulawa
Kurunegala,Polpithigama,Pallekele
Kurunegala,Polpithigama,Pothuvila
Kurunegala,Polpithigama,Rekevula
Kurunegala,Polpithigama,Bogolla
Kurunegala,Polpithigama,Polpithigama
Kurunegala,Polpithigama,"Mal Asna"
Kurunegala,Polpithigama,Meegaswewa
Kurunegala,Polpithigama,Niyandawanaya
Kurunegala,Polpithigama,Hathpokuna
Kurunegala,Polpithigama,Thalpathwewa
Kurunegala,Polpithigama,Koruwawa
Kurunegala,Polpithigama,Galtenwewa
Kurunegala,Polpithigama,Balagolla
Kurunegala,Polpithigama,Siyambalawewa
Kurunegala,Polpithigama,Thalakolawewa
Kurunegala,Polpithigama,Elagamuwa
Kurunegala,Polpithigama,Halmillawewa
Kurunegala,Polpithigama,Imihaminegama
Kurunegala,Polpithigama,Angulgamuwa
Kurunegala,Polpithigama,Nikawehera
Kurunegala,Polpithigama,"Kosgaha Ela"
Kurunegala,Polpithigama,Hakwatunawa
Kurunegala,Polpithigama,"Rawa Ela"
Kurunegala,Polpithigama,Dagama
Kurunegala,Polpithigama,Indigolla
Kurunegala,Polpithigama,Dembatagala
Kurunegala,Polpithigama,Galketiyagama
Kurunegala,Polpithigama,Bakmeewewa
Kurunegala,Polpithigama,Welangolla
Kurunegala,Polpithigama,Wanduressa
Kurunegala,Polpithigama,"Maeliya North"
Kurunegala,Polpithigama,Agare
Kurunegala,Polpithigama,Makulpotha
Kurunegala,Polpithigama,Thalwehara
Kurunegala,Polpithigama,Welipitiya
Kurunegala,Polpithigama,Morotta
Kurunegala,Polpithigama,Keralankadawala
Kurunegala,Polpithigama,Polgahangoda
Kurunegala,Polpithigama,"Peragaha Ela"
Kurunegala,Polpithigama,Medakanda
Kurunegala,Polpithigama,Madahapola
Kurunegala,Polpithigama,Uthuruwella
Kurunegala,Polpithigama,Rambe
Kurunegala,Polpithigama,"Maeliya South"
Kurunegala,Polpithigama,Dekaduwala
Kurunegala,Polpithigama,Kalugalla
Kurunegala,Polpithigama,"Ihala Thelambiyawa"
Kurunegala,Polpithigama,Ambagaswawa
Kurunegala,Polpithigama,Thalamalgama
Kurunegala,Polpithigama,Kalawana
Kurunegala,Polpithigama,Welidalla
Kurunegala,Polpithigama,Ponnilawa
Kurunegala,Polpithigama,Thambuwa
Kurunegala,Polpithigama,Henawa
Kurunegala,Polpithigama,Baddegama
Kurunegala,Polpithigama,Hangamuwa
Kurunegala,Polpithigama,Doraweruwa
Kurunegala,Polpithigama,Deegama
Kurunegala,Ibbagamuwa,Welgala
Kurunegala,Ibbagamuwa,"Kimbulwana Oya"
Kurunegala,Ibbagamuwa,Nelliya
Kurunegala,Ibbagamuwa,Diddeniya
Kurunegala,Ibbagamuwa,"Polkatuwa "
Kurunegala,Ibbagamuwa,Diggalawatta
Kurunegala,Ibbagamuwa,Gurussa
Kurunegala,Ibbagamuwa,Omaragolla
Kurunegala,Ibbagamuwa,Panliyadda
Kurunegala,Ibbagamuwa,Nabeta
Kurunegala,Ibbagamuwa,Ussawa
Kurunegala,Ibbagamuwa,Neerammulla
Kurunegala,Ibbagamuwa,Dewagiriya
Kurunegala,Ibbagamuwa,Katupotha
Kurunegala,Ibbagamuwa,"Unit 3"
Kurunegala,Ibbagamuwa,Hipawwa
Kurunegala,Ibbagamuwa,Thammita
Kurunegala,Ibbagamuwa,Thihawa
Kurunegala,Ibbagamuwa,Ganegoda
Kurunegala,Ibbagamuwa,Lenawa
Kurunegala,Ibbagamuwa,Bandipola
Kurunegala,Ibbagamuwa,Pitipahamuna
Kurunegala,Ibbagamuwa,Medamulla
Kurunegala,Ibbagamuwa,Diyathure
Kurunegala,Ibbagamuwa,Megodadiyathure
Kurunegala,Ibbagamuwa,Ragedara
Kurunegala,Ibbagamuwa,Kendawala
Kurunegala,Ibbagamuwa,Mahagama
Kurunegala,Ibbagamuwa,Puswellegama
Kurunegala,Ibbagamuwa,Karandagolla
Kurunegala,Ibbagamuwa,Kahatawela
Kurunegala,Ibbagamuwa,Neketta
Kurunegala,Ibbagamuwa,Godarathmale
Kurunegala,Ibbagamuwa,Pudukkulama
Kurunegala,Ibbagamuwa,Manapaya
Kurunegala,Ibbagamuwa,Doluwa
Kurunegala,Ibbagamuwa,Wewalagama
Kurunegala,Ibbagamuwa,Deeyawa
Kurunegala,Ibbagamuwa,Aragama
Kurunegala,Ibbagamuwa,Nindapella
Kurunegala,Ibbagamuwa,"Ihala Gokarella"
Kurunegala,Ibbagamuwa,Medagampola
Kurunegala,Ibbagamuwa,Kandegedara
Kurunegala,Ibbagamuwa,Ambanpola
Kurunegala,Ibbagamuwa,Meddeketiya
Kurunegala,Ibbagamuwa,Siyambalawehera
Kurunegala,Ibbagamuwa,Daramitipola
Kurunegala,Ibbagamuwa,Hiddana
Kurunegala,Ibbagamuwa,Godagama
Kurunegala,Ibbagamuwa,Kiribamuna
Kurunegala,Ibbagamuwa,"Periyakadu Nelawa"
Kurunegala,Ibbagamuwa,Peddawa
Kurunegala,Ibbagamuwa,Muruthawa
Kurunegala,Ibbagamuwa,Kanduluwa
Kurunegala,Ibbagamuwa,Ipalawa
Kurunegala,Ibbagamuwa,Polgolla
Kurunegala,Ibbagamuwa,Udathammita
Kurunegala,Ibbagamuwa,Medagedara
Kurunegala,Ibbagamuwa,Thalgodapitiya
Kurunegala,Ibbagamuwa,Ibbagamuwa
Kurunegala,Ibbagamuwa,Dehelgamuwa
Kurunegala,Ibbagamuwa,Mahamookalanyaya
Kurunegala,Ibbagamuwa,Bogamuwa
Kurunegala,Ibbagamuwa,Hangamuwa
Kurunegala,Ibbagamuwa,Wadupola
Kurunegala,Ibbagamuwa,Pannala
Kurunegala,Ibbagamuwa,Udawela
Kurunegala,Ibbagamuwa,Kirindigalla
Kurunegala,Ibbagamuwa,Henegedara
Kurunegala,Ibbagamuwa,Madigedethilianga
Kurunegala,Ibbagamuwa,Galketigama
Kurunegala,Ibbagamuwa,Bakmeegolla
Kurunegala,Ibbagamuwa,Kumbulanga
Kurunegala,Ibbagamuwa,Nembilikumbura
Kurunegala,Ganewatta,Digankonwewa
Kurunegala,Ganewatta,Weragala
Kurunegala,Ganewatta,Thimbiriwewa
Kurunegala,Ganewatta,Kekulawala
Kurunegala,Ganewatta,Divulwewa
Kurunegala,Ganewatta,Pothuwagonna
Kurunegala,Ganewatta,"Kuda Uyangalla"
Kurunegala,Ganewatta,Uyangalla
Kurunegala,Ganewatta,Kalatuwagama
Kurunegala,Ganewatta,Aluthgama
Kurunegala,Ganewatta,Seerangoda
Kurunegala,Ganewatta,Thambagalla
Kurunegala,Ganewatta,Pannawa
Kurunegala,Ganewatta,Nelawa
Kurunegala,Ganewatta,Makulmade
Kurunegala,Ganewatta,Neeraviya
Kurunegala,Ganewatta,Waduwawa
Kurunegala,Ganewatta,Santhanagama
Kurunegala,Ganewatta,Kumbukgete
Kurunegala,Ganewatta,Hettigama
Kurunegala,Ganewatta,Boraluwa
Kurunegala,Ganewatta,Nikagolla
Kurunegala,Ganewatta,Thittawella
Kurunegala,Ganewatta,Jahapagama
Kurunegala,Ganewatta,Neriyawa
Kurunegala,Ganewatta,Arankele
Kurunegala,Ganewatta,Thittawelgala
Kurunegala,Ganewatta,Nikadalupotha
Kurunegala,Ganewatta,Hiripitiya
Kurunegala,Ganewatta,Hidawewa
Kurunegala,Ganewatta,Nelumpathgama
Kurunegala,Ganewatta,Malagamuwa
Kurunegala,Ganewatta,Othuwela
Kurunegala,Ganewatta,Moragolla
Kurunegala,Ganewatta,Hunupola
Kurunegala,Ganewatta,Wegolla
Kurunegala,Ganewatta,Makulwewa
Kurunegala,Ganewatta,Thanthirigama
Kurunegala,Ganewatta,"Kirindiwelmada / Galagedara"
Kurunegala,Ganewatta,Seeradunna
Kurunegala,Ganewatta,Kanawa
Kurunegala,Ganewatta,Pothuvila
Kurunegala,Wariyapola,Halmillewa
Kurunegala,Wariyapola,Thennakongama
Kurunegala,Wariyapola,Kalegama
Kurunegala,Wariyapola,Konotta
Kurunegala,Wariyapola,Ebawalapitiya
Kurunegala,Wariyapola,Mellapotta
Kurunegala,Wariyapola,"Wanduressa Welgala"
Kurunegala,Wariyapola,Walpaluwa
Kurunegala,Wariyapola,Minuwangete
Kurunegala,Wariyapola,Nelliya
Kurunegala,Wariyapola,Deegithawa
Kurunegala,Wariyapola,Karagaswewa
Kurunegala,Wariyapola,Wanduressa
Kurunegala,Wariyapola,Karandawetiya
Kurunegala,Wariyapola,Ethawa
Kurunegala,Wariyapola,Welawa
Kurunegala,Wariyapola,Rabukana
Kurunegala,Wariyapola,Avulegama
Kurunegala,Wariyapola,Bayawa
Kurunegala,Wariyapola,"Muwanwellegedara "
Kurunegala,Wariyapola,Magulagama
Kurunegala,Wariyapola,Divulakele
Kurunegala,Wariyapola,Werella
Kurunegala,Wariyapola,Naramana
Kurunegala,Wariyapola,Thambarawa
Kurunegala,Wariyapola,Pothuwewa
Kurunegala,Wariyapola,"Netiya "
Kurunegala,Wariyapola,"Thissawa "
Kurunegala,Wariyapola,"Amunugama "
Kurunegala,Wariyapola,"Goluwawa "
Kurunegala,Wariyapola,"Kithulwehera "
Kurunegala,Wariyapola,"Ipalawa "
Kurunegala,Wariyapola,Mamunuwa
Kurunegala,Wariyapola,Padeniya
Kurunegala,Wariyapola,Madatuwa
Kurunegala,Wariyapola,Pattalegedara
Kurunegala,Wariyapola,Mirihanegama
Kurunegala,Wariyapola,Nabadawewa
Kurunegala,Wariyapola,Kahagolla
Kurunegala,Wariyapola,Habarawa
Kurunegala,Wariyapola,Ambakadawara
Kurunegala,Wariyapola,Pennithawa
Kurunegala,Wariyapola,Hettigedara
Kurunegala,Wariyapola,Medagama
Kurunegala,Wariyapola,"Ginipendegama "
Kurunegala,Wariyapola,"Wariyapola "
Kurunegala,Wariyapola,"Rathmale "
Kurunegala,Wariyapola,"Piyumgalla "
Kurunegala,Wariyapola,"Elavitigama "
Kurunegala,Wariyapola,"Wewagedara "
Kurunegala,Wariyapola,"Randeniya "
Kurunegala,Wariyapola,"Werapola  "
Kurunegala,Wariyapola,"Horombuwa "
Kurunegala,Wariyapola,Vilakatupotha
Kurunegala,Wariyapola,"Embawa "
Kurunegala,Wariyapola,"Malwana "
Kurunegala,Kobeigane,Hathalawa
Kurunegala,Kobeigane,Makeliyawa
Kurunegala,Kobeigane,Mawathagama
Kurunegala,Kobeigane,Hengamuwa
Kurunegala,Kobeigane,Waduressa
Kurunegala,Kobeigane,Wannigama
Kurunegala,Kobeigane,Vithikuliya
Kurunegala,Kobeigane,Beddegama
Kurunegala,Kobeigane,Pubbiliya
Kurunegala,Kobeigane,Kendattawa
Kurunegala,Kobeigane,Amunakole
Kurunegala,Kobeigane,Kithagama
Kurunegala,Kobeigane,Thelahera
Kurunegala,Kobeigane,Assedduma
Kurunegala,Kobeigane,Leekolawewa
Kurunegala,Kobeigane,Kahatagaswewa
Kurunegala,Kobeigane,Welpothuwewa
Kurunegala,Kobeigane,Boraluwewa
Kurunegala,Kobeigane,Maulla
Kurunegala,Kobeigane,Beliwewa
Kurunegala,Kobeigane,Bakunawala
Kurunegala,Kobeigane,Alahenegama
Kurunegala,Kobeigane,Aralugaswewa
Kurunegala,Kobeigane,Walaswewa
Kurunegala,Kobeigane,Pannawa
Kurunegala,Kobeigane,Galatabendiwewa
Kurunegala,Kobeigane,Bamunugama
Kurunegala,Kobeigane,Hirigolla
Kurunegala,Kobeigane,Kobeigane
Kurunegala,Kobeigane,Holambalewa
Kurunegala,Kobeigane,Halmillakotuwa
Kurunegala,Kobeigane,Kattapitiya
Kurunegala,Kobeigane,Baladora
Kurunegala,Kobeigane,Midellawa
Kurunegala,Kobeigane,Hindagahawewa
Kurunegala,Bingiriya,Molaeliya
Kurunegala,Bingiriya,Getulawa
Kurunegala,Bingiriya,"Pahala Thalampola"
Kurunegala,Bingiriya,"Ihala Konkandawala"
Kurunegala,Bingiriya,Bandarigalgoda
Kurunegala,Bingiriya,Manelembuwa
Kurunegala,Bingiriya,"Pahala Kiniyama"
Kurunegala,Bingiriya,"Kiniyama East"
Kurunegala,Bingiriya,"Kiniyama West"
Kurunegala,Bingiriya,Puwakgahakadawala
Kurunegala,Bingiriya,Weerapokuna
Kurunegala,Bingiriya,Koshenagara
Kurunegala,Bingiriya,"Ihala Galwewa"
Kurunegala,Bingiriya,"Pahala Galwewa"
Kurunegala,Bingiriya,Urapotta
Kurunegala,Bingiriya,Brahmanayagama
Kurunegala,Bingiriya,Hendiyapola
Kurunegala,Bingiriya,Karandanayagama
Kurunegala,Bingiriya,Kosagama
Kurunegala,Bingiriya,Wanduressa
Kurunegala,Bingiriya,"Pahala Koswatta"
Kurunegala,Bingiriya,Maunawa
Kurunegala,Bingiriya,Bowatta
Kurunegala,Bingiriya,Panawewa
Kurunegala,Bingiriya,Mookalanhena
Kurunegala,Bingiriya,Murukandiya
Kurunegala,Bingiriya,Bingiriya
Kurunegala,Bingiriya,"Vilattawa Palatha"
Kurunegala,Bingiriya,Aluthgama
Kurunegala,Bingiriya,"Ihala kalugama"
Kurunegala,Bingiriya,Wellarawa
Kurunegala,Bingiriya,Bakmeeruppa
Kurunegala,Bingiriya,Hiruwalpola
Kurunegala,Bingiriya,Kaduruwewa
Kurunegala,Bingiriya,Horagasagara
Kurunegala,Bingiriya,"Ihala Kadigamuwa"
Kurunegala,Bingiriya,"Ihala Koswatta"
Kurunegala,Bingiriya,Nithalawa
Kurunegala,Bingiriya,Kudakalawa
Kurunegala,Bingiriya,Tharana
Kurunegala,Bingiriya,Konkadawala
Kurunegala,Bingiriya,Hamannapahuwa
Kurunegala,Bingiriya,Kurundupotha
Kurunegala,Bingiriya,Madulupitiya
Kurunegala,Bingiriya,Udawela
Kurunegala,Bingiriya,Meladeniya
Kurunegala,Bingiriya,Padiwela
Kurunegala,Bingiriya,Kelegedera
Kurunegala,Bingiriya,Thorabichchiya
Kurunegala,Bingiriya,Heenpannawa
Kurunegala,Bingiriya,"Pahala Kadigamuwa"
Kurunegala,Bingiriya,"Pahala Mandakondana"
Kurunegala,"Panduwasnuwara West",Kahatavila
Kurunegala,"Panduwasnuwara West",Madaina
Kurunegala,"Panduwasnuwara West",Dothella
Kurunegala,"Panduwasnuwara West",Ganegama
Kurunegala,"Panduwasnuwara West",Mandapola
Kurunegala,"Panduwasnuwara West",Konwewa
Kurunegala,"Panduwasnuwara West",Rambewa
Kurunegala,"Panduwasnuwara West",Madulla
Kurunegala,"Panduwasnuwara West",Wadumunna
Kurunegala,"Panduwasnuwara West",Akurana
Kurunegala,"Panduwasnuwara West",Yodhayakanda
Kurunegala,"Panduwasnuwara West",Udagama
Kurunegala,"Panduwasnuwara West",Karandawa
Kurunegala,"Panduwasnuwara West",Pallegama
Kurunegala,"Panduwasnuwara West",Divulwewa
Kurunegala,"Panduwasnuwara West",Girathalana
Kurunegala,"Panduwasnuwara West",Nikapitiya
Kurunegala,"Panduwasnuwara West",Othegama
Kurunegala,"Panduwasnuwara West",Diggalagedara
Kurunegala,"Panduwasnuwara West",Dorabavila
Kurunegala,"Panduwasnuwara West",Nallura
Kurunegala,"Panduwasnuwara West",Palugaswewa
Kurunegala,"Panduwasnuwara West","Madige Midiyala"
Kurunegala,"Panduwasnuwara West",Midiyala
Kurunegala,"Panduwasnuwara West",Hidagahawewa
Kurunegala,"Panduwasnuwara West",Hammaliya
Kurunegala,"Panduwasnuwara West","Bandara Koswatta"
Kurunegala,"Panduwasnuwara West",Hathapola
Kurunegala,"Panduwasnuwara West",Kadawalagedara
Kurunegala,"Panduwasnuwara West",Panduwasnuwara
Kurunegala,"Panduwasnuwara West",Kotambapitiya
Kurunegala,"Panduwasnuwara West",Hettipola
Kurunegala,"Panduwasnuwara West",Dolahomuna
Kurunegala,"Panduwasnuwara West",Munihirigama
Kurunegala,"Panduwasnuwara West",Kevitiya
Kurunegala,"Panduwasnuwara West",Pepolegama
Kurunegala,"Panduwasnuwara West",Hanthihawa
Kurunegala,"Panduwasnuwara West",Barampola
Kurunegala,"Panduwasnuwara West",Hettigama
Kurunegala,"Panduwasnuwara West",Ehetumulla
Kurunegala,"Panduwasnuwara West","Kurundu Kumbura"
Kurunegala,"Panduwasnuwara West",Bogolla
Kurunegala,"Panduwasnuwara West",Bamunumulla
Kurunegala,"Panduwasnuwara West",Meegaspitiya
Kurunegala,"Panduwasnuwara West",Yayegedara
Kurunegala,"Panduwasnuwara West",Moragolla
Kurunegala,"Panduwasnuwara West",Rideekanda
Kurunegala,"Panduwasnuwara West",Thengodagedara
Kurunegala,"Panduwasnuwara West",Tekewa
Kurunegala,"Panduwasnuwara West",Rittadeniya
Kurunegala,"Panduwasnuwara West",Jayasiripura
Kurunegala,"Panduwasnuwara West",Pihimbiya
Kurunegala,"Panduwasnuwara West",Rathmale
Kurunegala,"Panduwasnuwara West",Nagollagoda
Kurunegala,"Panduwasnuwara West","Ambagahagedara "
Kurunegala,"Panduwasnuwara West",Dahanekgedara
Kurunegala,"Panduwasnuwara West",Ebogedara
Kurunegala,"Panduwasnuwara West",Doratiyagedara
Kurunegala,"Panduwasnuwara West",Akarawatta
Kurunegala,"Panduwasnuwara West",Malwanegedara
Kurunegala,"Panduwasnuwara West",Moonamaldeniya
Kurunegala,"Panduwasnuwara West",Kamburapola
Kurunegala,"Panduwasnuwara West","Pahala Gomugomuwa"
Kurunegala,"Panduwasnuwara West","Ihala Gomugomuwa"
Kurunegala,"Panduwasnuwara West",Hidiyamulla
Kurunegala,"Panduwasnuwara West",Karagahagedara
Kurunegala,"Panduwasnuwara West",Epaladeniya
Kurunegala,"Panduwasnuwara East",Medagama
Kurunegala,"Panduwasnuwara East",Kosdeniya
Kurunegala,"Panduwasnuwara East",Wilbagedara
Kurunegala,"Panduwasnuwara East",Hanwella
Kurunegala,"Panduwasnuwara East",Palavitiya
Kurunegala,"Panduwasnuwara East",Kolambagama
Kurunegala,"Panduwasnuwara East",Gallehepitiya
Kurunegala,"Panduwasnuwara East",Ranorawa
Kurunegala,"Panduwasnuwara East",Katumuluwa
Kurunegala,"Panduwasnuwara East",Maveehena
Kurunegala,"Panduwasnuwara East",Rathmalla
Kurunegala,"Panduwasnuwara East",Dunupotha
Kurunegala,"Panduwasnuwara East",Beddegama
Kurunegala,"Panduwasnuwara East",Thissawa
Kurunegala,"Panduwasnuwara East",Nelibewa
Kurunegala,"Panduwasnuwara East",Dematawa
Kurunegala,"Panduwasnuwara East",Kanduboda
Kurunegala,"Panduwasnuwara East",Henegedara
Kurunegala,"Panduwasnuwara East",Magulagama
Kurunegala,"Panduwasnuwara East",Angamuwa
Kurunegala,"Panduwasnuwara East",Anukkanhena
Kurunegala,"Panduwasnuwara East",Moragane
Kurunegala,"Panduwasnuwara East",Kanapothuhera
Kurunegala,"Panduwasnuwara East",Kanogama
Kurunegala,"Panduwasnuwara East",Kandegedara
Kurunegala,"Panduwasnuwara East",Galagedara
Kurunegala,"Panduwasnuwara East",Adukkane
Kurunegala,"Panduwasnuwara East",Udugampalagedara
Kurunegala,"Panduwasnuwara East",Weliwehera
Kurunegala,"Panduwasnuwara East",Gonnawa
Kurunegala,"Panduwasnuwara East",Bodhimulla
Kurunegala,"Panduwasnuwara East",Nindawela
Kurunegala,"Panduwasnuwara East","Wijaya Udagama"
Kurunegala,"Panduwasnuwara East",Wetehepitiya
Kurunegala,"Panduwasnuwara East",Hindawa
Kurunegala,"Panduwasnuwara East",Kanoyaya
Kurunegala,Bamunakotuwa,Erihabe
Kurunegala,Bamunakotuwa,Panawa
Kurunegala,Bamunakotuwa,"Pahala Imiyangoda"
Kurunegala,Bamunakotuwa,Walpola
Kurunegala,Bamunakotuwa,Mahakeliya
Kurunegala,Bamunakotuwa,Kelimune
Kurunegala,Bamunakotuwa,Nathagane
Kurunegala,Bamunakotuwa,Kadiharaya
Kurunegala,Bamunakotuwa,Bamunakotuwa
Kurunegala,Bamunakotuwa,Moonamale
Kurunegala,Bamunakotuwa,Thalgahagama
Kurunegala,Bamunakotuwa,Ganthiriyawa
Kurunegala,Bamunakotuwa,Panakaduwa
Kurunegala,Bamunakotuwa,"Pahala Kolamunna"
Kurunegala,Bamunakotuwa,Wathukana
Kurunegala,Bamunakotuwa,Nelumkanuwa
Kurunegala,Bamunakotuwa,Weudagama
Kurunegala,Bamunakotuwa,Panagamuwa
Kurunegala,Bamunakotuwa,Panadare
Kurunegala,Bamunakotuwa,Walaliya
Kurunegala,Bamunakotuwa,"Kedapath Vehera"
Kurunegala,Bamunakotuwa,Rukattane
Kurunegala,Bamunakotuwa,Bogoda
Kurunegala,Bamunakotuwa,Hanhamunawa
Kurunegala,Bamunakotuwa,Nawagatta
Kurunegala,Bamunakotuwa,Mirihampitiya
Kurunegala,Bamunakotuwa,Henegedara
Kurunegala,Bamunakotuwa,Dampitiya
Kurunegala,Bamunakotuwa,Ethanawatta
Kurunegala,Bamunakotuwa,Wedanda
Kurunegala,Bamunakotuwa,"Pallawa Dampitiya"
Kurunegala,Bamunakotuwa,Demataluwa
Kurunegala,Bamunakotuwa,Kanotuwa
Kurunegala,Bamunakotuwa,Siwallawagedara
Kurunegala,Bamunakotuwa,Homathagama
Kurunegala,Bamunakotuwa,Divulgaspitiya
Kurunegala,Maspotha,Wilgamdematawa
Kurunegala,Maspotha,Gonagama
Kurunegala,Maspotha,Rekawa
Kurunegala,Maspotha,Pimburuwellegama
Kurunegala,Maspotha,Galagedara
Kurunegala,Maspotha,Minhettiya
Kurunegala,Maspotha,Hanwella
Kurunegala,Maspotha,Maragama
Kurunegala,Maspotha,Wegolla
Kurunegala,Maspotha,Oggamuwa
Kurunegala,Maspotha,Thisnampola
Kurunegala,Maspotha,Kudagalgamuwa
Kurunegala,Maspotha,"Gane Kolaniya"
Kurunegala,Maspotha,Kidapola
Kurunegala,Maspotha,Demalussa
Kurunegala,Maspotha,Maspotha
Kurunegala,Maspotha,Rathkarawwa
Kurunegala,Maspotha,Mapegamuwa
Kurunegala,Maspotha,Dahigamuwa
Kurunegala,Maspotha,Siyambalangamuwa
Kurunegala,Maspotha,Gurulepola
Kurunegala,Maspotha,Pellandeniya
Kurunegala,Maspotha,Hettigedara
Kurunegala,Maspotha,Wawagedara
Kurunegala,Maspotha,Kalahogedara
Kurunegala,Maspotha,Maveedalupotha
Kurunegala,Maspotha,Udabadalawa
Kurunegala,Maspotha,Thiththawella
Kurunegala,Maspotha,Udadigana
Kurunegala,Maspotha,Yanthampalawa
Kurunegala,Maspotha,Kavudawatta
Kurunegala,Maspotha,Aswedduma
Kurunegala,Maspotha,Dematagahapelessa
Kurunegala,Kurunegala,"Kalatuwa Pelessa"
Kurunegala,Kurunegala,Seeradunna
Kurunegala,Kurunegala,Seruwawa
Kurunegala,Kurunegala,Pubbowa
Kurunegala,Kurunegala,Thalvita
Kurunegala,Kurunegala,Waraddana
Kurunegala,Kurunegala,"Pahala Waraddana"
Kurunegala,Kurunegala,Rangama
Kurunegala,Kurunegala,Wellawa
Kurunegala,Kurunegala,Ginikarawa
Kurunegala,Kurunegala,"Pahala Hadirawalana"
Kurunegala,Kurunegala,Thalatuwa
Kurunegala,Kurunegala,Rikillagamuwa
Kurunegala,Kurunegala,Dematagolla
Kurunegala,Kurunegala,Budanapitiya
Kurunegala,Kurunegala,"Hadirawalana Ihala"
Kurunegala,Kurunegala,Mahakandegama
Kurunegala,Kurunegala,Alakoladeniya
Kurunegala,Kurunegala,Bamunugedara
Kurunegala,Kurunegala,"Kurunegala Town - North East"
Kurunegala,Kurunegala,"Kurunegala Town - North"
Kurunegala,Kurunegala,Gangoda
Kurunegala,Kurunegala,Vilgoda
Kurunegala,Kurunegala,Heraliyawala
Kurunegala,Kurunegala,Bamunawala
Kurunegala,Kurunegala,Malkaduwawa
Kurunegala,Kurunegala,"Malkaduwawa South"
Kurunegala,Kurunegala,"Malkaduwawa North"
Kurunegala,Kurunegala,"Kurunegala Town - West"
Kurunegala,Kurunegala,Iluppugedara
Kurunegala,Kurunegala,"Kurunegala Town - Central"
Kurunegala,Kurunegala,"Kurunegala Town - Bazaar"
Kurunegala,Kurunegala,Gettuwana
Kurunegala,Kurunegala,"Kurunegala Town - East"
Kurunegala,Kurunegala,Theliyagonna
Kurunegala,Kurunegala,Udawalpola
Kurunegala,Kurunegala,"Kurunegala Town - South"
Kurunegala,Kurunegala,Veherabenda
Kurunegala,Kurunegala,Henamulla
Kurunegala,Kurunegala,"Wehera East"
Kurunegala,Kurunegala,"Wehera West"
Kurunegala,Kurunegala,"Akaragana North"
Kurunegala,Kurunegala,Wanduragala
Kurunegala,Kurunegala,Rathgalla
Kurunegala,Kurunegala,Boyagane
Kurunegala,Kurunegala,"Akaragana South"
Kurunegala,Kurunegala,Vilbawa
Kurunegala,Kurunegala,"Nailiya "
Kurunegala,Kurunegala,Madithiyawala
Kurunegala,Kurunegala,Thorawathura
Kurunegala,Kurunegala,Mathawa
Kurunegala,Kurunegala,Attanapitiya
Kurunegala,Kurunegala,"Pahala Thalampitiya"
Kurunegala,Kurunegala,Kudhumbuwa
Kurunegala,Mallawapitiya,"Meddegama West"
Kurunegala,Mallawapitiya,Udagama
Kurunegala,Mallawapitiya,Pillawa
Kurunegala,Mallawapitiya,Hengawa
Kurunegala,Mallawapitiya,Narampola
Kurunegala,Mallawapitiya,Ranawana
Kurunegala,Mallawapitiya,Kahatapitiya
Kurunegala,Mallawapitiya,"Meddegama East"
Kurunegala,Mallawapitiya,Maraluwawa
Kurunegala,Mallawapitiya,"Pahala Gattuwana"
Kurunegala,Mallawapitiya,Thorayaya
Kurunegala,Mallawapitiya,"Kuda Kowana"
Kurunegala,Mallawapitiya,Kowana
Kurunegala,Mallawapitiya,Denagamuwa
Kurunegala,Mallawapitiya,Yaggapitiya
Kurunegala,Mallawapitiya,"Mehiella North"
Kurunegala,Mallawapitiya,Hewana
Kurunegala,Mallawapitiya,Uyandana
Kurunegala,Mallawapitiya,"Mehiella South"
Kurunegala,Mallawapitiya,Mallawapitiya
Kurunegala,Mallawapitiya,Millawa
Kurunegala,Mallawapitiya,Kolapelalikanda
Kurunegala,Mallawapitiya,Doratiyawa
Kurunegala,Mallawapitiya,Messagammana
Kurunegala,Mallawapitiya,Hewapola
Kurunegala,Mallawapitiya,"Manel Oluwa"
Kurunegala,Mallawapitiya,"Walpolakanda North"
Kurunegala,Mallawapitiya,"Walpolakanda South"
Kurunegala,Mallawapitiya,Indulgoda
Kurunegala,Mallawapitiya,Konpala
Kurunegala,Mallawapitiya,Dembepola
Kurunegala,Mallawapitiya,Bodhigama
Kurunegala,Mallawapitiya,Thiragama
Kurunegala,Mallawapitiya,Bogamuwa
Kurunegala,Mallawapitiya,Werawella
Kurunegala,Mallawapitiya,Indulgodakanda
Kurunegala,Mallawapitiya,Morathenna
Kurunegala,Mallawapitiya,"Katupitiya North"
Kurunegala,Mallawapitiya,"Katupitiya South"
Kurunegala,Mallawapitiya,"Ihala Thalampitiya"
Kurunegala,Mallawapitiya,Wattegedara
Kurunegala,Mallawapitiya,Koralegedara
Kurunegala,Mallawapitiya,Mahagama
Kurunegala,Mallawapitiya,Belgoda
Kurunegala,Mallawapitiya,"Belgoda Kanda"
Kurunegala,Mawathagama,Kongaswala
Kurunegala,Mawathagama,Wewagedara
Kurunegala,Mawathagama,Etagahawela
Kurunegala,Mawathagama,Galapitamulla
Kurunegala,Mawathagama,Hidagolla
Kurunegala,Mawathagama,"Udanagama "
Kurunegala,Mawathagama,Tharapotha
Kurunegala,Mawathagama,Tigola
Kurunegala,Mawathagama,"Arampola Watta North"
Kurunegala,Mawathagama,"Arampola Watta South"
Kurunegala,Mawathagama,Ellagonna
Kurunegala,Mawathagama,Pothubowa
Kurunegala,Mawathagama,Madawa
Kurunegala,Mawathagama,Kanduboda
Kurunegala,Mawathagama,Kahandawelipotha
Kurunegala,Mawathagama,Maswewa
Kurunegala,Mawathagama,"Pilessa Ihalagama"
Kurunegala,Mawathagama,"Pilessa Pahalagama"
Kurunegala,Mawathagama,Henepola
Kurunegala,Mawathagama,Maralanda
Kurunegala,Mawathagama,Arampola
Kurunegala,Mawathagama,"Delgolla Watta North"
Kurunegala,Mawathagama,"Nawa Pothubowa"
Kurunegala,Mawathagama,Welikumbura
Kurunegala,Mawathagama,"Ilukewela North"
Kurunegala,Mawathagama,Mawathagama
Kurunegala,Mawathagama,"Delgolla Watta South"
Kurunegala,Mawathagama,"Mawathagama North"
Kurunegala,Mawathagama,"Mee/Pallegama East"
Kurunegala,Mawathagama,Bulathwatta
Kurunegala,Mawathagama,Rathneggama
Kurunegala,Mawathagama,Yatiwala
Kurunegala,Mawathagama,"Mee/ Pallegama West"
Kurunegala,Mawathagama,"Mee / Madagamgoda"
Kurunegala,Mawathagama,"Mee / Wambugamgoda"
Kurunegala,Mawathagama,"Mawathagama West"
Kurunegala,Mawathagama,Samodagama
Kurunegala,Mawathagama,"Ilukewela South"
Kurunegala,Mawathagama,"Ihala Weligepola"
Kurunegala,Mawathagama,Akade
Kurunegala,Mawathagama,Waraddana
Kurunegala,Mawathagama,Wadiyagoda
Kurunegala,Mawathagama,Bandaragala
Kurunegala,Mawathagama,Singhapura
Kurunegala,Mawathagama,Paragahadeniya
Kurunegala,Mawathagama,Delpaddana
Kurunegala,Mawathagama,Kotikapala
Kurunegala,Mawathagama,"Kotikapola Ihalagama"
Kurunegala,Mawathagama,"Mawathagama South"
Kurunegala,Mawathagama,Meddegamgoda
Kurunegala,Mawathagama,"Mee/ Udagama"
Kurunegala,Mawathagama,Gonagaldeniya
Kurunegala,Mawathagama,Gonagala
Kurunegala,Mawathagama,Dunukewatta
Kurunegala,Mawathagama,Kalugamuwa
Kurunegala,Mawathagama,Watareka
Kurunegala,Mawathagama,Katugampalagedara
Kurunegala,Mawathagama,"Kahapathwala North"
Kurunegala,Mawathagama,Malandeniya
Kurunegala,Mawathagama,Kahapathwala
Kurunegala,Mawathagama,Hettipola
Kurunegala,Mawathagama,Boyagoda
Kurunegala,Mawathagama,Udakottamulla
Kurunegala,Mawathagama,Metibokka
Kurunegala,Mawathagama,Kossinna
Kurunegala,Mawathagama,Eriminna
Kurunegala,Mawathagama,"Uda Iguruwatta"
Kurunegala,Mawathagama,Kandehena
Kurunegala,Mawathagama,Uggalpaya
Kurunegala,Mawathagama,Halwahala
Kurunegala,"Mawathagama ",Barandana
Kurunegala,Rideegama,Paragaswewa
Kurunegala,Rideegama,Adapola
Kurunegala,Rideegama,Udakendawala
Kurunegala,Rideegama,Katiyawa
Kurunegala,Rideegama,Udahena
Kurunegala,Rideegama,Wanduressa
Kurunegala,Rideegama,Meepitiya
Kurunegala,Rideegama,Kanugolla
Kurunegala,Rideegama,Koswatta
Kurunegala,Rideegama,Dodangahakotuwa
Kurunegala,Rideegama,Wegama
Kurunegala,Rideegama,Gopallawa
Kurunegala,Rideegama,Rathvita
Kurunegala,Rideegama,Balawattala
Kurunegala,Rideegama,"Udattapola Pahala "
Kurunegala,Rideegama,"Ihala Udattapola"
Kurunegala,Rideegama,Kotuhena
Kurunegala,Rideegama,Kelemulla
Kurunegala,Rideegama,Nithulpitiya
Kurunegala,Rideegama,Kandupalatha
Kurunegala,Rideegama,Diniminiyathenna
Kurunegala,Rideegama,Minirangama
Kurunegala,Rideegama,Alakolamada
Kurunegala,Rideegama,Korossa
Kurunegala,Rideegama,Dodangaslanda
Kurunegala,Rideegama,Kothalawalagama
Kurunegala,Rideegama,Nuwarayaya
Kurunegala,Rideegama,Lihiniwehera
Kurunegala,Rideegama,Wewegedara
Kurunegala,Rideegama,Rambukandana
Kurunegala,Rideegama,Warakawehera
Kurunegala,Rideegama,Rideegama
Kurunegala,Rideegama,Madithiyawa
Kurunegala,Rideegama,Thelambugalla
Kurunegala,Rideegama,Reddagoda
Kurunegala,Rideegama,Pallehorombuwa
Kurunegala,Rideegama,Ginihiriya
Kurunegala,Rideegama,Palleyaya
Kurunegala,Rideegama,Kahahena
Kurunegala,Rideegama,Udahorombuwa
Kurunegala,Rideegama,Jankure
Kurunegala,Rideegama,Rambadagalla
Kurunegala,Rideegama,Nahalla
Kurunegala,Rideegama,Olagama
Kurunegala,Rideegama,Morathiha
Kurunegala,Rideegama,Hunugalkadulla
Kurunegala,Rideegama,Kavisigamuwa
Kurunegala,Rideegama,Doranepola
Kurunegala,Rideegama,Hunupolagedara
Kurunegala,Rideegama,Kuthurumahana
Kurunegala,Rideegama,Dedurunadeegama
Kurunegala,Rideegama,Karandagolla
Kurunegala,Rideegama,Ambakote
Kurunegala,Rideegama,Kosgollepola
Kurunegala,Rideegama,Kandepola
Kurunegala,Rideegama,Gabadagama
Kurunegala,Rideegama,Kandegedara
Kurunegala,Rideegama,Haliyamulla
Kurunegala,Rideegama,Welikanda
Kurunegala,Rideegama,Kithulwala
Kurunegala,Rideegama,Delvita
Kurunegala,Rideegama,"Goraka Ela"
Kurunegala,Rideegama,Pallekanda
Kurunegala,Rideegama,Kalugahathenna
Kurunegala,Rideegama,Kiribathgalla
Kurunegala,Rideegama,Bambaragahakanda
Kurunegala,Rideegama,Kithulgolla
Kurunegala,Rideegama,Eriyagolla
Kurunegala,Rideegama,Gurumada
Kurunegala,Rideegama,Polwatta
Kurunegala,Rideegama,Panagamuwa
Kurunegala,Rideegama,Pitiyegedara
Kurunegala,Rideegama,Hadiramulla
Kurunegala,Rideegama,Ogodapola
Kurunegala,Rideegama,Ranthetikanda
Kurunegala,Rideegama,Gonamada
Kurunegala,Rideegama,Buluwalakanda
Kurunegala,Rideegama,Buluwala
Kurunegala,Rideegama,Hewenpola
Kurunegala,Rideegama,Kongoda
Kurunegala,Rideegama,"Akkara Panaha"
Kurunegala,Rideegama,Welagedara
Kurunegala,Rideegama,Paliella
Kurunegala,Rideegama,Metiyampotha
Kurunegala,Rideegama,Gonadeniya
Kurunegala,Rideegama,Medakanda
Kurunegala,Rideegama,Medagama
Kurunegala,Rideegama,Nelaulla
Kurunegala,Rideegama,Malbe
Kurunegala,Rideegama,Mahawela
Kurunegala,Rideegama,Gallawa
Kurunegala,Rideegama,Mirissala
Kurunegala,Rideegama,Dunumawa
Kurunegala,Rideegama,Galbindinaela
Kurunegala,Rideegama,Kosgolla
Kurunegala,Rideegama,Pihimbuwa
Kurunegala,Rideegama,Maspotha
Kurunegala,Rideegama,Erepolakanda
Kurunegala,Rideegama,Siyambalangamuwa
Kurunegala,Rideegama,Thalgaspitiya
Kurunegala,Rideegama,Jakaduwa
Kurunegala,Rideegama,Balagala
Kurunegala,Rideegama,Pussella
Kurunegala,Rideegama,Pusselikanda
Kurunegala,Rideegama,"Gonigoda "
Kurunegala,Rideegama,Meeliyadda
Kurunegala,Rideegama,Kanadeniyawala
Kurunegala,Rideegama,Ganegoda
Kurunegala,Rideegama,Bogamuwa
Kurunegala,Rideegama,Kurukeppitiya
Kurunegala,Rideegama,Paragoda
Kurunegala,Rideegama,Ikiriwatta
Kurunegala,Rideegama,Niyangama
Kurunegala,Weerambugedara,Lokahettiya
Kurunegala,Weerambugedara,Medagama
Kurunegala,Weerambugedara,Pathinwatta
Kurunegala,Weerambugedara,Bamunugedara
Kurunegala,Weerambugedara,Gallehera
Kurunegala,Weerambugedara,Kadadunna
Kurunegala,Weerambugedara,Weerambugedara
Kurunegala,Weerambugedara,Gonawa
Kurunegala,Weerambugedara,Yalawa
Kurunegala,Weerambugedara,"Madawala North"
Kurunegala,Weerambugedara,"Sandagala South"
Kurunegala,Weerambugedara,"Sandagala North"
Kurunegala,Weerambugedara,Damunugala
Kurunegala,Weerambugedara,Piduruwella
Kurunegala,Weerambugedara,"Clovis Watta"
Kurunegala,Weerambugedara,"Madawala South"
Kurunegala,Weerambugedara,Mudunna
Kurunegala,Weerambugedara,Hanwella
Kurunegala,Weerambugedara,Huruggamuwa
Kurunegala,Weerambugedara,Ginipenda
Kurunegala,Weerambugedara,Kalugamuwa
Kurunegala,Weerambugedara,Yanthampola
Kurunegala,Weerambugedara,Bulupitiya
Kurunegala,Weerambugedara,Uhumeeya
Kurunegala,Weerambugedara,Wewelpola
Kurunegala,Weerambugedara,Ranjanagama
Kurunegala,Weerambugedara,Kanumale
Kurunegala,Weerambugedara,Godavita
Kurunegala,Weerambugedara,Ambahera
Kurunegala,Weerambugedara,Galabadagama
Kurunegala,Weerambugedara,Dehikumbura
Kurunegala,Weerambugedara,Poogalla
Kurunegala,Weerambugedara,Udugama
Kurunegala,Weerambugedara,Thammita
Kurunegala,Weerambugedara,Parakumbura
Kurunegala,Weerambugedara,Algama
Kurunegala,Weerambugedara,Kaduruwella
Kurunegala,Weerambugedara,Sevendana
Kurunegala,"Kuliyapitiya East",Karangamuwa
Kurunegala,"Kuliyapitiya East",Dalupothagama
Kurunegala,"Kuliyapitiya East",Polpitiya
Kurunegala,"Kuliyapitiya East",Pothuwewa
Kurunegala,"Kuliyapitiya East",Kotadeniyawa
Kurunegala,"Kuliyapitiya East",Thelahera
Kurunegala,"Kuliyapitiya East",Nettipolagedara
Kurunegala,"Kuliyapitiya East",Arakyala
Kurunegala,"Kuliyapitiya East",Thoranegedara
Kurunegala,"Kuliyapitiya East",Medelpola
Kurunegala,"Kuliyapitiya East",Pothuhera
Kurunegala,"Kuliyapitiya East",Kekunagolla
Kurunegala,"Kuliyapitiya East",Dehigama
Kurunegala,"Kuliyapitiya East",Siyambalagaskotuwa
Kurunegala,"Kuliyapitiya East",Ambahenwewa
Kurunegala,"Kuliyapitiya East",Bogamulla
Kurunegala,"Kuliyapitiya East",Andigedara
Kurunegala,"Kuliyapitiya East",Karagahagedara
Kurunegala,"Kuliyapitiya East",Bogahapitiya
Kurunegala,"Kuliyapitiya East",Kureekotuwa
Kurunegala,"Kuliyapitiya East",Alahitiyawa
Kurunegala,"Kuliyapitiya East",Godagama
Kurunegala,"Kuliyapitiya East",Thalliyadda
Kurunegala,"Kuliyapitiya East",Konduruwapola
Kurunegala,"Kuliyapitiya East",Barigoda
Kurunegala,"Kuliyapitiya East",Ganangamuwa
Kurunegala,"Kuliyapitiya East",Bihalpola
Kurunegala,"Kuliyapitiya East",Udagedara
Kurunegala,"Kuliyapitiya East",Horombawa
Kurunegala,"Kuliyapitiya East",Molligoda
Kurunegala,"Kuliyapitiya East",Kosgolla
Kurunegala,"Kuliyapitiya East",Mahagama
Kurunegala,"Kuliyapitiya East",Nakkawatta
Kurunegala,"Kuliyapitiya East",Hewanellagaraya
Kurunegala,"Kuliyapitiya East","Ihala Muruthenge"
Kurunegala,"Kuliyapitiya East","Pahala Muruthenge"
Kurunegala,"Kuliyapitiya East",Galgammulla
Kurunegala,"Kuliyapitiya East",Ranasgalla
Kurunegala,"Kuliyapitiya East",Wakkunuwala
Kurunegala,"Kuliyapitiya East",Etampola
Kurunegala,"Kuliyapitiya East",Rathneheruwa
Kurunegala,"Kuliyapitiya East",Deekirikewa
Kurunegala,"Kuliyapitiya East",Panavitiya
Kurunegala,"Kuliyapitiya East",Dethawa
Kurunegala,"Kuliyapitiya East",Saliyala
Kurunegala,"Kuliyapitiya West",Katuwella
Kurunegala,"Kuliyapitiya West","Pahala Elathalawa"
Kurunegala,"Kuliyapitiya West",Mawela
Kurunegala,"Kuliyapitiya West",Koshena
Kurunegala,"Kuliyapitiya West","Pahala Galpola"
Kurunegala,"Kuliyapitiya West","Ihala Galpola"
Kurunegala,"Kuliyapitiya West","Ihala Elathalawa"
Kurunegala,"Kuliyapitiya West",Deegalla
Kurunegala,"Kuliyapitiya West","Ihala Embawa"
Kurunegala,"Kuliyapitiya West","Kabalewa "
Kurunegala,"Kuliyapitiya West",Dikhera
Kurunegala,"Kuliyapitiya West","Ilukhena "
Kurunegala,"Kuliyapitiya West",Kumbalwala
Kurunegala,"Kuliyapitiya West",Pallewela
Kurunegala,"Kuliyapitiya West","Pahala Weerambuwa"
Kurunegala,"Kuliyapitiya West","Ihala Weerambuwa"
Kurunegala,"Kuliyapitiya West",Kurudelpotha
Kurunegala,"Kuliyapitiya West",Thabbomulla
Kurunegala,"Kuliyapitiya West",Meegahakotuwa
Kurunegala,"Kuliyapitiya West","Kuliyapitiya Town"
Kurunegala,"Kuliyapitiya West",Embawa
Kurunegala,"Kuliyapitiya West","Pahala Embawa"
Kurunegala,"Kuliyapitiya West","Pahala Piduma"
Kurunegala,"Kuliyapitiya West",Essedduma
Kurunegala,"Kuliyapitiya West",Kongahagedara
Kurunegala,"Kuliyapitiya West",Thummodara
Kurunegala,"Kuliyapitiya West","Ihala Piduma"
Kurunegala,"Kuliyapitiya West",Henegedara
Kurunegala,"Kuliyapitiya West",Delana
Kurunegala,"Kuliyapitiya West",Mookalanyaya
Kurunegala,"Kuliyapitiya West",Kirindawa
Kurunegala,"Kuliyapitiya West",Anukkane
Kurunegala,"Kuliyapitiya West",Beminigalla
Kurunegala,"Kuliyapitiya West",Kumbukkotuwa
Kurunegala,"Kuliyapitiya West",Wahumuwa
Kurunegala,"Kuliyapitiya West",Unaleeya
Kurunegala,"Kuliyapitiya West",Kithalawa
Kurunegala,"Kuliyapitiya West",Yakarawatta
Kurunegala,"Kuliyapitiya West",Bohingamuwa
Kurunegala,"Kuliyapitiya West",Haggamuwa
Kurunegala,"Kuliyapitiya West",Galahitiyawa
Kurunegala,"Kuliyapitiya West","Dandagamuwa East"
Kurunegala,"Kuliyapitiya West","Dandagamuwa West"
Kurunegala,"Kuliyapitiya West","Pahala Kalugamuwa "
Kurunegala,"Kuliyapitiya West",Mahimpitiya
Kurunegala,"Kuliyapitiya West","Madakuburumulla "
Kurunegala,"Kuliyapitiya West",Thalahitimulla
Kurunegala,"Kuliyapitiya West",Weralugama
Kurunegala,"Kuliyapitiya West","Ihala Kalugamuwa"
Kurunegala,"Kuliyapitiya West",Hammalawa
Kurunegala,"Kuliyapitiya West",Galagedara
Kurunegala,"Kuliyapitiya West",Pitadeniya
Kurunegala,"Kuliyapitiya West",Diyadora
Kurunegala,"Kuliyapitiya West",Inguruwatta
Kurunegala,"Kuliyapitiya West","Diyadora Ihala Watta"
Kurunegala,"Kuliyapitiya West",Narangalla
Kurunegala,"Kuliyapitiya West",Wadugedara
Kurunegala,"Kuliyapitiya West",Kongolla
Kurunegala,"Kuliyapitiya West","Ihala Ennaruwa"
Kurunegala,"Kuliyapitiya West",Deeyawala
Kurunegala,"Kuliyapitiya West",Udihitimulla
Kurunegala,"Kuliyapitiya West",Ketawalegedara
Kurunegala,"Kuliyapitiya West",Eluwapola
Kurunegala,"Kuliyapitiya West",Kandegedara
Kurunegala,"Kuliyapitiya West",Katuwattewela
Kurunegala,"Kuliyapitiya West","Edandewela "
Kurunegala,"Kuliyapitiya West",Wewagama
Kurunegala,"Kuliyapitiya West",Degammeda
Kurunegala,Udubaddawa,"Ihala Weerakodiyana"
Kurunegala,Udubaddawa,Kovulwewa
Kurunegala,Udubaddawa,"Pahala Weerakodiyana "
Kurunegala,Udubaddawa,Ranthatiyawa
Kurunegala,Udubaddawa,Wathuwatta
Kurunegala,Udubaddawa,Habarawewa
Kurunegala,Udubaddawa,Kekunawela
Kurunegala,Udubaddawa,Kandayaya
Kurunegala,Udubaddawa,Kappangamuwa
Kurunegala,Udubaddawa,Kahadenigama
Kurunegala,Udubaddawa,Divurumpola
Kurunegala,Udubaddawa,"Pahala Yagamwela"
Kurunegala,Udubaddawa,"Ihala Yagamwela"
Kurunegala,Udubaddawa,Gahalagaswala
Kurunegala,Udubaddawa,"Siyambalagasruppa East"
Kurunegala,Udubaddawa,"Siyambalagasruppa West"
Kurunegala,Udubaddawa,Dummalasooriya
Kurunegala,Udubaddawa,Thunthota
Kurunegala,Udubaddawa,Kattimahana
Kurunegala,Udubaddawa,Palugamuwa
Kurunegala,Udubaddawa,Karandavila
Kurunegala,Udubaddawa,Bunnehepola
Kurunegala,Udubaddawa,"Ihalagama North"
Kurunegala,Udubaddawa,Paranagama
Kurunegala,Udubaddawa,Pahalagama
Kurunegala,Udubaddawa,"Ihalagama South"
Kurunegala,Udubaddawa,Mahaagara
Kurunegala,Udubaddawa,Henegedara
Kurunegala,Udubaddawa,Kanubichchiya
Kurunegala,Udubaddawa,"Polgaha Agara"
Kurunegala,Udubaddawa,"Dunakadeniya North"
Kurunegala,Udubaddawa,Udadeniya
Kurunegala,Udubaddawa,Meegahapelessa
Kurunegala,Udubaddawa,Bibiladeniya
Kurunegala,Udubaddawa,Ammanamulla
Kurunegala,Udubaddawa,Walpitagama
Kurunegala,Udubaddawa,Horathepola
Kurunegala,Udubaddawa,"Nawasigahawatta "
Kurunegala,Udubaddawa,Kootharippuwa
Kurunegala,Udubaddawa,"Dunakadeniya South"
Kurunegala,Udubaddawa,Kumbukgahamulla
Kurunegala,Udubaddawa,Ilippugamuwa
Kurunegala,Udubaddawa,"Kumara Udawela"
Kurunegala,Pannala,Gallehemulla
Kurunegala,Pannala,Nabirittankadawara
Kurunegala,Pannala,Udugama
Kurunegala,Pannala,Pethigodagedara
Kurunegala,Pannala,Eriyagolla
Kurunegala,Pannala,Yatattawala
Kurunegala,Pannala,Thelambugammana
Kurunegala,Pannala,Ingaradavula
Kurunegala,Pannala,Mohottawa
Kurunegala,Pannala,"Batapotha Ela"
Kurunegala,Pannala,Katugampala
Kurunegala,Pannala,Hamanagoda
Kurunegala,Pannala,Mummana
Kurunegala,Pannala,Wattegedara
Kurunegala,Pannala,Wettewa
Kurunegala,Pannala,Kavudumunna
Kurunegala,Pannala,Hamangalla
Kurunegala,Pannala,"Narangoda South"
Kurunegala,Pannala,"Narangoda North"
Kurunegala,Pannala,Erepola
Kurunegala,Pannala,Madigepola
Kurunegala,Pannala,Hengawa
Kurunegala,Pannala,Paragammana
Kurunegala,Pannala,"Nedalagamuwa North"
Kurunegala,Pannala,"Nedalagamuwa South"
Kurunegala,Pannala,Yayamulla
Kurunegala,Pannala,Raddalana
Kurunegala,Pannala,Waguruwela
Kurunegala,Pannala,Mutugalayayagama
Kurunegala,Pannala,Kandepola
Kurunegala,Pannala,Hundirapola
Kurunegala,Pannala,Welpalla
Kurunegala,Pannala,Daraluwa
Kurunegala,Pannala,Hunuvila
Kurunegala,Pannala,Kongoda
Kurunegala,Pannala,Werahera
Kurunegala,Pannala,Bowatta
Kurunegala,Pannala,Koodalupotta
Kurunegala,Pannala,Bammanna
Kurunegala,Pannala,Kadirapola
Kurunegala,Pannala,Mahingamuwa
Kurunegala,Pannala,Dodampotta
Kurunegala,Pannala,Konduruwawela
Kurunegala,Pannala,"Meddepola Pahala"
Kurunegala,Pannala,Maharagama
Kurunegala,Pannala,"Meddepola Ihala"
Kurunegala,Pannala,Siyambalawalana
Kurunegala,Pannala,"Ihala Labbala"
Kurunegala,Pannala,"Ihala Kotuwella"
Kurunegala,Pannala,Horawadunna
Kurunegala,Pannala,"Elabadagama East"
Kurunegala,Pannala,"Elabadagama North"
Kurunegala,Pannala,"Elabadagama West"
Kurunegala,Pannala,Mookalana
Kurunegala,Pannala,"Makandura Ihala"
Kurunegala,Pannala,Elivila
Kurunegala,Pannala,"Gonulla East"
Kurunegala,Pannala,Indivinna
Kurunegala,Pannala,Hettirippuwa
Kurunegala,Pannala,Villiyagama
Kurunegala,Pannala,"Gonulla West"
Kurunegala,Pannala,Irabadagama
Kurunegala,Pannala,Wetakeyawa
Kurunegala,Pannala,"Makandura Pahala"
Kurunegala,Pannala,Panwalakumbura
Kurunegala,Pannala,Hendiyagala
Kurunegala,Pannala,Sandalankawa
Kurunegala,Pannala,Thambakanda
Kurunegala,Pannala,Nalawalana
Kurunegala,Pannala,Medirivila
Kurunegala,Pannala,"Pahala Galayaya"
Kurunegala,Pannala,"Ihala Galayaya"
Kurunegala,Pannala,Pannala
Kurunegala,Pannala,Kekillapitiya
Kurunegala,Pannala,Maholawa
Kurunegala,Pannala,Thalammehera
Kurunegala,Pannala,Badabedda
Kurunegala,Pannala,Kohombapola
Kurunegala,Pannala,Elibichchiya
Kurunegala,Pannala,Mellawalana
Kurunegala,Pannala,"Pahala Labbala"
Kurunegala,Pannala,Bopitiya
Kurunegala,Pannala,Balawala
Kurunegala,Pannala,Mattegama
Kurunegala,Pannala,Wellewa
Kurunegala,Pannala,Narangamuwa
Kurunegala,Pannala,Malgamuwa
Kurunegala,Narammala,Pahamune
Kurunegala,Narammala,Kadahapola
Kurunegala,Narammala,Penthenigoda
Kurunegala,Narammala,Ganegoda
Kurunegala,Narammala,Meewewa
Kurunegala,Narammala,Dangolla
Kurunegala,Narammala,"Meewewa / Bemmullegedara"
Kurunegala,Narammala,"Puwakgaha Kotuwa"
Kurunegala,Narammala,Polgahayaya
Kurunegala,Narammala,Ginigathpitiya
Kurunegala,Narammala,"Dambagirigama East"
Kurunegala,Narammala,Medagoda
Kurunegala,Narammala,"Dambagirigama West"
Kurunegala,Narammala,Narammala
Kurunegala,Narammala,Ranawatta
Kurunegala,Narammala,"Senanayaka Colony"
Kurunegala,Narammala,Kottapitiya
Kurunegala,Narammala,Ambagammana
Kurunegala,Narammala,Yakkavita
Kurunegala,Narammala,Halwella
Kurunegala,Narammala,Rammuthugala
Kurunegala,Narammala,Welikumbura
Kurunegala,Narammala,Dampelessa
Kurunegala,Narammala,Kivulegedara
Kurunegala,Narammala,Polwattegedara
Kurunegala,Narammala,Karalappala
Kurunegala,Narammala,Embalapola
Kurunegala,Narammala,Weragala
Kurunegala,Narammala,Rangallepola
Kurunegala,Narammala,Nakalagamuwa
Kurunegala,Narammala,Godakooruwa
Kurunegala,Narammala,Kivulgalla
Kurunegala,Narammala,Eriyagolla
Kurunegala,Narammala,"Metiyagane West"
Kurunegala,Narammala,Maravita
Kurunegala,Narammala,"Muthugala East"
Kurunegala,Narammala,"Metiyagane East"
Kurunegala,Narammala,Kasungama
Kurunegala,Narammala,Pelawatta
Kurunegala,Narammala,Pothupitiya
Kurunegala,Narammala,"Muthugala West"
Kurunegala,Narammala,"Dambadeniya South"
Kurunegala,Narammala,"Dambadeniya North"
Kurunegala,Narammala,Udawelawatta
Kurunegala,Narammala,Riligala
Kurunegala,Narammala,Athuruwala
Kurunegala,Narammala,Puskoladeniya
Kurunegala,Narammala,"Delikanu Anga"
Kurunegala,Narammala,Kudagammana
Kurunegala,Narammala,Riloluwa
Kurunegala,Narammala,Handapangala
Kurunegala,Narammala,Paranagama
Kurunegala,Narammala,Marandagolla
Kurunegala,Narammala,Epaladeniya
Kurunegala,Alawwa,Vilgamuwa
Kurunegala,Alawwa,"Vilgamuwa Watta"
Kurunegala,Alawwa,"Wennoruwa West"
Kurunegala,Alawwa,"Wennoruwa East"
Kurunegala,Alawwa,Damunupola
Kurunegala,Alawwa,Pannala
Kurunegala,Alawwa,"Nungamuwa Pahala"
Kurunegala,Alawwa,Wadawa
Kurunegala,Alawwa,"Nungamuwa Ihala"
Kurunegala,Alawwa,Dehelgamuwa
Kurunegala,Alawwa,"Ihala Wettewa"
Kurunegala,Alawwa,Kiriwanapola
Kurunegala,Alawwa,"Kandegedara South"
Kurunegala,Alawwa,Welikare
Kurunegala,Alawwa,"Galgamuwa North"
Kurunegala,Alawwa,"Galgamuwa South"
Kurunegala,Alawwa,Pangolla
Kurunegala,Alawwa,"Kandegedara North"
Kurunegala,Alawwa,Divulgahakotuwa
Kurunegala,Alawwa,waduwawa
Kurunegala,Alawwa,Lewdeniya
Kurunegala,Alawwa,Poramadala
Kurunegala,Alawwa,Galatharaya
Kurunegala,Alawwa,Hinnarapola
Kurunegala,Alawwa,Nugawela
Kurunegala,Alawwa,Maharachchimulla
Kurunegala,Alawwa,"Pahala Klalpitiya"
Kurunegala,Alawwa,Henduwawa
Kurunegala,Alawwa,Kendagolla
Kurunegala,Alawwa,Boyawalana
Kurunegala,Alawwa,"Henduwawa Colony"
Kurunegala,Alawwa,"Ihala Kalalpitiya"
Kurunegala,Alawwa,Madagampola
Kurunegala,Alawwa,Maldeniya
Kurunegala,Alawwa,Koholana
Kurunegala,Alawwa,"Ihala Walakumbura"
Kurunegala,Alawwa,Yatigaloluwa
Kurunegala,Alawwa,"Pahala Walakumbura"
Kurunegala,Alawwa,"Alawwa South"
Kurunegala,Alawwa,"Alawwa North"
Kurunegala,Alawwa,Kebellavita
Kurunegala,Alawwa,"Humbuluwa East"
Kurunegala,Alawwa,"Humbuluwa West"
Kurunegala,Alawwa,Imbulgoda
Kurunegala,Alawwa,Kappitiwalana
Kurunegala,Alawwa,Madawala
Kurunegala,Alawwa,"Othara Kiruwampola"
Kurunegala,Alawwa,Nebadawathura
Kurunegala,Alawwa,Galdeniya
Kurunegala,Alawwa,Kanameewala
Kurunegala,Alawwa,Wedeniya
Kurunegala,Alawwa,Nawathalwatta
Kurunegala,Alawwa,Thumbulla
Kurunegala,Alawwa,Abbowa
Kurunegala,Alawwa,Paramaulla
Kurunegala,Alawwa,Galpottepola
Kurunegala,Alawwa,Hiriheliya
Kurunegala,Alawwa,Pallemorugama
Kurunegala,Alawwa,Udakekulawala
Kurunegala,Alawwa,Udagankanda
Kurunegala,Alawwa,Wewala
Kurunegala,Alawwa,Pallekekulawala
Kurunegala,Alawwa,Yattalgoda
Kurunegala,Alawwa,Bowala
Kurunegala,Alawwa,Bujjomuwa
Kurunegala,Alawwa,Kendahena
Kurunegala,Polgahawela,"Ahugoda East"
Kurunegala,Polgahawela,Amunugama
Kurunegala,Polgahawela,Gammana
Kurunegala,Polgahawela,"Pothuhera East"
Kurunegala,Polgahawela,"Pothuhera West"
Kurunegala,Polgahawela,"Ahugoda Meda"
Kurunegala,Polgahawela,"Ahugoda West"
Kurunegala,Polgahawela,Mahapitiya
Kurunegala,Polgahawela,"Dewate Gedara"
Kurunegala,Polgahawela,Hiripathwella
Kurunegala,Polgahawela,Ginneriya
Kurunegala,Polgahawela,Wadakada
Kurunegala,Polgahawela,Habarawa
Kurunegala,Polgahawela,Embalawatta
Kurunegala,Polgahawela,Lihinigiriya
Kurunegala,Polgahawela,"Medalassa Kalugamuwa"
Kurunegala,Polgahawela,Yatihena
Kurunegala,Polgahawela,Maningamuwa
Kurunegala,Polgahawela,Mawathagama
Kurunegala,Polgahawela,Mandawela
Kurunegala,Polgahawela,Kureepotta
Kurunegala,Polgahawela,Arambepola
Kurunegala,Polgahawela,Handugala
Kurunegala,Polgahawela,"Bevilgamuwa East"
Kurunegala,Polgahawela,"Bevilgamuwa West"
Kurunegala,Polgahawela,"Thiyador Watta"
Kurunegala,Polgahawela,Dembegoda
Kurunegala,Polgahawela,Imbulana
Kurunegala,Polgahawela,Kebilittawala
Kurunegala,Polgahawela,Egalla
Kurunegala,Polgahawela,Gallenamulla
Kurunegala,Polgahawela,Udapola
Kurunegala,Polgahawela,Kaluhendiwala
Kurunegala,Polgahawela,Thalawattegedara
Kurunegala,Polgahawela,Kolambalamulla
Kurunegala,Polgahawela,Parabevila
Kurunegala,Polgahawela,Koradoluwa
Kurunegala,Polgahawela,Walagammulla
Kurunegala,Polgahawela,Kendahena
Kurunegala,Polgahawela,"Polpitiya North"
Kurunegala,Polgahawela,"Poojapitiya "
Kurunegala,Polgahawela,Polambe
Kurunegala,Polgahawela,Hondella
Kurunegala,Polgahawela,Imbulgoda
Kurunegala,Polgahawela,Barahelagamuwa
Kurunegala,Polgahawela,Dewalepola
Kurunegala,Polgahawela,"Ihala Udapola"
Kurunegala,Polgahawela,Divulkumbura
Kurunegala,Polgahawela,Bandawa
Kurunegala,Polgahawela,Hathalispahuwa
Kurunegala,Polgahawela,Rathmalgoda
Kurunegala,Polgahawela,Kollura
Kurunegala,Polgahawela,Wellewa
Kurunegala,Polgahawela,"Polpitiya South"
Kurunegala,Polgahawela,Nahakotamada
Kurunegala,Polgahawela,Aragoda
Kurunegala,Polgahawela,Sunilagama
Kurunegala,Polgahawela,Denagamuwa
Kurunegala,Polgahawela,Madalagama
Kurunegala,Polgahawela,Godawela
Kurunegala,Polgahawela,Kotambule
Kurunegala,Polgahawela,Mawatta
Kurunegala,Polgahawela,Weeragala
Kurunegala,Polgahawela,Yogamuwakanda
Kurunegala,Polgahawela,Epakanda
Kurunegala,Polgahawela,"Ganegoda North"
Kurunegala,Polgahawela,"Delgolla "
Kurunegala,Polgahawela,Gorokgahapotta
Kurunegala,Polgahawela,Godigamuwa
Kurunegala,Polgahawela,Udukedeniya
Kurunegala,Polgahawela,"Panaliya North"
Kurunegala,Polgahawela,Tenpana
Kurunegala,Polgahawela,"Kuleepitiya North"
Kurunegala,Polgahawela,"Ganegoda South"
Kurunegala,Polgahawela,"Polgahawela North"
Kurunegala,Polgahawela,Meddalanda
Kurunegala,Polgahawela,Morugama
Kurunegala,Polgahawela,Galbadagama
Kurunegala,Polgahawela,Weligodapitiya
Kurunegala,Polgahawela,"Polgahawela South"
Kurunegala,Polgahawela,"Kuleepitiya South"
Kurunegala,Polgahawela,"Serapees Watta"
Kurunegala,Polgahawela,"Panaliya South"
Kurunegala,Polgahawela,Oruliyadda
Puttalam,Kalpitiya,Duechbay
Puttalam,Kalpitiya,Palliyawatta
Puttalam,Kalpitiya,Anawasala
Puttalam,Kalpitiya,Sinnakudirippu
Puttalam,Kalpitiya,"Wanni Mundalama"
Puttalam,Kalpitiya,Mandalakudawa
Puttalam,Kalpitiya,Periyakudirippu
Puttalam,Kalpitiya,Pudukudirippuwa
Puttalam,Kalpitiya,"Kandakuliya Kudawa"
Puttalam,Kalpitiya,"Kurinjipitiya North"
Puttalam,Kalpitiya,"Kurinjipitiya South"
Puttalam,Kalpitiya,Kandakuliya
Puttalam,Kalpitiya,Palliwasalthure
Puttalam,Kalpitiya,Musalpitiya
Puttalam,Kalpitiya,Mudalappaliya
Puttalam,Kalpitiya,"Thalavila East"
Puttalam,Kalpitiya,"Thalavila West"
Puttalam,Kalpitiya,Palakudawa
Puttalam,Kalpitiya,Thigali
Puttalam,Kalpitiya,Ettala
Puttalam,Kalpitiya,Andankanniya
Puttalam,Kalpitiya,Alankudawa
Puttalam,Kalpitiya,Norochchola
Puttalam,Kalpitiya,Paniyadiya
Puttalam,Kalpitiya,Narakkalliya
Puttalam,Kalpitiya,Mampuriya
Puttalam,Kalpitiya,Nawakkaduwa
Puttalam,Kalpitiya,Nirmalapura
Puttalam,Kalpitiya,Daluwa
Puttalam,Kalpitiya,Thethapola
Puttalam,Kalpitiya,Karamba
Puttalam,Vanathawilluwa,Pukkulama
Puttalam,Vanathawilluwa,Ralmaduwa
Puttalam,Vanathawilluwa,"Parana Eluwankulama"
Puttalam,Vanathawilluwa,"Aluth Eluwankulama"
Puttalam,Vanathawilluwa,Serakkuliya
Puttalam,Vanathawilluwa,"Karathivu North"
Puttalam,Vanathawilluwa,"Karathivu South"
Puttalam,Vanathawilluwa,Mangalapura
Puttalam,Vanathawilluwa,Bandaranayakapura
Puttalam,Vanathawilluwa,"Vanathawilluwa North"
Puttalam,Vanathawilluwa,"Vanathawilluwa South"
Puttalam,Vanathawilluwa,"Wijayapura West"
Puttalam,Vanathawilluwa,"Wijayapura East"
Puttalam,Vanathawilluwa,Karadipuwal
Puttalam,Vanathawilluwa,Samagipura
Puttalam,Vanathawilluwa,Vattakandal
Puttalam,Vanathawilluwa,Mailankulama
Puttalam,Karuwalagaswewa,"Pahala Puliyankulama"
Puttalam,Karuwalagaswewa,Moonamalgaswewa
Puttalam,Karuwalagaswewa,Saliyawewa
Puttalam,Karuwalagaswewa,Ranawarapitiya
Puttalam,Karuwalagaswewa,"Saliyawewa - C"
Puttalam,Karuwalagaswewa,"Saliyawewa - B"
Puttalam,Karuwalagaswewa,Palugassegama
Puttalam,Karuwalagaswewa,"Ihala Puliyankulama"
Puttalam,Karuwalagaswewa,Thambapanniya
Puttalam,Karuwalagaswewa,Medagama
Puttalam,Karuwalagaswewa,Aluthgama
Puttalam,Karuwalagaswewa,Weerapura
Puttalam,Karuwalagaswewa,Dangaswewa
Puttalam,Karuwalagaswewa,Ipalogama
Puttalam,Karuwalagaswewa,Kubukwewa
Puttalam,Karuwalagaswewa,Rambawewa
Puttalam,Karuwalagaswewa,Pahariya
Puttalam,Karuwalagaswewa,Murukkuwatawana
Puttalam,Karuwalagaswewa,"Thabbowa South"
Puttalam,Karuwalagaswewa,"Thabbowa North"
Puttalam,Karuwalagaswewa,Thewanuwara
Puttalam,Karuwalagaswewa,Pawattamaduwa
Puttalam,Karuwalagaswewa,Karuwalagaswewa
Puttalam,Karuwalagaswewa,"Kuda Medawachchiya"
Puttalam,Karuwalagaswewa,Paleegama
Puttalam,Karuwalagaswewa,Egodapitiya
Puttalam,Nawagattegama,Mahameddewa
Puttalam,Nawagattegama,Moragahawewa
Puttalam,Nawagattegama,"Maha Andarawewa"
Puttalam,Nawagattegama,Kirimetiyawa
Puttalam,Nawagattegama,Miyellewa
Puttalam,Nawagattegama,Thammennawetiya
Puttalam,Nawagattegama,Samurdhigama
Puttalam,Nawagattegama,Amunuwewa
Puttalam,Nawagattegama,Kuruluwewa
Puttalam,Nawagattegama,Tharanagahawewa
Puttalam,Nawagattegama,Kelewewa
Puttalam,Nawagattegama,"Welewewa North"
Puttalam,Nawagattegama,Mullegama
Puttalam,Nawagattegama,"Welewewa South"
Puttalam,Nawagattegama,Gedarawewa
Puttalam,Nawagattegama,Rambakanayagama
Puttalam,Nawagattegama,"Inginimitiya East"
Puttalam,Nawagattegama,"Inginimitiya West"
Puttalam,Nawagattegama,Konkadawala
Puttalam,Puttalam,Manalthivu
Puttalam,Puttalam,Sirambiadiya
Puttalam,Puttalam,"Sella Kandal"
Puttalam,Puttalam,Nelumwewa
Puttalam,Puttalam,"Marikkar Street"
Puttalam,Puttalam,Mullipuram
Puttalam,Puttalam,Pudukudirippuwa
Puttalam,Puttalam,"Puttalam East"
Puttalam,Puttalam,Senakudirippuwa
Puttalam,Puttalam,Thiladiya
Puttalam,Puttalam,"Puttalam South"
Puttalam,Puttalam,"Puttalam Parana Jumma Palliya"
Puttalam,Puttalam,"Puttalam North"
Puttalam,Puttalam,"Periyapalli Kudiyiruppuwa"
Puttalam,Puttalam,Rathmalyaya
Puttalam,Puttalam,Thammannagama
Puttalam,Puttalam,Kaladiya
Puttalam,Puttalam,Bodhirajapura
Puttalam,Puttalam,Attavilluwa
Puttalam,Puttalam,Palaviya
Puttalam,Puttalam,Pottuvilluwa
Puttalam,Puttalam,"Attavilluwa Central"
Puttalam,Mundel,Puludiviyal
Puttalam,Mundel,Viruthodai
Puttalam,Mundel,Weerapura
Puttalam,Mundel,Welusumanapura
Puttalam,Mundel,Madurankuliya
Puttalam,Mundel,"Kanamulla North"
Puttalam,Mundel,Kadayamotte
Puttalam,Mundel,Nallandaluwa
Puttalam,Mundel,Palasola
Puttalam,Mundel,Mukkuthoduwawa
Puttalam,Mundel,Kandathoduwawa
Puttalam,Mundel,"Kanamulla South"
Puttalam,Mundel,Pubudugama
Puttalam,Mundel,Sameeragama
Puttalam,Mundel,Palliwasalpaduwa
Puttalam,Mundel,Perukkuvattan
Puttalam,Mundel,Kottanthievu
Puttalam,Mundel,Mangalaeliya
Puttalam,Mundel,Nawadankulama
Puttalam,Mundel,Mundalama
Puttalam,Mundel,Kudirippuwa
Puttalam,Mundel,Kattakaduwa
Puttalam,Mundel,Sinnapaduwa
Puttalam,Mundel,Poonapitiya
Puttalam,Mundel,Andimunai
Puttalam,Mundel,Udappuwa
Puttalam,Mundel,Udappuwa
Puttalam,Mundel,Pulichchakulama
Puttalam,Mundel,Karathanvilluwa
Puttalam,Mundel,Tharakudivilluwa
Puttalam,Mundel,Angunavila
Puttalam,Mahakumbukkadawala,"Kivula No. 4-2"
Puttalam,Mahakumbukkadawala,Dangahawala
Puttalam,Mahakumbukkadawala,"Kivula No. 4-1"
Puttalam,Mahakumbukkadawala,"Kivula Youth Project"
Puttalam,Mahakumbukkadawala,"Kivula No. 1"
Puttalam,Mahakumbukkadawala,"Kivulagoda Govi Janapada"
Puttalam,Mahakumbukkadawala,Rathmalgaswewa
Puttalam,Mahakumbukkadawala,Dangaswewa
Puttalam,Mahakumbukkadawala,Kawayankulama
Puttalam,Mahakumbukkadawala,Jayarajapura
Puttalam,Mahakumbukkadawala,Karuwalabedda
Puttalam,Mahakumbukkadawala,"Maha Kumbukkadawala"
Puttalam,Mahakumbukkadawala,Sembukuliya
Puttalam,Mahakumbukkadawala,Walpaluwa
Puttalam,Mahakumbukkadawala,Kakupandiyawa
Puttalam,Mahakumbukkadawala,Punavitiya
Puttalam,Mahakumbukkadawala,Garayakgama
Puttalam,Mahakumbukkadawala,Daluwegama
Puttalam,Mahakumbukkadawala,Mohoriya
Puttalam,Mahakumbukkadawala,Baranankattuwa
Puttalam,Mahakumbukkadawala,Karungalichole
Puttalam,Mahakumbukkadawala,Mahasembukuliya
Puttalam,Mahakumbukkadawala,"Galkuliya West"
Puttalam,Mahakumbukkadawala,"Galkuliya East"
Puttalam,Mahakumbukkadawala,Adigama
Puttalam,Anamaduwa,"Kottukachchiya Colony 2"
Puttalam,Anamaduwa,"Kottukachchiya Colony 1"
Puttalam,Anamaduwa,Mellankulama
Puttalam,Anamaduwa,Kottukachchiya
Puttalam,Anamaduwa,Paliyagama
Puttalam,Anamaduwa,Uriyawa
Puttalam,Anamaduwa,Koiladigama
Puttalam,Anamaduwa,"07 Gammanaya"
Puttalam,Anamaduwa,"Maha Uswewa South"
Puttalam,Anamaduwa,"Maha Uswewa North"
Puttalam,Anamaduwa,Alankulama
Puttalam,Anamaduwa,Merungoda
Puttalam,Anamaduwa,Labugala
Puttalam,Anamaduwa,Karambewa
Puttalam,Anamaduwa,Thalgaswewa
Puttalam,Anamaduwa,Periyakulama
Puttalam,Anamaduwa,Paramakandagama
Puttalam,Anamaduwa,Thonigala
Puttalam,Anamaduwa,Wadatta
Puttalam,Anamaduwa,Viharagama
Puttalam,Anamaduwa,Siyabalagashena
Puttalam,Anamaduwa,Thattewa
Puttalam,Anamaduwa,Thanmmennagama
Puttalam,Anamaduwa,Bammannegama
Puttalam,Anamaduwa,Kothalakemiyawa
Puttalam,Anamaduwa,Gallewa
Puttalam,Anamaduwa,Thalakolawewa
Puttalam,Anamaduwa,Anamaduwa
Puttalam,Anamaduwa,Peramakuttuwa
Puttalam,Anamaduwa,Divulwewa
Puttalam,Anamaduwa,Wadigamangawa
Puttalam,Anamaduwa,Dharmapalaya
Puttalam,Anamaduwa,Uppalawatta
Puttalam,Anamaduwa,Sangattikulama
Puttalam,Anamaduwa,Mudalakkuliya
Puttalam,Pallama,"Dewala Handiya"
Puttalam,Pallama,"Wilpotha East"
Puttalam,Pallama,Siyabalagaswewa
Puttalam,Pallama,Nagavila
Puttalam,Pallama,Periyamaduwa
Puttalam,Pallama,Kammandaluwa
Puttalam,Pallama,"Wilpotha West"
Puttalam,Pallama,Thamarakkulama
Puttalam,Pallama,Serukele
Puttalam,Pallama,Katupotha
Puttalam,Pallama,Madawakkulama
Puttalam,Pallama,Wetiya
Puttalam,Pallama,Nandimithtrapura
Puttalam,Pallama,Wendakaduwa
Puttalam,Pallama,Pallama
Puttalam,Pallama,Wathupola
Puttalam,Pallama,Puliyankulama
Puttalam,Pallama,Thammana
Puttalam,Arachchikattuwa,Battuluoya
Puttalam,Arachchikattuwa,Mahamaeliya
Puttalam,Arachchikattuwa,Buruthakele
Puttalam,Arachchikattuwa,"Wijayakatupatha Elen Megoda"
Puttalam,Arachchikattuwa,"Pahala Attanganaya"
Puttalam,Arachchikattuwa,"Wijayakatupatha Elen Egoda"
Puttalam,Arachchikattuwa,Anavilundawa
Puttalam,Arachchikattuwa,Suruvila
Puttalam,Arachchikattuwa,Ilakkattuwa
Puttalam,Arachchikattuwa,Pankulawa
Puttalam,Arachchikattuwa,"Ihala Attanganaya"
Puttalam,Arachchikattuwa,Ambakele
Puttalam,Arachchikattuwa,Welipelessa
Puttalam,Arachchikattuwa,Nalladarankattuwa
Puttalam,Arachchikattuwa,Karukupane
Puttalam,Arachchikattuwa,Wairankattuwa
Puttalam,Arachchikattuwa,Sengaloya
Puttalam,Arachchikattuwa,"Arachchikattuwa West"
Puttalam,Arachchikattuwa,"Arachchikattuwa East"
Puttalam,Arachchikattuwa,Bandarahena
Puttalam,Arachchikattuwa,Adippala
Puttalam,Arachchikattuwa,"Andanan Kattuwa"
Puttalam,Arachchikattuwa,Kumarakattuwa
Puttalam,Arachchikattuwa,Elivitiya
Puttalam,Arachchikattuwa,Diganwewa
Puttalam,Arachchikattuwa,Rajakadaluwa
Puttalam,Arachchikattuwa,Kusala
Puttalam,Arachchikattuwa,Kottapitiya
Puttalam,Arachchikattuwa,Bangadeniya
Puttalam,Arachchikattuwa,Weerakumandaluwa
Puttalam,Arachchikattuwa,Karukkuliya
Puttalam,Arachchikattuwa,Mukkandaluwa
Puttalam,Arachchikattuwa,Dematapitiya
Puttalam,Chilaw,Kurusapaduwa
Puttalam,Chilaw,Deduruoya
Puttalam,Chilaw,"Manuwangama West"
Puttalam,Chilaw,"Manuwangama East"
Puttalam,Chilaw,"Nariyagama North"
Puttalam,Chilaw,Parappanmulla
Puttalam,Chilaw,Weerapandiyana
Puttalam,Chilaw,"Maha Vilattawa"
Puttalam,Chilaw,Kanattawa
Puttalam,Chilaw,"Nariyagama South"
Puttalam,Chilaw,Urudayandaluwa
Puttalam,Chilaw,Thissogama
Puttalam,Chilaw,Thimbilla
Puttalam,Chilaw,Wattakkaliya
Puttalam,Chilaw,"Weralabada South"
Puttalam,Chilaw,"Weralabada North"
Puttalam,Chilaw,Egodawatta
Puttalam,Chilaw,Aluthwatta
Puttalam,Chilaw,Aluthwatta
Puttalam,Chilaw,Ichchampitiya
Puttalam,Chilaw,Munneshwarama
Puttalam,Chilaw,Thittakade
Puttalam,Chilaw,Mugunuwatawana
Puttalam,Chilaw,Kokkavila
Puttalam,Chilaw,Pulliyankadawara
Puttalam,Chilaw,"Punchi Vilattawa"
Puttalam,Chilaw,"Karawitagara West"
Puttalam,Chilaw,"Karavitagara East"
Puttalam,Chilaw,Dambakele
Puttalam,Chilaw,Weerakelewatta
Puttalam,Chilaw,Karavita
Puttalam,Chilaw,"Mungandaluwa East"
Puttalam,Chilaw,"Mungandaluwa West"
Puttalam,Chilaw,Ilippadeniya
Puttalam,Chilaw,Sawarana
Puttalam,Chilaw,Maikkulama
Puttalam,Chilaw,"Pitipana East"
Puttalam,Chilaw,Melpura
Puttalam,Chilaw,"Pitipana North"
Puttalam,Chilaw,"Pitipana South"
Puttalam,Chilaw,Weralabada
Puttalam,Chilaw,Welihena
Puttalam,Chilaw,Merawala
Puttalam,Chilaw,Inigodawela
Puttalam,Chilaw,"Ihala Olidaluwa"
Puttalam,Chilaw,Maradankulama
Puttalam,Chilaw,Olidaluwa
Puttalam,Chilaw,Ambakandavila
Puttalam,Chilaw,Kakkapalliya
Puttalam,Madampe,Athuwana
Puttalam,Madampe,"Mahagama  North"
Puttalam,Madampe,"Mahagama  South"
Puttalam,Madampe,Kongasyaya
Puttalam,Madampe,Ponnankanniya
Puttalam,Madampe,Manakkulama
Puttalam,Madampe,Dematapitiya
Puttalam,Madampe,"Thambagalla West"
Puttalam,Madampe,Thambagalla
Puttalam,Madampe,"Thambagalla Watta"
Puttalam,Madampe,Medagama
Puttalam,Madampe,Panirendawa
Puttalam,Madampe,"Rathmal Agara"
Puttalam,Madampe,Rathnagiriya
Puttalam,Madampe,Nankadawara
Puttalam,Madampe,"Kuda Bingiriya"
Puttalam,Madampe,Indigasvila
Puttalam,Madampe,Walahena
Puttalam,Madampe,Pambala
Puttalam,Madampe,"Pambala South"
Puttalam,Madampe,Hareendragama
Puttalam,Madampe,Sembukattiya
Puttalam,Madampe,Uraliya
Puttalam,Madampe,"Heen Agara"
Puttalam,Madampe,Kachchakaduwa
Puttalam,Madampe,"Galmuruwa North"
Puttalam,Madampe,Kudirippuwa
Puttalam,Madampe,Karukkuwatawana
Puttalam,Madampe,Erunvila
Puttalam,Madampe,Karukkuwa
Puttalam,Madampe,Galahitiyawa
Puttalam,Madampe,Maraggalagama
Puttalam,Madampe,"Irattakulama North"
Puttalam,Madampe,"Irattakulama South"
Puttalam,Madampe,Egodayagama
Puttalam,Madampe,Pattiyagama
Puttalam,Madampe,Ihalagama
Puttalam,Madampe,Uraliyagara
Puttalam,Madampe,Mellawagara
Puttalam,Madampe,Suduwella
Puttalam,Madampe,Pothuvila
Puttalam,Madampe,Pallakele
Puttalam,Madampe,"Galmuruwa South"
Puttalam,Madampe,Henapola
Puttalam,Madampe,Mugunuwatawana
Puttalam,Madampe,Pookulama
Puttalam,Madampe,Nelumpokuna
Puttalam,Madampe,Mahabaddegama
Puttalam,Madampe,Thaniwellagama
Puttalam,Mahawewa,"Iranawila West"
Puttalam,Mahawewa,"Iranawila East"
Puttalam,Mahawewa,"Thoduwawa North"
Puttalam,Mahawewa,"Meda Thoduwawa"
Puttalam,Mahawewa,"Thoduwawa South"
Puttalam,Mahawewa,Mattakotuwa
Puttalam,Mahawewa,"Pahala Mahawewa"
Puttalam,Mahawewa,Adapparagama
Puttalam,Mahawewa,"Ihala Kudawewa"
Puttalam,Mahawewa,Puruduwella
Puttalam,Mahawewa,Galamuna
Puttalam,Mahawewa,Medagoda
Puttalam,Mahawewa,Hewana
Puttalam,Mahawewa,Yatakalana
Puttalam,Mahawewa,Muttibendivila
Puttalam,Mahawewa,"Ihala Walahapitiya"
Puttalam,Mahawewa,"Meda Walahapitiya"
Puttalam,Mahawewa,"Pahala Kudawewa"
Puttalam,Mahawewa,Maligawatta
Puttalam,Mahawewa,"Meda Mahawewa"
Puttalam,Mahawewa,Veehena
Puttalam,Mahawewa,Mattakotuwella
Puttalam,Mahawewa,Barudelpola
Puttalam,Mahawewa,"Ihala Mahawewa"
Puttalam,Mahawewa,"Pahala Koswadiya"
Puttalam,Mahawewa,"Meda Koswadiya"
Puttalam,Mahawewa,"Ihala Koswadiya"
Puttalam,Mahawewa,"Pahala Walahapitiya"
Puttalam,Mahawewa,Panangoda
Puttalam,Mahawewa,Sagaragama
Puttalam,Mahawewa,Egodagoda
Puttalam,Mahawewa,Puhulhena
Puttalam,Mahawewa,"Halpanwila East"
Puttalam,Mahawewa,"Meda Hattiniya"
Puttalam,Mahawewa,"Halpanwila West"
Puttalam,Mahawewa,Thalvila
Puttalam,Mahawewa,Modarawella
Puttalam,Mahawewa,"Pahala Hattiniya"
Puttalam,Mahawewa,"Maravila North"
Puttalam,Mahawewa,"Ihala Hattiniya"
Puttalam,Mahawewa,"Maranda North"
Puttalam,Mahawewa,"Maranda South"
Puttalam,Mahawewa,"Horagolla North"
Puttalam,Mahawewa,"Horagolla South"
Puttalam,Mahawewa,"Maravila Town"
Puttalam,Mahawewa,"Maravila South"
Puttalam,Mahawewa,"Maravila Wella"
Puttalam,Nattandiya,"Pahala Nattandiya"
Puttalam,Nattandiya,Mailawa
Puttalam,Nattandiya,Pilakatumulla
Puttalam,Nattandiya,Dukkannawa
Puttalam,Nattandiya,Maningala
Puttalam,Nattandiya,Sandanangama
Puttalam,Nattandiya,"Ihala Thabbowa"
Puttalam,Nattandiya,"Meda Thabbowa"
Puttalam,Nattandiya,"Pahala Thabbowa"
Puttalam,Nattandiya,"Weerahena East"
Puttalam,Nattandiya,"Ihala Nattandiya"
Puttalam,Nattandiya,"Meda Nattandiya"
Puttalam,Nattandiya,"Weerahena West"
Puttalam,Nattandiya,"Mudukatuwa North"
Puttalam,Nattandiya,"Mudukatuwa South"
Puttalam,Nattandiya,"Mudukatuwa East"
Puttalam,Nattandiya,"Pahala Mavila"
Puttalam,Nattandiya,"Meda Mavila"
Puttalam,Nattandiya,"Ihala Mavila"
Puttalam,Nattandiya,"Pahala Kottaramulla"
Puttalam,Nattandiya,"Paluwelgala North"
Puttalam,Nattandiya,Kachchirawa
Puttalam,Nattandiya,"Paluwelgala South"
Puttalam,Nattandiya,Naravila
Puttalam,Nattandiya,Kuddetiyawa
Puttalam,Nattandiya,Yakdessawa
Puttalam,Nattandiya,"Koswatta North"
Puttalam,Nattandiya,Meegahawela
Puttalam,Nattandiya,"Koswatta South"
Puttalam,Nattandiya,"Morakele South"
Puttalam,Nattandiya,"Meda Kottaramulla"
Puttalam,Nattandiya,"Morakele North"
Puttalam,Nattandiya,"Ihala Kottaramulla"
Puttalam,Nattandiya,"Thunmodara East"
Puttalam,Nattandiya,"Thunmodara West"
Puttalam,Nattandiya,Nakele
Puttalam,Nattandiya,"Ihala Katuneriya"
Puttalam,Nattandiya,Bulugahawewa
Puttalam,Nattandiya,Nebadagahayaya
Puttalam,Nattandiya,Lansigama
Puttalam,Nattandiya,"Pahala Katuneriya North"
Puttalam,Nattandiya,"Meda Pahala Katuneriya"
Puttalam,Nattandiya,"Pahala Katuneriya South"
Puttalam,Nattandiya,"Meda Katuneriya"
Puttalam,Nattandiya,Meegahawewa
Puttalam,Nattandiya,Dematapitiya
Puttalam,Nattandiya,Dhammikagama
Puttalam,Wennappuwa,"Kolinjadiya West"
Puttalam,Wennappuwa,"Kolinjadiya North"
Puttalam,Wennappuwa,Udasirigama
Puttalam,Wennappuwa,"Sirigampala North"
Puttalam,Wennappuwa,"Lunuvila East"
Puttalam,Wennappuwa,"Sirigampola South"
Puttalam,Wennappuwa,"Meda Lunuwila"
Puttalam,Wennappuwa,"Lunuwila West"
Puttalam,Wennappuwa,"Wennappuwa North"
Puttalam,Wennappuwa,"Kolinjadiya East"
Puttalam,Wennappuwa,"Kolinjadiya South"
Puttalam,Wennappuwa,"Ulhitiyawa West"
Puttalam,Wennappuwa,"Ulhitiyawa North"
Puttalam,Wennappuwa,"Meda Ulhitiyawa"
Puttalam,Wennappuwa,"Wennappuwa West"
Puttalam,Wennappuwa,"Meda Wennappuwa"
Puttalam,Wennappuwa,"Wennappuwa East"
Puttalam,Wennappuwa,"Lunuwila South"
Puttalam,Wennappuwa,"Bandirippuwa North"
Puttalam,Wennappuwa,"Bandirippuwa West"
Puttalam,Wennappuwa,"Wennappuwa South"
Puttalam,Wennappuwa,"Ulhitiyawa South"
Puttalam,Wennappuwa,Kadawatha
Puttalam,Wennappuwa,"Dummaladeniya West"
Puttalam,Wennappuwa,"Meda Dummaladeniya"
Puttalam,Wennappuwa,"Dummaladeniya North"
Puttalam,Wennappuwa,"Bandirippuwa East"
Puttalam,Wennappuwa,"Dummaladeniya East"
Puttalam,Wennappuwa,"Dummaladeniya South"
Puttalam,Wennappuwa,Wellamankaraya
Puttalam,Wennappuwa,"Meda Nainamadama"
Puttalam,Wennappuwa,Hanathotupola
Puttalam,Wennappuwa,"Boralessa West"
Puttalam,Wennappuwa,"Boralessa North"
Puttalam,Wennappuwa,"Boralessa East"
Puttalam,Wennappuwa,"Boralessa South"
Puttalam,Wennappuwa,"Nainamadama West"
Puttalam,Wennappuwa,"Nainamadama East"
Puttalam,Wennappuwa,"Mirissankotuwa North"
Puttalam,Wennappuwa,"Mirissankotuwa South"
Puttalam,Wennappuwa,Bolawatta
Puttalam,Wennappuwa,Rangammulla
Puttalam,Wennappuwa,Kammala
Puttalam,Wennappuwa,"Angampitiya East"
Puttalam,Wennappuwa,"Angampitiya West"
Puttalam,Wennappuwa,Aluttota
Puttalam,Wennappuwa,Sindathriya
Puttalam,Wennappuwa,"Waikkala North"
Puttalam,Wennappuwa,"Waikkala South"
Puttalam,Wennappuwa,Bolana
Puttalam,Wennappuwa,Thambarawila
Puttalam,Wennappuwa,Thopputhota
Puttalam,Dankotuwa,Bothalegama
Puttalam,Dankotuwa,"Kirimetiyana East"
Puttalam,Dankotuwa,Thulawala
Puttalam,Dankotuwa,Hundirapola
Puttalam,Dankotuwa,Pothuwatawana
Puttalam,Dankotuwa,Lihiriyagama
Puttalam,Dankotuwa,"Kahatavila East"
Puttalam,Dankotuwa,"Kahatavila West"
Puttalam,Dankotuwa,"Meda Kirimetiyana"
Puttalam,Dankotuwa,"Kirimetiyana North"
Puttalam,Dankotuwa,"Kirimetiyana West"
Puttalam,Dankotuwa,"Kirimetiyana South"
Puttalam,Dankotuwa,"Pansal Handiya"
Puttalam,Dankotuwa,"Haldanduwana North"
Puttalam,Dankotuwa,Mellawa
Puttalam,Dankotuwa,"Ihala Bujjampola"
Puttalam,Dankotuwa,"Pahala Bujjampola"
Puttalam,Dankotuwa,"Haldanduwana West"
Puttalam,Dankotuwa,"Meda Haldanduwana"
Puttalam,Dankotuwa,"Katukenda East"
Puttalam,Dankotuwa,"Meda Katukenda"
Puttalam,Dankotuwa,"Gonavila North"
Puttalam,Dankotuwa,"Meda Gonavila"
Puttalam,Dankotuwa,"Katukenda West"
Puttalam,Dankotuwa,"Dankotuwa West"
Puttalam,Dankotuwa,"Dankotuwa North"
Puttalam,Dankotuwa,"Ihala Dummalakotuwa"
Puttalam,Dankotuwa,"Haldanduwana South"
Puttalam,Dankotuwa,"Pahala Mohottimulla"
Puttalam,Dankotuwa,"Ihala Mohottimulla"
Puttalam,Dankotuwa,Sendiriyamulla
Puttalam,Dankotuwa,Singakkuliya
Puttalam,Dankotuwa,Kaluwachchimulla
Puttalam,Dankotuwa,Motemulla
Puttalam,Dankotuwa,"Etiyawala North"
Puttalam,Dankotuwa,"Pahala Dummalakotuwa"
Puttalam,Dankotuwa,"Dankotuwa East"
Puttalam,Dankotuwa,"Dankotuwa South"
Puttalam,Dankotuwa,"Gonavila South"
Puttalam,Dankotuwa,Godella
Puttalam,Dankotuwa,Morukkuliya
Puttalam,Dankotuwa,Metikotuwa
Puttalam,Dankotuwa,Thamarakuliya
Puttalam,Dankotuwa,"Etiyawala South"
Puttalam,Dankotuwa,Jankurawela
Puttalam,Dankotuwa,Yogiyana
Puttalam,Dankotuwa,Dikwela
Anuradhapura,Padaviya,Buddhangala
Anuradhapura,Padaviya,Elikimbulagala
Anuradhapura,Padaviya,Abhayapura
Anuradhapura,Padaviya,Maithreepura
Anuradhapura,Padaviya,Parakramapura
Anuradhapura,Padaviya,"Track B"
Anuradhapura,Padaviya,Bisokotuwa
Anuradhapura,Padaviya,Sudarshanagama
Anuradhapura,Padaviya,Balayawewa
Anuradhapura,Padaviya,Mahasenpura
Anuradhapura,Padaviya,Urewa
Anuradhapura,Padaviya,"Kumbukwewa "
Anuradhapura,Padaviya,Ruwanpura
Anuradhapura,Padaviya,Bogahawewa
Anuradhapura,Padaviya,Padaviya
Anuradhapura,Kebithigollewa,Halmillawetiya
Anuradhapura,Kebithigollewa,Kanugahawewa
Anuradhapura,Kebithigollewa,Herathhalmillewa
Anuradhapura,Kebithigollewa,Bellankadawala
Anuradhapura,Kebithigollewa,Punchimudagama
Anuradhapura,Kebithigollewa,"D 06 Wahalkada"
Anuradhapura,Kebithigollewa,"D 05 Wahalkada"
Anuradhapura,Kebithigollewa,"D 04 Wahalkada"
Anuradhapura,Kebithigollewa,Kahatagollewa
Anuradhapura,Kebithigollewa,Thammennawa
Anuradhapura,Kebithigollewa,Kunchuttuwa
Anuradhapura,Kebithigollewa,Galawewa
Anuradhapura,Kebithigollewa,Thittagonewa
Anuradhapura,Kebithigollewa,Kurulugama
Anuradhapura,Kebithigollewa,Sinhalaetaweerawewa
Anuradhapura,Kebithigollewa,"Ethalvidda Wewa"
Anuradhapura,Kebithigollewa,Gonumeriyawa
Anuradhapura,Kebithigollewa,Kebithigollewa
Anuradhapura,Kebithigollewa,"Ihala Usgollewa"
Anuradhapura,Kebithigollewa,Aiyathigewewa
Anuradhapura,Kebithigollewa,Bandaraulpatha
Anuradhapura,Kebithigollewa,Kiriketuwewa
Anuradhapura,Kebithigollewa,Gonahathdenawa
Anuradhapura,Kebithigollewa,Thimbiriwewa
Anuradhapura,Kebithigollewa,"Handagala Kirimetiyawa"
Anuradhapura,Kebithigollewa,Wattewewa
Anuradhapura,Madawachchiya,Prabodhagama
Anuradhapura,Madawachchiya,Lolugaswewa
Anuradhapura,Madawachchiya,Puhudivula
Anuradhapura,Madawachchiya,Heerallugama
Anuradhapura,Madawachchiya,Ethakada
Anuradhapura,Madawachchiya,Etaweeragollewa
Anuradhapura,Madawachchiya,"Kadawath Rambewa"
Anuradhapura,Madawachchiya,"Maha Kumbukgollewa"
Anuradhapura,Madawachchiya,Kidawarankulama
Anuradhapura,Madawachchiya,Anekattiya
Anuradhapura,Madawachchiya,Periyakulama
Anuradhapura,Madawachchiya,Poonewa
Anuradhapura,Madawachchiya,Isinbessagama
Anuradhapura,Madawachchiya,"Maha Divulwewa"
Anuradhapura,Madawachchiya,Kidagalegama
Anuradhapura,Madawachchiya,Moragoda
Anuradhapura,Madawachchiya,Unagaswewa
Anuradhapura,Madawachchiya,Kirigalwewa
Anuradhapura,Madawachchiya,Angunochchiya
Anuradhapura,Madawachchiya,Ekirikanda
Anuradhapura,Madawachchiya,"Railway Town"
Anuradhapura,Madawachchiya,Kadawathgama
Anuradhapura,Madawachchiya,"Kuda Kumbukgollewa"
Anuradhapura,Madawachchiya,Yakawewa
Anuradhapura,Madawachchiya,Puleliya
Anuradhapura,Madawachchiya,Viralmurippuwa
Anuradhapura,Madawachchiya,Walpola
Anuradhapura,Madawachchiya,Katuwela
Anuradhapura,Madawachchiya,"Medawachchiya West"
Anuradhapura,Madawachchiya,"Medawachchiya East"
Anuradhapura,Madawachchiya,"Kanadara Divulwewa"
Anuradhapura,Madawachchiya,Helambagaswewa
Anuradhapura,Madawachchiya,Sangilikanadarawa
Anuradhapura,Madawachchiya,Lindawewa
Anuradhapura,Madawachchiya,Karambankulama
Anuradhapura,Medawachchiya,Paranahalmillewa
Anuradhapura,Medawachchiya,"Thammenne Elawaka"
Anuradhapura,Mahawilachchiya,Dematamalgama
Anuradhapura,Mahawilachchiya,Thanthirimale
Anuradhapura,Mahawilachchiya,Nelumvila
Anuradhapura,Mahawilachchiya,Sandamaleliya
Anuradhapura,Mahawilachchiya,Thuppitiyawa
Anuradhapura,Mahawilachchiya,Ethdathkalla
Anuradhapura,Mahawilachchiya,Randoowa
Anuradhapura,Mahawilachchiya,Palugaswewa
Anuradhapura,Mahawilachchiya,"Mannaram Junction"
Anuradhapura,Mahawilachchiya,"Kuda Vilachchiya"
Anuradhapura,Mahawilachchiya,"Maha Vilachchiya"
Anuradhapura,Mahawilachchiya,Pemaduwa
Anuradhapura,Mahawilachchiya,Kiralpetiyawa
Anuradhapura,Mahawilachchiya,Navodagama
Anuradhapura,Mahawilachchiya,Oyamaduwa
Anuradhapura,Mahawilachchiya,Helambawewa
Anuradhapura,Mahawilachchiya,Dunumadalawa
Anuradhapura,"Nuwaragam Palatha Central",Helambagaswewa
Anuradhapura,"Nuwaragam Palatha Central",Asirikgama
Anuradhapura,"Nuwaragam Palatha Central",Gambirigaswewa
Anuradhapura,"Nuwaragam Palatha Central",Aluthgama
Anuradhapura,"Nuwaragam Palatha Central",Galpottegama
Anuradhapura,"Nuwaragam Palatha Central","Maha Ehetuwewa"
Anuradhapura,"Nuwaragam Palatha Central",Maningamuwa
Anuradhapura,"Nuwaragam Palatha Central",Elayapattuwa
Anuradhapura,"Nuwaragam Palatha Central",Diganegama
Anuradhapura,"Nuwaragam Palatha Central",Karambewa
Anuradhapura,"Nuwaragam Palatha Central",Galkadawala
Anuradhapura,"Nuwaragam Palatha Central",Poowarsankulama
Anuradhapura,"Nuwaragam Palatha Central",Paniyankadawala
Anuradhapura,"Nuwaragam Palatha Central",Parasangahawewa
Anuradhapura,"Nuwaragam Palatha Central",Mankadawala
Anuradhapura,"Nuwaragam Palatha Central",Saliyapura
Anuradhapura,"Nuwaragam Palatha Central",Ashokaramaya
Anuradhapura,"Nuwaragam Palatha Central",Perimiyankulama
Anuradhapura,"Nuwaragam Palatha Central",Katukeliyawa
Anuradhapura,"Nuwaragam Palatha Central",Pusiyankulama
Anuradhapura,"Nuwaragam Palatha Central","Maha Mankadawala"
Anuradhapura,"Nuwaragam Palatha Central",Ilandagahawewa
Anuradhapura,"Nuwaragam Palatha Central","Vihara Kallanchiya"
Anuradhapura,"Nuwaragam Palatha Central","Vihara Palugama"
Anuradhapura,"Nuwaragam Palatha Central","Dewanampiyathissa Pura"
Anuradhapura,"Nuwaragam Palatha Central",Abhayawewa
Anuradhapura,"Nuwaragam Palatha Central",Pethispura
Anuradhapura,"Nuwaragam Palatha Central","Bandara  Puliyankulama"
Anuradhapura,"Nuwaragam Palatha Central","Jayanthi Gramaya"
Anuradhapura,"Nuwaragam Palatha Central",Theppankulama
Anuradhapura,"Nuwaragam Palatha Central",Thannayamkulama
Anuradhapura,"Nuwaragam Palatha Central","Saliya Mawatha"
Anuradhapura,"Nuwaragam Palatha Central","Shuddha Nagaraya"
Anuradhapura,"Nuwaragam Palatha Central",Thisawewa
Anuradhapura,"Nuwaragam Palatha Central",Wessagiriya
Anuradhapura,"Nuwaragam Palatha Central",Isurumuniya
Anuradhapura,"Nuwaragam Palatha Central",Pandulagama
Anuradhapura,"Nuwaragam Palatha Central",Pahalagama
Anuradhapura,"Nuwaragam Palatha Central","Maha Bulankulama"
Anuradhapura,"Nuwaragam Palatha Central",Ulukkulama
Anuradhapura,Rambewa,Kolibendawewa
Anuradhapura,Rambewa,Medagama
Anuradhapura,Rambewa,Kadurugasdamana
Anuradhapura,Rambewa,Siyambalagaswewa
Anuradhapura,Rambewa,Katukeliyawa
Anuradhapura,Rambewa,"Wahamalgollewa Track 05"
Anuradhapura,Rambewa,Sangilikanadarawa
Anuradhapura,Rambewa,Diviyaudabendawewa
Anuradhapura,Rambewa,Talgahawewa
Anuradhapura,Rambewa,Galkandegama
Anuradhapura,Rambewa,Balahondawewa
Anuradhapura,Rambewa,Pihimbiyagollewa
Anuradhapura,Rambewa,Galweeragollewa
Anuradhapura,Rambewa,Ambagahawewa
Anuradhapura,Rambewa,Thamarahalmillewa
Anuradhapura,Rambewa,Wewelketiya
Anuradhapura,Rambewa,"Ihala Kolongaswewa"
Anuradhapura,Rambewa,Konakumbukwewa
Anuradhapura,Rambewa,Kedewa
Anuradhapura,Rambewa,Kallanchiya
Anuradhapura,Rambewa,Gonewa
Anuradhapura,Rambewa,Ikirigollewa
Anuradhapura,Rambewa,Wahamalgollewa
Anuradhapura,Rambewa,"Wahamalgollewa Track 03"
Anuradhapura,Rambewa,Pallankulama
Anuradhapura,Rambewa,Mahawewa
Anuradhapura,Rambewa,Pandukabhayapura
Anuradhapura,Rambewa,Katupuliyankulama
Anuradhapura,Rambewa,Sandamalgama
Anuradhapura,Rambewa,Rambewa
Anuradhapura,Rambewa,Nebadagaswewa
Anuradhapura,Rambewa,"Mahakanadarawa R.B. Track 02"
Anuradhapura,Rambewa,Kapiriggama
Anuradhapura,Rambewa,Peenagama
Anuradhapura,Rambewa,Meemalwewa
Anuradhapura,Rambewa,Rotawewa
Anuradhapura,Rambewa,Kudagama
Anuradhapura,Rambewa,"Mahakanadarawa R.B. Track 01"
Anuradhapura,Kahatagasdigiliya,Kirigallewa
Anuradhapura,Kahatagasdigiliya,Rathmalgahawewa
Anuradhapura,Kahatagasdigiliya,Kudapattiya
Anuradhapura,Kahatagasdigiliya,"Maha Kumbukwewa"
Anuradhapura,Kahatagasdigiliya,Palippothana
Anuradhapura,Kahatagasdigiliya,"Gonumeru Wewa"
Anuradhapura,Kahatagasdigiliya,Thurukkuragama
Anuradhapura,Kahatagasdigiliya,"Maha Kiribbewa"
Anuradhapura,Kahatagasdigiliya,"Maha Galkandegama"
Anuradhapura,Kahatagasdigiliya,Dachchihalmillawewa
Anuradhapura,Kahatagasdigiliya,"Maha Hammillawewa"
Anuradhapura,Kahatagasdigiliya,Kumbukgollewa
Anuradhapura,Kahatagasdigiliya,Pandarellewa
Anuradhapura,Kahatagasdigiliya,Sampathgama
Anuradhapura,Kahatagasdigiliya,Thallattewa
Anuradhapura,Kahatagasdigiliya,Mahawewa
Anuradhapura,Kahatagasdigiliya,"Kahatagasdigiliya East"
Anuradhapura,Kahatagasdigiliya,"Kahatagasdigiliya West"
Anuradhapura,Kahatagasdigiliya,Kokmaduwa
Anuradhapura,Kahatagasdigiliya,Moragahawela
Anuradhapura,Kahatagasdigiliya,Samadhigama
Anuradhapura,Kahatagasdigiliya,Mekichchawa
Anuradhapura,Kahatagasdigiliya,Ranpathvila
Anuradhapura,Kahatagasdigiliya,"Bethkewa - Thulana"
Anuradhapura,Kahatagasdigiliya,"Maha Messalewa"
Anuradhapura,Kahatagasdigiliya,Kohombagaskada
Anuradhapura,Kahatagasdigiliya,Konwewa
Anuradhapura,Kahatagasdigiliya,Ambagahawewa
Anuradhapura,Kahatagasdigiliya,Panwella
Anuradhapura,Kahatagasdigiliya,"Mee - Kumbukwewa"
Anuradhapura,Kahatagasdigiliya,Tikkampothana
Anuradhapura,Kahatagasdigiliya,"Punchi Halmillewa"
Anuradhapura,Kahatagasdigiliya,Weligollewa
Anuradhapura,Kahatagasdigiliya,Divulwewa
Anuradhapura,Kahatagasdigiliya,Diganhalmillawewa
Anuradhapura,Kahatagasdigiliya,Kelenikawewa
Anuradhapura,Kahatagasdigiliya,Nelugollakada
Anuradhapura,Kahatagasdigiliya,Ellawewa
Anuradhapura,Kahatagasdigiliya,"Nekutunu Wewa"
Anuradhapura,Kahatagasdigiliya,"Kanadara - Rathmale"
Anuradhapura,Horowpothana,"Wahalkada D 2"
Anuradhapura,Horowpothana,"Wahalkada D 1"
Anuradhapura,Horowpothana,Maradanmaduwa
Anuradhapura,Horowpothana,"Pahala Divulwewa"
Anuradhapura,Horowpothana,Weerasole
Anuradhapura,Horowpothana,Anaolondewa
Anuradhapura,Horowpothana,Kapugollewa
Anuradhapura,Horowpothana,Wagollakada
Anuradhapura,Horowpothana,Dutuwewa
Anuradhapura,Horowpothana,Morawewa
Anuradhapura,Horowpothana,Thawalanhalmillewa
Anuradhapura,Horowpothana,Thimbiriettawala
Anuradhapura,Horowpothana,Nikawewa
Anuradhapura,Horowpothana,Welimuwapothana
Anuradhapura,Horowpothana,Kivulekada
Anuradhapura,Horowpothana,Puhulewewa
Anuradhapura,Horowpothana,Rathmale
Anuradhapura,Horowpothana,Welangahaulpatha
Anuradhapura,Horowpothana,Maradankadawala
Anuradhapura,Horowpothana,Horowpothana
Anuradhapura,Horowpothana,"Medawachchiya Handiya"
Anuradhapura,Horowpothana,Mukkarawewa
Anuradhapura,Horowpothana,"Ihala Angunachchiya"
Anuradhapura,Horowpothana,"Rasnaka Wewa"
Anuradhapura,Horowpothana,Walahaviddawewa
Anuradhapura,Horowpothana,Gammahegewewa
Anuradhapura,Horowpothana,Morakewa
Anuradhapura,Horowpothana,Nanumillawewa
Anuradhapura,Horowpothana,Thirappankadawala
Anuradhapura,Horowpothana,Parangiyawadiya
Anuradhapura,Horowpothana,Nabadawewa
Anuradhapura,Horowpothana,Puliyankadawala
Anuradhapura,Horowpothana,Vilewewa
Anuradhapura,Horowpothana,Wadigawewa
Anuradhapura,Horowpothana,Kalpe
Anuradhapura,Horowpothana,Dekethipothana
Anuradhapura,Horowpothana,Dematawewa
Anuradhapura,Horowpothana,Diyatittawewa
Anuradhapura,Galenbindunuwewa,Konwewa
Anuradhapura,Galenbindunuwewa,Ellawewa
Anuradhapura,Galenbindunuwewa,Kataranpuraya
Anuradhapura,Galenbindunuwewa,Dutuwewa
Anuradhapura,Galenbindunuwewa,"Perettupala Gama"
Anuradhapura,Galenbindunuwewa,Kokawewa
Anuradhapura,Galenbindunuwewa,"Dutuwewa Paranagama"
Anuradhapura,Galenbindunuwewa,"21 Colony East"
Anuradhapura,Galenbindunuwewa,"21 Colony West"
Anuradhapura,Galenbindunuwewa,Ulpathgama
Anuradhapura,Galenbindunuwewa,Upuldeniya
Anuradhapura,Galenbindunuwewa,Himbutugollewa
Anuradhapura,Galenbindunuwewa,Mailagaswewa
Anuradhapura,Galenbindunuwewa,Ihalagama
Anuradhapura,Galenbindunuwewa,Galenbindunuwewa
Anuradhapura,Galenbindunuwewa,Karuwalagaswewa
Anuradhapura,Galenbindunuwewa,Palugollagama
Anuradhapura,Galenbindunuwewa,"Aluth Divulwewa "
Anuradhapura,Galenbindunuwewa,Getalawa
Anuradhapura,Galenbindunuwewa,Hurulunikawewa
Anuradhapura,Galenbindunuwewa,Ilukbadayagama
Anuradhapura,Galenbindunuwewa,"Kuda Galenbindunuwewa"
Anuradhapura,Galenbindunuwewa,Thammennagama
Anuradhapura,Galenbindunuwewa,Sivalakulama
Anuradhapura,Galenbindunuwewa,Gomarankalla
Anuradhapura,Galenbindunuwewa,Hurulunikawewa
Anuradhapura,Galenbindunuwewa,Kumbukwewa
Anuradhapura,Galenbindunuwewa,Janasirigama
Anuradhapura,Galenbindunuwewa,"Kurunegala Colony"
Anuradhapura,Galenbindunuwewa,"Nuwaragam Colony"
Anuradhapura,Galenbindunuwewa,"Hurulu Jayapura"
Anuradhapura,Galenbindunuwewa,"Sunanda Mawatha"
Anuradhapura,Galenbindunuwewa,Galwaduwagama
Anuradhapura,Galenbindunuwewa,Muriyakadawala
Anuradhapura,Galenbindunuwewa,"Ihala Galkulama"
Anuradhapura,Galenbindunuwewa,Hurulumeegahapattiya
Anuradhapura,Galenbindunuwewa,"Nuwaraeli Colony"
Anuradhapura,Galenbindunuwewa,Pandikaramaduwa
Anuradhapura,Galenbindunuwewa,Yakalla
Anuradhapura,Galenbindunuwewa,Manankattiya
Anuradhapura,Galenbindunuwewa,Wannamkulama
Anuradhapura,Mihinthale,Ukkulankulama
Anuradhapura,Mihinthale,"Mahakanadarawa Track 3"
Anuradhapura,Mihinthale,"Mahakanadarawa Track 2"
Anuradhapura,Mihinthale,"Mahakanadarawa Track 1"
Anuradhapura,Mihinthale,Maradankulama
Anuradhapura,Mihinthale,Doramadalawa
Anuradhapura,Mihinthale,Kunchikulama
Anuradhapura,Mihinthale,"Hena Watta"
Anuradhapura,Mihinthale,Nuwarawewa
Anuradhapura,Mihinthale,Kurundankulama
Anuradhapura,Mihinthale,Kannattiya
Anuradhapura,Mihinthale,Mihinthale
Anuradhapura,Mihinthale,Ruwangama
Anuradhapura,Mihinthale,Namalwewa
Anuradhapura,Mihinthale,Bogahayaya
Anuradhapura,Mihinthale,Pothana
Anuradhapura,Mihinthale,Seeppukulama
Anuradhapura,Mihinthale,Thammmennawa
Anuradhapura,Mihinthale,Kasamaduwa
Anuradhapura,Mihinthale,Katukeliyawa
Anuradhapura,Mihinthale,Kattabuwagama
Anuradhapura,Mihinthale,Kahapathvilagama
Anuradhapura,Mihinthale,Ihalagama
Anuradhapura,Mihinthale,Maradankalla
Anuradhapura,Mihinthale,Wellaragama
Anuradhapura,"Nuwaragam Palatha East","Nuwara Wewa"
Anuradhapura,"Nuwaragam Palatha East","Step 1 part i"
Anuradhapura,"Nuwaragam Palatha East",Mahakalattewa
Anuradhapura,"Nuwaragam Palatha East",Thariyankulama
Anuradhapura,"Nuwaragam Palatha East","Nelum Kanniya"
Anuradhapura,"Nuwaragam Palatha East","Kuda Nelumkulama"
Anuradhapura,"Nuwaragam Palatha East",Keerikkulama
Anuradhapura,"Nuwaragam Palatha East",Thammennapura
Anuradhapura,"Nuwaragam Palatha East",Wannithammennawa
Anuradhapura,"Nuwaragam Palatha East",Thammennakulama
Anuradhapura,"Nuwaragam Palatha East","Step 1 part ii"
Anuradhapura,"Nuwaragam Palatha East","Step 2 part iii"
Anuradhapura,"Nuwaragam Palatha East","Step 2 part ii"
Anuradhapura,"Nuwaragam Palatha East",Pothanegama
Anuradhapura,"Nuwaragam Palatha East","Step 3 part iii"
Anuradhapura,"Nuwaragam Palatha East","Step2 part i"
Anuradhapura,"Nuwaragam Palatha East","Step 2 part iv"
Anuradhapura,"Nuwaragam Palatha East","Wanniyankulama Kotasa 4"
Anuradhapura,"Nuwaragam Palatha East","Wanniyankulama Kotasa 5"
Anuradhapura,"Nuwaragam Palatha East","Wanniyankulama Kotasa 6"
Anuradhapura,"Nuwaragam Palatha East",Gnanikulama
Anuradhapura,"Nuwaragam Palatha East",Kawarakkulama
Anuradhapura,"Nuwaragam Palatha East",MahaPaladikulama
Anuradhapura,"Nuwaragam Palatha East","Step 3 part i"
Anuradhapura,"Nuwaragam Palatha East","Step 3 part ii"
Anuradhapura,"Nuwaragam Palatha East","Wanniyankulama kotasa 3"
Anuradhapura,"Nuwaragam Palatha East","Wanniyankulama kotasa 1"
Anuradhapura,"Nuwaragam Palatha East","Wanniyankulama kotasa 2"
Anuradhapura,"Nuwaragam Palatha East",Sucharithagama
Anuradhapura,Nachchadoowa,Kimbulakada
Anuradhapura,Nachchadoowa,Shrawasthipura
Anuradhapura,Nachchadoowa,"Kuda Nelubewa"
Anuradhapura,Nachchadoowa,Shrawasthiwatta
Anuradhapura,Nachchadoowa,Aluthwewa
Anuradhapura,Nachchadoowa,Amane
Anuradhapura,Nachchadoowa,"Maha Nelubewa"
Anuradhapura,Nachchadoowa,Divulwewa
Anuradhapura,Nachchadoowa,Hidogama
Anuradhapura,Nachchadoowa,Pawakkulama
Anuradhapura,Nachchadoowa,"Kaluvila North"
Anuradhapura,Nachchadoowa,Madawalagama
Anuradhapura,Nachchadoowa,Nachchadoowa
Anuradhapura,Nachchadoowa,"Nachchadoowa New Town"
Anuradhapura,Nachchadoowa,Palayakulama
Anuradhapura,Nachchadoowa,Suhadagama
Anuradhapura,Nachchadoowa,Thuruvila
Anuradhapura,Nachchadoowa,Kaluarachchiyagama
Anuradhapura,Nachchadoowa,Pahalawewa
Anuradhapura,Nochchiyagama,Kukulkatuwa
Anuradhapura,Nochchiyagama,Ittikulama
Anuradhapura,Nochchiyagama,Ranorawa
Anuradhapura,Nochchiyagama,Mahalindawewa
Anuradhapura,Nochchiyagama,Bogahawewa
Anuradhapura,Nochchiyagama,Ambagahawewa
Anuradhapura,Nochchiyagama,Ehetuwagama
Anuradhapura,Nochchiyagama,Thalgaswewa
Anuradhapura,Nochchiyagama,Hunuvilagama
Anuradhapura,Nochchiyagama,Horuvila
Anuradhapura,Nochchiyagama,Lindawewa
Anuradhapura,Nochchiyagama,Kusumpura
Anuradhapura,Nochchiyagama,Mudithagama
Anuradhapura,Nochchiyagama,Ralapanawagama
Anuradhapura,Nochchiyagama,Adampane
Anuradhapura,Nochchiyagama,Andarawewa
Anuradhapura,Nochchiyagama,"Ralapanawa Colony"
Anuradhapura,Nochchiyagama,Nochchiyagama
Anuradhapura,Nochchiyagama,Dunudambuwewa
Anuradhapura,Nochchiyagama,Thimbiriwewa
Anuradhapura,Nochchiyagama,Katupathwewa
Anuradhapura,Nochchiyagama,"Pahala Maragahawewa"
Anuradhapura,Nochchiyagama,Nelawagama
Anuradhapura,Nochchiyagama,"Pahala Halmillewa"
Anuradhapura,Nochchiyagama,Halmillakulama
Anuradhapura,Nochchiyagama,Dunupothagama
Anuradhapura,Nochchiyagama,Dombawalagama
Anuradhapura,Nochchiyagama,Pahamunegama
Anuradhapura,Nochchiyagama,Navakkulama
Anuradhapura,Nochchiyagama,Galadivulwewa
Anuradhapura,Nochchiyagama,Jayagama
Anuradhapura,Nochchiyagama,Amunukole
Anuradhapura,Nochchiyagama,Mihiripura
Anuradhapura,Nochchiyagama,"Pahala Kedithokkuwa"
Anuradhapura,Nochchiyagama,Rankethgama
Anuradhapura,Nochchiyagama,Ottappuwa
Anuradhapura,Rajanganaya,"Track 13, 18"
Anuradhapura,Rajanganaya,"Track 16, 17"
Anuradhapura,Rajanganaya,Veheragala
Anuradhapura,Rajanganaya,"Yaya 12"
Anuradhapura,Rajanganaya,"Track 09 - 10"
Anuradhapura,Rajanganaya,"Track 11"
Anuradhapura,Rajanganaya,"Track 15"
Anuradhapura,Rajanganaya,Gemunupura
Anuradhapura,Rajanganaya,"Track 07"
Anuradhapura,Rajanganaya,Thumbullegama
Anuradhapura,Rajanganaya,Randenigama
Anuradhapura,Rajanganaya,"Track 04"
Anuradhapura,Rajanganaya,"Track 03"
Anuradhapura,Rajanganaya,Naigala
Anuradhapura,Rajanganaya,Thissapura
Anuradhapura,Rajanganaya,"Maha Thimbirikalla"
Anuradhapura,Rajanganaya,Angamuwa
Anuradhapura,Rajanganaya,"04 1/2 Kanuwa"
Anuradhapura,Rajanganaya,Sirimapura
Anuradhapura,Rajanganaya,Panthiyawa
Anuradhapura,Rajanganaya,Kalundegama
Anuradhapura,Thambuttegama,Kongollewa
Anuradhapura,Thambuttegama,Kelegama
Anuradhapura,Thambuttegama,Pahalagama
Anuradhapura,Thambuttegama,Solama
Anuradhapura,Thambuttegama,"Maha Bellankadawala"
Anuradhapura,Thambuttegama,Eriyagama
Anuradhapura,Thambuttegama,Delnegama
Anuradhapura,Thambuttegama,"Kuda Bellankadawala"
Anuradhapura,Thambuttegama,Konwewa
Anuradhapura,Thambuttegama,Jayasirigama
Anuradhapura,Thambuttegama,Lunuwewa
Anuradhapura,Thambuttegama,Veheragala
Anuradhapura,Thambuttegama,Thammennagama
Anuradhapura,Thambuttegama,Nallachchiya
Anuradhapura,Thambuttegama,Galviharawewa
Anuradhapura,Thambuttegama,Thelhiriyawa
Anuradhapura,Thambuttegama,Ikiriwewa
Anuradhapura,Thambuttegama,Musalpitiya
Anuradhapura,Thambuttegama,Thambuttegama
Anuradhapura,Thambuttegama,Thispanepura
Anuradhapura,Thambuttegama,"Makulewa "
Anuradhapura,Thambuttegama,Thammennawa
Anuradhapura,Thambuttegama,Mudungoda
Anuradhapura,Thambuttegama,Helambawewa
Anuradhapura,Thambuttegama,Hureegaswewa
Anuradhapura,Thambuttegama,Weliyawa
Anuradhapura,Thalawa,Daladapura
Anuradhapura,Thalawa,"Pahala Thalawa"
Anuradhapura,Thalawa,Moragoda
Anuradhapura,Thalawa,Kumbukgahawewa
Anuradhapura,Thalawa,"Nawa Hanguranketha"
Anuradhapura,Thalawa,Hirigollegama
Anuradhapura,Thalawa,Karagahawewa
Anuradhapura,Thalawa,"Ihala Thalawa"
Anuradhapura,Thalawa,Hinguruwewa
Anuradhapura,Thalawa,Korakahawewa
Anuradhapura,Thalawa,Kurunduwewa
Anuradhapura,Thalawa,Meegassegama
Anuradhapura,Thalawa,Kiralogama
Anuradhapura,Thalawa,Kadurugaswewa
Anuradhapura,Thalawa,Palugaswewa
Anuradhapura,Thalawa,Ketakale
Anuradhapura,Thalawa,Rajjallegama
Anuradhapura,Thalawa,Eliyadivulwewa
Anuradhapura,Thalawa,"Ihala Siyambalewa"
Anuradhapura,Thalawa,Eppawala
Anuradhapura,Thalawa,Mawathawewa
Anuradhapura,Thalawa,Nallamudawa
Anuradhapura,Thalawa,Medagama
Anuradhapura,Thalawa,Kiriamunukole
Anuradhapura,Thalawa,Kadigawa
Anuradhapura,Thalawa,Mediyawa
Anuradhapura,Thalawa,"Katiyawa Track 02"
Anuradhapura,Thalawa,Galwaduwagama
Anuradhapura,Thalawa,"Ihala Halmillewa"
Anuradhapura,Thalawa,Adhiranigama
Anuradhapura,Thalawa,"Katiyawa Track 10"
Anuradhapura,Thalawa,"Katiyawa Track 09"
Anuradhapura,Thalawa,"Katiyawa Track 01"
Anuradhapura,Thalawa,Endagala
Anuradhapura,Thalawa,Kelesiyambalewa
Anuradhapura,Thalawa,Galmaduwa
Anuradhapura,Thalawa,Ihalagama
Anuradhapura,Thalawa,Keledivulwewa
Anuradhapura,Thalawa,"Katiyawa Track 06"
Anuradhapura,Thirappane,Karuwalagaswewa
Anuradhapura,Thirappane,Galkulama
Anuradhapura,Thirappane,Gnanikkulama
Anuradhapura,Thirappane,Perimiyankulama
Anuradhapura,Thirappane,Wannamkulama
Anuradhapura,Thirappane,Uttimaduwa
Anuradhapura,Thirappane,Dematawewa
Anuradhapura,Thirappane,Pairimaduwa
Anuradhapura,Thirappane,Kuttikulama
Anuradhapura,Thirappane,Puliyankulama
Anuradhapura,Thirappane,Mawathawewa
Anuradhapura,Thirappane,Periyakulama
Anuradhapura,Thirappane,"Ethungama South"
Anuradhapura,Thirappane,Meewellewa
Anuradhapura,Thirappane,"Ethungama North"
Anuradhapura,Thirappane,"Aluth Punchikulama"
Anuradhapura,Thirappane,Wannammaduwa
Anuradhapura,Thirappane,"Thirappane Kadaweediya"
Anuradhapura,Thirappane,Thirappanegama
Anuradhapura,Thirappane,Sembukulama
Anuradhapura,Thirappane,Wellamudawa
Anuradhapura,Thirappane,Selesthimaduwa
Anuradhapura,Thirappane,Idigahawewa
Anuradhapura,Thirappane,Paindikulama
Anuradhapura,Thirappane,Walagambahuwa
Anuradhapura,Thirappane,Mahakanumulla
Anuradhapura,Thirappane,Alisthana
Anuradhapura,Thirappane,Dayagama
Anuradhapura,Thirappane,"Wanamal Uyana"
Anuradhapura,Thirappane,Manakkulama
Anuradhapura,Thirappane,"Pethis Rambewa"
Anuradhapura,Thirappane,Kattamurichchana
Anuradhapura,Thirappane,Kandupagama
Anuradhapura,Thirappane,Labunoruwa
Anuradhapura,Thirappane,"Pahala Ambathale"
Anuradhapura,Thirappane,"Ihala Ambathale"
Anuradhapura,Thirappane,Alagollewa
Anuradhapura,Thirappane,Muriyakadawala
Anuradhapura,Thirappane,Amunichchiya
Anuradhapura,Thirappane,Sandapagama
Anuradhapura,Thirappane,Uttupitiya
Anuradhapura,Kekirawa,Navakkulama
Anuradhapura,Kekirawa,Moragoda
Anuradhapura,Kekirawa,Mahadivulwewa
Anuradhapura,Kekirawa,Keeriyagaswewa
Anuradhapura,Kekirawa,"Ihala Puliyankulama"
Anuradhapura,Kekirawa,Kelepuliyankulama
Anuradhapura,Kekirawa,Maradankadawala
Anuradhapura,Kekirawa,Thoruwewa
Anuradhapura,Kekirawa,Maminiyawa
Anuradhapura,Kekirawa,"Maminiya Rambewa"
Anuradhapura,Kekirawa,Ganewalpola
Anuradhapura,Kekirawa,Heenukkiriyawa
Anuradhapura,Kekirawa,Ebulgaswewa
Anuradhapura,Kekirawa,Olukarada
Anuradhapura,Kekirawa,Kollankuttigama
Anuradhapura,Kekirawa,Mudaperumagama
Anuradhapura,Kekirawa,Ihalagama
Anuradhapura,Kekirawa,Shasthrawelliya
Anuradhapura,Kekirawa,"Railway Town"
Anuradhapura,Kekirawa,"Maradakadawala Road"
Anuradhapura,Kekirawa,Maldenipura
Anuradhapura,Kekirawa,Mankadawala
Anuradhapura,Kekirawa,Medawewa
Anuradhapura,Kekirawa,Pothanegama
Anuradhapura,Kekirawa,"Kuda Kekirawa"
Anuradhapura,Kekirawa,"Kekirawa Town"
Anuradhapura,Kekirawa,Malawa
Anuradhapura,Kekirawa,Neekiniyawa
Anuradhapura,Kekirawa,Mailagaswewa
Anuradhapura,Kekirawa,Karukkankulama
Anuradhapura,Kekirawa,Olombewa
Anuradhapura,Kekirawa,"Maha Kekirawa"
Anuradhapura,Kekirawa,Kumbukwewa
Anuradhapura,Kekirawa,Rathmallewa
Anuradhapura,Kekirawa,Medagama
Anuradhapura,Kekirawa,Korasagalla
Anuradhapura,Kekirawa,"Unagollewa "
Anuradhapura,Kekirawa,Horapola
Anuradhapura,Kekirawa,Dambewatana
Anuradhapura,Kekirawa,Uduruwa
Anuradhapura,Kekirawa,Nidigama
Anuradhapura,Kekirawa,"Maha Elagamuwa"
Anuradhapura,Kekirawa,Pallehingura
Anuradhapura,Kekirawa,Nelbegama
Anuradhapura,Kekirawa,Murungahitikanda
Anuradhapura,Kekirawa,Baravila
Anuradhapura,Kekirawa,Bandarapothana
Anuradhapura,Kekirawa,Kotagala
Anuradhapura,Kekirawa,Madatugama
Anuradhapura,Kekirawa,Dunumadalawa
Anuradhapura,Kekirawa,"Kandalama West"
Anuradhapura,Kekirawa,Kithulhitiyawa
Anuradhapura,Kekirawa,"Kandalama East"
Anuradhapura,Palugaswewa,Maithrigama
Anuradhapura,Palugaswewa,"Maha Rambawewa"
Anuradhapura,Palugaswewa,Madawala
Anuradhapura,Palugaswewa,Eppawala
Anuradhapura,Palugaswewa,Galapitagala
Anuradhapura,Palugaswewa,Kumbukwewa
Anuradhapura,Palugaswewa,Senadhiriyagama
Anuradhapura,Palugaswewa,Horivila
Anuradhapura,Palugaswewa,Palugaswewa
Anuradhapura,Palugaswewa,"Kuda Rambawewa"
Anuradhapura,Palugaswewa,Habarana
Anuradhapura,Palugaswewa,Demuththewa
Anuradhapura,Palugaswewa,Kelewa
Anuradhapura,Palugaswewa,Wayaulpatha
Anuradhapura,Palugaswewa,Hiriwadunna
Anuradhapura,Palugaswewa,Kashyapagama
Anuradhapura,Ipalogama,Dikwewa-Senapura
Anuradhapura,Ipalogama,"Galagedara Gama"
Anuradhapura,Ipalogama,"Senapura Gama"
Anuradhapura,Ipalogama,Mahailuppallama
Anuradhapura,Ipalogama,Gonapathirawa
Anuradhapura,Ipalogama,Sangattewa
Anuradhapura,Ipalogama,Kadiyangalla
Anuradhapura,Ipalogama,Ipalogama
Anuradhapura,Ipalogama,Manewa
Anuradhapura,Ipalogama,"Heenukwe Gama"
Anuradhapura,Ipalogama,"Dampelessa Gama"
Anuradhapura,Ipalogama,"Ihala Kagama"
Anuradhapura,Ipalogama,Kunchikulama
Anuradhapura,Ipalogama,"Hiripitiya Gama"
Anuradhapura,Ipalogama,Aswedduma
Anuradhapura,Ipalogama,"Ganthiriya Gama"
Anuradhapura,Ipalogama,Galwanguwa
Anuradhapura,Ipalogama,Wedinigama
Anuradhapura,Ipalogama,"Narangalle Gama"
Anuradhapura,Ipalogama,"Kallanchiya Gama"
Anuradhapura,Ipalogama,"Aluth Dambewatana"
Anuradhapura,Ipalogama,"Kagama 5 Ela"
Anuradhapura,Ipalogama,"2 Ela Kagama"
Anuradhapura,Ipalogama,"Akkara 500"
Anuradhapura,Ipalogama,Amunuwetiya
Anuradhapura,Ipalogama,Puliyankulama
Anuradhapura,Ipalogama,Vijithapura
Anuradhapura,Ipalogama,Amanakkattuwa
Anuradhapura,Ipalogama,Kalawewa
Anuradhapura,Ipalogama,"Kusalana Gama"
Anuradhapura,Ipalogama,"Palugaswewa Farm"
Anuradhapura,Ipalogama,Walawwegama
Anuradhapura,Galnewa,Namalgamuwa
Anuradhapura,Galnewa,Obadayagama
Anuradhapura,Galnewa,Otunupelandigama
Anuradhapura,Galnewa,Karuwalagaswewa
Anuradhapura,Galnewa,"Usgala Halmillawewa"
Anuradhapura,Galnewa,"Helabodu Gama"
Anuradhapura,Galnewa,Kattaragama
Anuradhapura,Galnewa,Bulnewa
Anuradhapura,Galnewa,"Thorane Gama"
Anuradhapura,Galnewa,Midellewa
Anuradhapura,Galnewa,"Ihala Kalankuttiya"
Anuradhapura,Galnewa,"Pahala Kalankuttiya"
Anuradhapura,Galnewa,Siyambalewa
Anuradhapura,Galnewa,Lolugaswewa
Anuradhapura,Galnewa,"Pitiye Yaya"
Anuradhapura,Galnewa,"Galnewa Gama"
Anuradhapura,Galnewa,"Galnewa Town"
Anuradhapura,Galnewa,Malbaligala
Anuradhapura,Galnewa,Hadungama
Anuradhapura,Galnewa,Musnawa
Anuradhapura,Galnewa,"Kala Medawachchiya"
Anuradhapura,Galnewa,Kumbukwewa
Anuradhapura,Galnewa,Kallanchiya
Anuradhapura,Galnewa,Negama
Anuradhapura,Galnewa,Verunkulama
Anuradhapura,Galnewa,Walaswewa
Anuradhapura,Galnewa,"Kande Gama"
Anuradhapura,Galnewa,"Kandule Gama"
Anuradhapura,Galnewa,Kandulugamuwa
Anuradhapura,Galnewa,"Siyambalangamuwa South"
Anuradhapura,Palagala,Nelliyagama
Anuradhapura,Palagala,"Balaluwewa 2"
Anuradhapura,Palagala,Balaluwewa
Anuradhapura,Palagala,Pahalagama
Anuradhapura,Palagala,Karavilagala
Anuradhapura,Palagala,"Gam Sabha Halmilla Wewa"
Anuradhapura,Palagala,Gonadeniyagama
Anuradhapura,Palagala,Meewewa
Anuradhapura,Palagala,Ambagaswewa
Anuradhapura,Palagala,Wambatuwewa
Anuradhapura,Palagala,Hinguruwewa
Anuradhapura,Palagala,Kirindiwatta
Anuradhapura,Palagala,"Aluth Galkiriyagama"
Anuradhapura,Palagala,Daniyagama
Anuradhapura,Palagala,"Undurawa Halmilla Wewa"
Anuradhapura,Palagala,Katukeliyawa
Anuradhapura,Palagala,"Aluth Kadadugama"
Anuradhapura,Palagala,Ranawa
Anuradhapura,Palagala,Hinguruwelpitiya
Anuradhapura,Palagala,Anakatawewa
Anuradhapura,Palagala,Giranegama
Anuradhapura,Palagala,"Dambulu Halmilla Wewa"
Anuradhapura,Palagala,Narangaswewa
Anuradhapura,Palagala,Ulpathagama
Anuradhapura,Palagala,Ellawewa
Anuradhapura,Palagala,Andiyagala
Anuradhapura,Palagala,Maneruwa
Anuradhapura,Palagala,Ipulwehera
Anuradhapura,Palagala,Gambirigaswewa
Anuradhapura,Palagala,Parawahagama
Anuradhapura,Palagala,Kalugala
Anuradhapura,Palagala,Pelbendiyawa
Anuradhapura,Palagala,"Morotte Gama"
Anuradhapura,Palagala,"Dembatagolla Gama"
Anuradhapura,Palagala,Budugehinna
Polonnaruwa,Hingurakgoda,Sinhagama
Polonnaruwa,Hingurakgoda,Galoya
Polonnaruwa,Hingurakgoda,Rotawewa
Polonnaruwa,Hingurakgoda,Rathmale
Polonnaruwa,Hingurakgoda,Paluwaddana
Polonnaruwa,Hingurakgoda,"Yodha Ela"
Polonnaruwa,Hingurakgoda,Yatiyalpathana
Polonnaruwa,Hingurakgoda,Rankothgama
Polonnaruwa,Hingurakgoda,Siriketha
Polonnaruwa,Hingurakgoda,Kumaragama
Polonnaruwa,Hingurakgoda,Samapura
Polonnaruwa,Hingurakgoda,Kimbulawala
Polonnaruwa,Hingurakgoda,Ulpathwewa
Polonnaruwa,Hingurakgoda,Minihirigama
Polonnaruwa,Hingurakgoda,Moragaswewa
Polonnaruwa,Hingurakgoda,Mahasengama
Polonnaruwa,Hingurakgoda,Bathgampaththuwa
Polonnaruwa,Hingurakgoda,Samagipura
Polonnaruwa,Hingurakgoda,Minneriya
Polonnaruwa,Hingurakgoda,Pasiyawewa
Polonnaruwa,Hingurakgoda,"Akkara 70"
Polonnaruwa,Hingurakgoda,"R.B. 01"
Polonnaruwa,Hingurakgoda,Pulathisigama
Polonnaruwa,Hingurakgoda,Ulkatupotha
Polonnaruwa,Hingurakgoda,Bopura
Polonnaruwa,Hingurakgoda,Jayapura
Polonnaruwa,Hingurakgoda,"Hinguraka Bandaragama"
Polonnaruwa,Hingurakgoda,Hinguraka
Polonnaruwa,Hingurakgoda,Hathamuna
Polonnaruwa,Hingurakgoda,Hingurakgoda
Polonnaruwa,Hingurakgoda,Bubula
Polonnaruwa,Hingurakgoda,"Raja Ela"
Polonnaruwa,Hingurakgoda,"Raja Ela Gama"
Polonnaruwa,Hingurakgoda,Muwanpelessa
Polonnaruwa,Hingurakgoda,C.P.Pura
Polonnaruwa,Hingurakgoda,Girithale
Polonnaruwa,Hingurakgoda,"Girithale Puranagama"
Polonnaruwa,Hingurakgoda,"Girithale Colony"
Polonnaruwa,Hingurakgoda,Henkolawela
Polonnaruwa,Hingurakgoda,Jayanthipura
Polonnaruwa,Hingurakgoda,"Unagalavehera West"
Polonnaruwa,Hingurakgoda,"Unagalavehera East"
Polonnaruwa,Hingurakgoda,"Chandana Pokuna"
Polonnaruwa,Hingurakgoda,Nagapokuna
Polonnaruwa,Hingurakgoda,"Track 12 Pedesa"
Polonnaruwa,Hingurakgoda,Chethiyagirigama
Polonnaruwa,Hingurakgoda,Weeragama
Polonnaruwa,Hingurakgoda,"Track 05 Pedesa"
Polonnaruwa,Hingurakgoda,"Wijayaraja Wewa"
Polonnaruwa,Hingurakgoda,Agbopura
Polonnaruwa,Hingurakgoda,Katukeliyawa
Polonnaruwa,Hingurakgoda,"Sudukanda - Nikawewa"
Polonnaruwa,Hingurakgoda,Thambalawewa
Polonnaruwa,Medirigiriya,Wedikachchiya
Polonnaruwa,Medirigiriya,Jayathugama
Polonnaruwa,Medirigiriya,Ekamuthugama
Polonnaruwa,Medirigiriya,Meegaswewa
Polonnaruwa,Medirigiriya,Palliyagodella
Polonnaruwa,Medirigiriya,Wadigawewa
Polonnaruwa,Medirigiriya,Senarathpura
Polonnaruwa,Medirigiriya,Etambaoya
Polonnaruwa,Medirigiriya,"Kavuduluwewa (Ralapanawa"
Polonnaruwa,Medirigiriya,Meniksorowwa
Polonnaruwa,Medirigiriya,Bisobandara
Polonnaruwa,Medirigiriya,Thissapura
Polonnaruwa,Medirigiriya,Abhayapuragama
Polonnaruwa,Medirigiriya,"New Town"
Polonnaruwa,Medirigiriya,Diggalpura
Polonnaruwa,Medirigiriya,Wedehapura
Polonnaruwa,Medirigiriya,"Bisobandara Gama"
Polonnaruwa,Medirigiriya,Ambagaswewa
Polonnaruwa,Medirigiriya,Jayagampura
Polonnaruwa,Medirigiriya,Nagarapura
Polonnaruwa,Medirigiriya,Kumudupura
Polonnaruwa,Medirigiriya,Damsopura
Polonnaruwa,Medirigiriya,Aluthwewa
Polonnaruwa,Medirigiriya,Thalakolawewa
Polonnaruwa,Medirigiriya,Ihalagama
Polonnaruwa,Medirigiriya,Wijayapura
Polonnaruwa,Medirigiriya,Bisouyana
Polonnaruwa,Medirigiriya,Diyasenpura
Polonnaruwa,Medirigiriya,Gajabapura
Polonnaruwa,Medirigiriya,Kavudulugama
Polonnaruwa,Medirigiriya,Mandalagiriya
Polonnaruwa,Medirigiriya,Medirigiriya
Polonnaruwa,Medirigiriya,Viharagama
Polonnaruwa,Medirigiriya,Divulankadawala
Polonnaruwa,Medirigiriya,Nelumpokuna
Polonnaruwa,Medirigiriya,"Thissa Amuna"
Polonnaruwa,Medirigiriya,Kusumpokuna
Polonnaruwa,Medirigiriya,Wijayarajapura
Polonnaruwa,Medirigiriya,Perakumpura
Polonnaruwa,Medirigiriya,Kahambiliyawa
Polonnaruwa,Medirigiriya,Akbarpura
Polonnaruwa,Medirigiriya,Sansungama
Polonnaruwa,Medirigiriya,Veheragala
Polonnaruwa,Medirigiriya,Mahasenpura
Polonnaruwa,Medirigiriya,Yudhaganawa
Polonnaruwa,Lankapura,"Weli Ela"
Polonnaruwa,Lankapura,"Maha Kirimetiya"
Polonnaruwa,Lankapura,Buddhayaya
Polonnaruwa,Lankapura,Sungavila
Polonnaruwa,Lankapura,Jayabima
Polonnaruwa,Lankapura,Jayapura
Polonnaruwa,Lankapura,Nelumpura
Polonnaruwa,Lankapura,Patunugama
Polonnaruwa,Lankapura,Munisirigama
Polonnaruwa,Lankapura,Pansalgodella
Polonnaruwa,Lankapura,Galamuna
Polonnaruwa,Lankapura,Hingurakdamana
Polonnaruwa,Lankapura,Gemunupura
Polonnaruwa,Lankapura,Senanayakapura
Polonnaruwa,Lankapura,Debarella
Polonnaruwa,Lankapura,Somapura
Polonnaruwa,Lankapura,Abhayapura
Polonnaruwa,Lankapura,Sanghabodhigama
Polonnaruwa,Lankapura,Pulasthigama
Polonnaruwa,Lankapura,Kegalugama
Polonnaruwa,Lankapura,Thalpotha
Polonnaruwa,Lankapura,"Bauddhartha Gama"
Polonnaruwa,Lankapura,Lankapura
Polonnaruwa,Lankapura,Rifaipura
Polonnaruwa,Lankapura,Alhilalpura
Polonnaruwa,Lankapura,Thambala
Polonnaruwa,Lankapura,"Onegama Muslimgama"
Polonnaruwa,Lankapura,Weerapura
Polonnaruwa,Welikanda,Sinhapura
Polonnaruwa,Welikanda,Kandakaduwa
Polonnaruwa,Welikanda,"Katuwanvila West"
Polonnaruwa,Welikanda,"Katuwanvila East"
Polonnaruwa,Welikanda,Kudapokuna
Polonnaruwa,Welikanda,Muthuwella
Polonnaruwa,Welikanda,Mahindagama
Polonnaruwa,Welikanda,Mangulpokuna
Polonnaruwa,Welikanda,Ruhunuketha
Polonnaruwa,Welikanda,Malvila
Polonnaruwa,Welikanda,Senapura
Polonnaruwa,Welikanda,Muthugala
Polonnaruwa,Welikanda,Alinchipothana
Polonnaruwa,Welikanda,Madurangala
Polonnaruwa,Welikanda,Malinda
Polonnaruwa,Welikanda,Sandunpitiya
Polonnaruwa,Welikanda,Susirigama
Polonnaruwa,Welikanda,Monarathenna
Polonnaruwa,Welikanda,Welikanda
Polonnaruwa,Welikanda,Kadawathmaduwa
Polonnaruwa,Welikanda,Bo-Atta
Polonnaruwa,Welikanda,Sevanapitiya
Polonnaruwa,Welikanda,Mahawewa
Polonnaruwa,Welikanda,Karapola
Polonnaruwa,Welikanda,Ginidamana
Polonnaruwa,Welikanda,Borawewa
Polonnaruwa,Welikanda,Nelumwewa
Polonnaruwa,Welikanda,Rideepokuna
Polonnaruwa,Welikanda,Aluthwewa
Polonnaruwa,Welkanda,Menikwela
Polonnaruwa,Dimbulagala,Manampitiya
Polonnaruwa,Dimbulagala,"Manampitiya East"
Polonnaruwa,Dimbulagala,Dalukana
Polonnaruwa,Dimbulagala,Kudawewa
Polonnaruwa,Dimbulagala,Medagama
Polonnaruwa,Dimbulagala,Jayapura
Polonnaruwa,Dimbulagala,Wijayabapura
Polonnaruwa,Dimbulagala,Veheragama
Polonnaruwa,Dimbulagala,Millana
Polonnaruwa,Dimbulagala,Dimbulagala
Polonnaruwa,Dimbulagala,Yakkure
Polonnaruwa,Dimbulagala,Damanewewa
Polonnaruwa,Dimbulagala,Pihitiwewa
Polonnaruwa,Dimbulagala,"Pahala Yakkure"
Polonnaruwa,Dimbulagala,Maguldamana
Polonnaruwa,Dimbulagala,Pelatiyawa
Polonnaruwa,Dimbulagala,Mahaulpatha
Polonnaruwa,Dimbulagala,Bogaswewa
Polonnaruwa,Dimbulagala,Rathmalthenna
Polonnaruwa,Dimbulagala,"Track 05 Aralaganvila"
Polonnaruwa,Dimbulagala,Gomathiyaya
Polonnaruwa,Dimbulagala,Arunapura
Polonnaruwa,Dimbulagala,Aralaganvila
Polonnaruwa,Dimbulagala,"Aralaganvila West"
Polonnaruwa,Dimbulagala,Weerana
Polonnaruwa,Dimbulagala,Bimpokuna
Polonnaruwa,Dimbulagala,"Pahala Ellewewa"
Polonnaruwa,Dimbulagala,Kalukele
Polonnaruwa,Dimbulagala,"Navagaha Ela"
Polonnaruwa,Dimbulagala,Nuwaragala
Polonnaruwa,Dimbulagala,Bandanagala
Polonnaruwa,Dimbulagala,Ellewewa
Polonnaruwa,Dimbulagala,"Ihala Ellewewa"
Polonnaruwa,Dimbulagala,Mahadamana
Polonnaruwa,Dimbulagala,"Pimburattewa West"
Polonnaruwa,Dimbulagala,Divuldamana
Polonnaruwa,Dimbulagala,Nidanwala
Polonnaruwa,Dimbulagala,Ihalawewa
Polonnaruwa,Dimbulagala,"Pimburattewa East"
Polonnaruwa,Dimbulagala,Aluthoya
Polonnaruwa,Dimbulagala,Veheragala
Polonnaruwa,Dimbulagala,Warapitiya
Polonnaruwa,Dimbulagala,"Gal Eliya"
Polonnaruwa,Dimbulagala,Weeralanda
Polonnaruwa,Dimbulagala,Sandagalathenna
Polonnaruwa,Dimbulagala,Ulpathwewa
Polonnaruwa,Dimbulagala,Alawakumbura
Polonnaruwa,Dimbulagala,Kandegama
Polonnaruwa,Dimbulagala,Kanichchagala
Polonnaruwa,Dimbulagala,Kekulawela
Polonnaruwa,Dimbulagala,Maldeniya
Polonnaruwa,Dimbulagala,Mewathpura
Polonnaruwa,Dimbulagala,Rankethgama
Polonnaruwa,Dimbulagala,Mudungama
Polonnaruwa,Dimbulagala,Siripura
Polonnaruwa,Dimbulagala,Selasumgama
Polonnaruwa,Thamankaduwa,"Shanthi Pura"
Polonnaruwa,Thamankaduwa,"Singha Pura"
Polonnaruwa,Thamankaduwa,"Wijayabahu Pura"
Polonnaruwa,Thamankaduwa,"Unagalavehera South"
Polonnaruwa,Thamankaduwa,"Laksha Uyana"
Polonnaruwa,Thamankaduwa,Sevagama
Polonnaruwa,Thamankaduwa,Wewethenna
Polonnaruwa,Thamankaduwa,Monarathenna
Polonnaruwa,Thamankaduwa,"Damana Gemunupura"
Polonnaruwa,Thamankaduwa,"Kalinga Ela"
Polonnaruwa,Thamankaduwa,Onegama
Polonnaruwa,Thamankaduwa,Sinharajapura
Polonnaruwa,Thamankaduwa,Pudur
Polonnaruwa,Thamankaduwa,Medamaluwa
Polonnaruwa,Thamankaduwa,"Wijayaraja Pura"
Polonnaruwa,Thamankaduwa,"Palugasdamana O3 Ela"
Polonnaruwa,Thamankaduwa,"Palugasdamana O2 Ela"
Polonnaruwa,Thamankaduwa,"Palugasdamana O1 Ela"
Polonnaruwa,Thamankaduwa,"Palugasdamana South"
Polonnaruwa,Thamankaduwa,"Palugasdamana North"
Polonnaruwa,Thamankaduwa,Nishshankamallapura
Polonnaruwa,Thamankaduwa,Ethumalpitiya
Polonnaruwa,Thamankaduwa,Nikawewa
Polonnaruwa,Thamankaduwa,"Kadawala Wewa"
Polonnaruwa,Thamankaduwa,Samudragama
Polonnaruwa,Thamankaduwa,"Sirisangabo Pedesa"
Polonnaruwa,Thamankaduwa,Bendiwewa
Polonnaruwa,Thamankaduwa,Galthambarawa
Polonnaruwa,Thamankaduwa,"Kuruppu Junction"
Polonnaruwa,Thamankaduwa,"Mahasen Pedesa"
Polonnaruwa,Thamankaduwa,"Kaduruwela West"
Polonnaruwa,Thamankaduwa,"Kaduruwela East"
Polonnaruwa,Thamankaduwa,Divulana
Polonnaruwa,Thamankaduwa,Gallella
Polonnaruwa,Thamankaduwa,Manikkampattiya
Polonnaruwa,Thamankaduwa,"Gallella West"
Polonnaruwa,Thamankaduwa,Nelumvila
Polonnaruwa,Thamankaduwa,"Kaduruwela South"
Polonnaruwa,Thamankaduwa,"Perakum Pedesa"
Polonnaruwa,Thamankaduwa,"Weera Pedesa"
Polonnaruwa,Thamankaduwa,"Pulathisi Pedesa"
Polonnaruwa,Thamankaduwa,"Pollonnaruwa Town"
Polonnaruwa,Thamankaduwa,Thopawewa
Polonnaruwa,Thamankaduwa,"Sinha Udagama"
Polonnaruwa,Thamankaduwa,"Pothgul Pedesa"
Polonnaruwa,Thamankaduwa,Udawela
Polonnaruwa,Thamankaduwa,Ganangolla
Polonnaruwa,Thamankaduwa,"Nishshankamalla Pedesa"
Polonnaruwa,Thamankaduwa,"Mahaweli Pedesa"
Polonnaruwa,Thamankaduwa,Kotaleeya
Polonnaruwa,Thamankaduwa,"Aluth Wewa East"
Polonnaruwa,Thamankaduwa,"Aluth Wewa West"
Polonnaruwa,Thamankaduwa,"Parackrama Samudraya"
Polonnaruwa,Thamankaduwa,Ambanganga
Polonnaruwa,Thamankaduwa,Kalahagala
Polonnaruwa,Elahera,Ihakuluwewa
Polonnaruwa,Elahera,Katukeliyawa
Polonnaruwa,Elahera,Diyabeduma
Polonnaruwa,Elahera,Konduruwawa
Polonnaruwa,Elahera,"Attanakadawala West"
Polonnaruwa,Elahera,Radavigeoya
Polonnaruwa,Elahera,Madudamana
Polonnaruwa,Elahera,"Attanakadawala North"
Polonnaruwa,Elahera,"Attanakadawala South"
Polonnaruwa,Elahera,Ikiriwewa
Polonnaruwa,Elahera,Kahatagahapitiya
Polonnaruwa,Elahera,Nikapitiya
Polonnaruwa,Elahera,Sarubima
Polonnaruwa,Elahera,Segala
Polonnaruwa,Elahera,"Kottapitiya South"
Polonnaruwa,Elahera,Somils
Polonnaruwa,Elahera,Gangeyaya
Polonnaruwa,Elahera,"Kottapitiya North"
Polonnaruwa,Elahera,Damanayaya
Polonnaruwa,Elahera,Elahera
Polonnaruwa,Elahera,Heeratiya
Polonnaruwa,Elahera,Bakamoona
Polonnaruwa,Elahera,Sirikanduruyaya
Polonnaruwa,Elahera,Atharagallewa
Polonnaruwa,Elahera,Maluweyaya
Polonnaruwa,Elahera,"Orubendi Siyambalawa"
Polonnaruwa,Elahera,"Kumara Ella"
Polonnaruwa,Elahera,Kirioya
Badulla,Mahiyanganaya,Rotalawela
Badulla,Mahiyanganaya,Divulapelessa
Badulla,Mahiyanganaya,Aluyatawela
Badulla,Mahiyanganaya,Theldeniyaya
Badulla,Mahiyanganaya,Hebarawa
Badulla,Mahiyanganaya,Ginnoruwa
Badulla,Mahiyanganaya,Belaganwewa
Badulla,Mahiyanganaya,Ulhitiya
Badulla,Mahiyanganaya,"Pahala Rathkinda"
Badulla,Mahiyanganaya,Hobariyawa
Badulla,Mahiyanganaya,Millattawa
Badulla,Mahiyanganaya,Viranegama
Badulla,Mahiyanganaya,Aluttarama
Badulla,Mahiyanganaya,Girandurukotte
Badulla,Mahiyanganaya,Bathalayaya
Badulla,Mahiyanganaya,Haddattawa
Badulla,Mahiyanganaya,Meegahahena
Badulla,Mahiyanganaya,Galporuyaya
Badulla,Mahiyanganaya,Beligalla
Badulla,Mahiyanganaya,Dambana
Badulla,Mahiyanganaya,Kukulapola
Badulla,Mahiyanganaya,Wewatta
Badulla,Mahiyanganaya,Thalangamuwa
Badulla,Mahiyanganaya,Sorabora
Badulla,Mahiyanganaya,Wewgampaha
Badulla,Mahiyanganaya,Dehigolla
Badulla,Mahiyanganaya,Elewela
Badulla,Mahiyanganaya,"Mahiyanganaya Town"
Badulla,Mahiyanganaya,Poojanagaraya
Badulla,Mahiyanganaya,Dambarawa
Badulla,Mahiyanganaya,Senanigama
Badulla,Mahiyanganaya,Mapakadawewa
Badulla,Mahiyanganaya,Pangaragammana
Badulla,Mahiyanganaya,Dambagolla
Badulla,Mahiyanganaya,Medayaya
Badulla,Rideemaliyadda,Orubendiwewa
Badulla,Rideemaliyadda,Sangabopura
Badulla,Rideemaliyadda,Welampele
Badulla,Rideemaliyadda,"Keselpotha North"
Badulla,Rideemaliyadda,Ikiriyagoda
Badulla,Rideemaliyadda,Kandubedda
Badulla,Rideemaliyadda,Aralupitiya
Badulla,Rideemaliyadda,Ekiriyankumbura
Badulla,Rideemaliyadda,Dehigama
Badulla,Rideemaliyadda,Morana
Badulla,Rideemaliyadda,Kudalunuka
Badulla,Rideemaliyadda,Aluketiyawa
Badulla,Rideemaliyadda,"Keselpotha South"
Badulla,Rideemaliyadda,Serana
Badulla,Rideemaliyadda,Arawatta
Badulla,Rideemaliyadda,"Uva Gemunupura"
Badulla,Rideemaliyadda,Senevigama
Badulla,Rideemaliyadda,"Uva Thissapura"
Badulla,Rideemaliyadda,"Gamakumbura North"
Badulla,Rideemaliyadda,Kuralewala
Badulla,Rideemaliyadda,Nagadeepa
Badulla,Rideemaliyadda,Mahalunuka
Badulla,Rideemaliyadda,Pethiyagoda
Badulla,Rideemaliyadda,"Rideemaliyadda South"
Badulla,Rideemaliyadda,"Rideemaliyadda North"
Badulla,Rideemaliyadda,Uraniya
Badulla,Rideemaliyadda,Kotathalawa
Badulla,Rideemaliyadda,Andaulpatha
Badulla,Rideemaliyadda,"Gamakumbura South"
Badulla,Rideemaliyadda,Abhayapura
Badulla,Rideemaliyadda,Dikkendayaya
Badulla,Rideemaliyadda,Pahalaoyagama
Badulla,Rideemaliyadda,Bubula
Badulla,Rideemaliyadda,Ritigahaarawa
Badulla,Rideemaliyadda,Kandegama
Badulla,Rideemaliyadda,Mahagama
Badulla,Rideemaliyadda,Kuruvithenna
Badulla,Rideemaliyadda,Deekirigolla
Badulla,Rideemaliyadda,Pinnagolla
Badulla,Rideemaliyadda,Arawa
Badulla,Rideemaliyadda,Dikyaya
Badulla,Rideemaliyadda,Diyakombala
Badulla,Meegahakivula,Karametiya
Badulla,Meegahakivula,Balagolla
Badulla,Meegahakivula,Aggalaulpatha
Badulla,Meegahakivula,Karandagahamada
Badulla,Meegahakivula,"Polgaha Arawa"
Badulla,Meegahakivula,Polwatta
Badulla,Meegahakivula,Watagommana
Badulla,Meegahakivula,Roberiya
Badulla,Meegahakivula,Pitamaruwa
Badulla,Meegahakivula,"Wewathenna "
Badulla,Meegahakivula,Ellanda
Badulla,Meegahakivula,Kalugahakandura
Badulla,Meegahakivula,Komarika
Badulla,Meegahakivula,Akurukaduwa
Badulla,Meegahakivula,Meegahakivula
Badulla,Meegahakivula,Thaldena
Badulla,Meegahakivula,Kohana
Badulla,Meegahakivula,Ketawatta
Badulla,Meegahakivula,Morahela
Badulla,Meegahakivula,Hunuketapitiya
Badulla,Kandeketiya,Mahakele
Badulla,Kandeketiya,"Baduluoya West"
Badulla,Kandeketiya,"Kandakepoo ulpatha"
Badulla,Kandeketiya,Hevandana
Badulla,Kandeketiya,Mahathenna
Badulla,Kandeketiya,"Baduluoya East"
Badulla,Kandeketiya,Kandaketiya
Badulla,Kandeketiya,Welaoya
Badulla,Kandeketiya,Kivulegedara
Badulla,Kandeketiya,Kirivehera
Badulla,Kandeketiya,Wewathenna
Badulla,Kandeketiya,Maliyadda
Badulla,Kandeketiya,"Pallewela "
Badulla,Kandeketiya,Mudagamuwa
Badulla,Kandeketiya,Dikkumbura
Badulla,Kandeketiya,Hapathgamuwa
Badulla,Kandeketiya,Bopitiya
Badulla,Kandeketiya,Bogahakumbura
Badulla,Kandeketiya,Beramada
Badulla,Kandeketiya,Godunna
Badulla,Kandeketiya,Wasanagama
Badulla,Kandeketiya,Thetilla
Badulla,Kandeketiya,Thalakumbura
Badulla,Kandeketiya,Galauda
Badulla,Kandeketiya,Bokanoruwa
Badulla,Kandeketiya,Narangala
Badulla,Soranathota,Idamepanguwa
Badulla,Soranathota,Budugekanda
Badulla,Soranathota,Pallekanda
Badulla,Soranathota,Boliyadda
Badulla,Soranathota,Pathanegedara
Badulla,Soranathota,Egodawela
Badulla,Soranathota,Wattekele
Badulla,Soranathota,Pussellawa
Badulla,Soranathota,Pussellakanda
Badulla,Soranathota,Moragolla
Badulla,Soranathota,Dikpitiya
Badulla,Soranathota,"Ledger Watta"
Badulla,Soranathota,Idamegama
Badulla,Soranathota,Soranathota
Badulla,Soranathota,Yatilellagama
Badulla,Soranathota,Ambagasdowa
Badulla,Soranathota,Ketakellagama
Badulla,Soranathota,Kuttiyagolla
Badulla,Soranathota,Angoda
Badulla,Soranathota,Kosgolla
Badulla,Soranathota,Rideepana
Badulla,Soranathota,Kohowila
Badulla,Soranathota,Kithulwattegama
Badulla,Soranathota,Kirioruwa
Badulla,Soranathota,"Kandegedara Town"
Badulla,Passara,Demodara
Badulla,Passara,Palawatta
Badulla,Passara,Kahataruppa
Badulla,Passara,"Dambakote "
Badulla,Passara,"Madugasthalawa North"
Badulla,Passara,Thalagahagedara
Badulla,Passara,"Welgolla "
Badulla,Passara,"Madugasthalawa South"
Badulla,Passara,Gerandiella
Badulla,Passara,Maligathenna
Badulla,Passara,Madawelagama
Badulla,Passara,Paramahankada
Badulla,Passara,Nikebedda
Badulla,Passara,Udagama
Badulla,Passara,"Pelgahathenna "
Badulla,Passara,Sapuroda
Badulla,Passara,Palagolla
Badulla,Passara,"Gonagala West"
Badulla,Passara,"Gonagala East"
Badulla,Passara,Kanahela
Badulla,Passara,Pallegama
Badulla,Passara,"Passara Town North"
Badulla,Passara,"Passara Town South"
Badulla,Passara,"Paasara Town East"
Badulla,Passara,"Ambathenna West"
Badulla,Passara,Thennuge
Badulla,Passara,Meedumpitiya
Badulla,Passara,"Kudugala Pathana"
Badulla,Passara,Tholabowatta
Badulla,Passara,Ambathenna
Badulla,Passara,"Meeriyabedda "
Badulla,Passara,Puhulwatta
Badulla,Passara,"Maussagolla West"
Badulla,Passara,"Kanawerella West"
Badulla,Passara,Kanawerella
Badulla,Passara,"Kanawerella East"
Badulla,Passara,"Bibilegama West"
Badulla,Passara,Wewekele
Badulla,Passara,"Bibilegama East"
Badulla,Passara,"Maussagolla East"
Badulla,Passara,Dambewela
Badulla,Lunugala,Akiriya
Badulla,Lunugala,Metigahathanna
Badulla,Lunugala,Galwelagama
Badulla,Lunugala,Wewabadda
Badulla,Lunugala,"Janathapura North"
Badulla,Lunugala,Arawakumbura
Badulla,Lunugala,Udakiruwa
Badulla,Lunugala,Alakolagala
Badulla,Lunugala,Udapanguwa
Badulla,Lunugala,"Lunugala Town  "
Badulla,Lunugala,"Janathapura South"
Badulla,Lunugala,"Janathapura "
Badulla,Lunugala,Batawatta
Badulla,Lunugala,Gallulla
Badulla,Lunugala,Madulsima
Badulla,Lunugala,"Sumudugama "
Badulla,Lunugala,Aththanagolla
Badulla,Lunugala,Sooriyagoda
Badulla,Lunugala,Weragoda
Badulla,Lunugala,Pallekiruwa
Badulla,Lunugala,Kottalbedda
Badulla,Lunugala,Mahadowa
Badulla,Lunugala,Yapamma
Badulla,Lunugala,Peessagama
Badulla,Lunugala,Rendapola
Badulla,Lunugala,Hopton
Badulla,Lunugala,"Maduwatta "
Badulla,Lunugala,Millabedda
Badulla,Badulla,Pitawelagama
Badulla,Badulla,"Badulla North"
Badulla,Badulla,Medapathana
Badulla,Badulla,Kailagoda
Badulla,Badulla,Andeniya
Badulla,Badulla,Sirimalgoda
Badulla,Badulla,Damanwara
Badulla,Badulla,Hinnarangolla
Badulla,Badulla,Kendagolla
Badulla,Badulla,Thelbedda
Badulla,Badulla,Ilukthenna
Badulla,Badulla,Hegoda
Badulla,Badulla,Badulupitiya
Badulla,Badulla,"Badulla Central"
Badulla,Badulla,"Badulla West"
Badulla,Badulla,Katupelella
Badulla,Badulla,"Badulla South"
Badulla,Badulla,"Badulla East"
Badulla,Badulla,Hindagoda
Badulla,Badulla,Rambukpotha
Badulla,Badulla,Malangamuwa
Badulla,Badulla,Viyadiguna
Badulla,Badulla,Vineethagama
Badulla,Badulla,Wewessa
Badulla,Badulla,Welibissa
Badulla,Badulla,"Glen Alpin"
Badulla,Badulla,Udawela
Badulla,Badulla,Hingurugamuwa
Badulla,Badulla,Kanupelella
Badulla,"Hali Ela",Kokatiyamaluwa
Badulla,"Hali Ela",Wegama
Badulla,"Hali Ela",Jangulla
Badulla,"Hali Ela",Landewela
Badulla,"Hali Ela",Bogoda
Badulla,"Hali Ela",Panakanniya
Badulla,"Hali Ela",Katawala
Badulla,"Hali Ela",Udakohovila
Badulla,"Hali Ela",Hethekma
Badulla,"Hali Ela",Deegalla
Badulla,"Hali Ela",Pattipola
Badulla,"Hali Ela",Anthuduwawela
Badulla,"Hali Ela",Bogahamaditta
Badulla,"Hali Ela",Mahawattagama
Badulla,"Hali Ela",Dematawelhinna
Badulla,"Hali Ela",Welikemulla
Badulla,"Hali Ela",Unagolla
Badulla,"Hali Ela",Medapitigama
Badulla,"Hali Ela",Dickwella
Badulla,"Hali Ela","Hali Ela"
Badulla,"Hali Ela",Samagipura
Badulla,"Hali Ela",Udagama
Badulla,"Hali Ela",Gawela
Badulla,"Hali Ela",Pahamunuthota
Badulla,"Hali Ela",Neludanda
Badulla,"Hali Ela",Hinnarangolla
Badulla,"Hali Ela","Mugunumatha West"
Badulla,"Hali Ela","Mugunumatha East"
Badulla,"Hali Ela",Godegama
Badulla,"Hali Ela",Medagama
Badulla,"Hali Ela",Imbulgoda
Badulla,"Hali Ela",Kottagoda
Badulla,"Hali Ela",Kandana
Badulla,"Hali Ela",Bulathwatta
Badulla,"Hali Ela","Springvalley Estate"
Badulla,"Hali Ela",Springvalley
Badulla,"Hali Ela",Beddegama
Badulla,"Hali Ela",Wewalhinna
Badulla,"Hali Ela",Uduwara
Badulla,"Hali Ela",Hapuwalakumbura
Badulla,"Hali Ela",Kirinda
Badulla,"Hali Ela",Morethota
Badulla,"Hali Ela","Uva Mahawela"
Badulla,"Hali Ela",Etampitiya
Badulla,"Hali Ela",Pallegama
Badulla,"Hali Ela",Dehivinna
Badulla,"Hali Ela",Niliathugoda
Badulla,"Hali Ela",Neluwa
Badulla,"Hali Ela",Kudumahuwela
Badulla,"Hali Ela",Wepassawela
Badulla,"Hali Ela",Maligathenna
Badulla,"Hali Ela",Perahettiya
Badulla,"Hali Ela",Katugaha
Badulla,"Hali Ela",Mahathenna
Badulla,"Hali Ela",Malitta
Badulla,"Hali Ela",Kurukude
Badulla,"Hali Ela",Warakadanda
Badulla,"Uva Paranagama",Yalagamuwa
Badulla,"Uva Paranagama",Ritikumbura
Badulla,"Uva Paranagama",Wethalawa
Badulla,"Uva Paranagama",Maspanna
Badulla,"Uva Paranagama",Kohilegama
Badulla,"Uva Paranagama",Ellanda
Badulla,"Uva Paranagama",Kindigoda
Badulla,"Uva Paranagama",Hathkinda
Badulla,"Uva Paranagama",Dimbulana
Badulla,"Uva Paranagama",Ilukwela
Badulla,"Uva Paranagama",Gampaha
Badulla,"Uva Paranagama",Wewegama
Badulla,"Uva Paranagama",Kerklis
Badulla,"Uva Paranagama",Malwattegama
Badulla,"Uva Paranagama",Medipokuna
Badulla,"Uva Paranagama",Thuppitiya
Badulla,"Uva Paranagama",Panagoda
Badulla,"Uva Paranagama",Pitiyakumbura
Badulla,"Uva Paranagama",Bambarapana
Badulla,"Uva Paranagama",Alagolla
Badulla,"Uva Paranagama",Voldemar
Badulla,"Uva Paranagama",Thawalampola
Badulla,"Uva Paranagama",Kodakumbura
Badulla,"Uva Paranagama",Koradekumbura
Badulla,"Uva Paranagama",Malapolagama
Badulla,"Uva Paranagama",Welamedagama
Badulla,"Uva Paranagama",Uduhawara
Badulla,"Uva Paranagama",Hangunnawa
Badulla,"Uva Paranagama",Ranhawadigama
Badulla,"Uva Paranagama",Idamegama
Badulla,"Uva Paranagama"," Paranagama"
Badulla,"Uva Paranagama",Mudanawa
Badulla,"Uva Paranagama",Sapugolla
Badulla,"Uva Paranagama",Ethkandawaka
Badulla,"Uva Paranagama","Kirawanagama "
Badulla,"Uva Paranagama",Beraliyapola
Badulla,"Uva Paranagama",Pannalawela
Badulla,"Uva Paranagama",Rahupola
Badulla,"Uva Paranagama",Udaperuwa
Badulla,"Uva Paranagama",Weliulla
Badulla,"Uva Paranagama",Metiwalalanda
Badulla,"Uva Paranagama",Unapana
Badulla,"Uva Paranagama",Lunuwatta
Badulla,"Uva Paranagama",Pallewela
Badulla,"Uva Paranagama",Busdulla
Badulla,"Uva Paranagama",Kurundugolla
Badulla,"Uva Paranagama",Ambagasdowa
Badulla,"Uva Paranagama",Pannalagama
Badulla,"Uva Paranagama","Uma Ela  "
Badulla,"Uva Paranagama",Karagahaulpatha
Badulla,"Uva Paranagama",Medawela
Badulla,"Uva Paranagama",Perawella
Badulla,"Uva Paranagama",Galahagama
Badulla,"Uva Paranagama",Medagodagama
Badulla,"Uva Paranagama",Thelhawadigama
Badulla,"Uva Paranagama",Ketagoda
Badulla,"Uva Paranagama",Dangamuwa
Badulla,"Uva Paranagama",Rathamba
Badulla,"Uva Paranagama",Kumarapattiya
Badulla,"Uva Paranagama",Balagala
Badulla,"Uva Paranagama",Downside
Badulla,"Uva Paranagama",Kendagolla
Badulla,"Uva Paranagama","Yahala Arawa"
Badulla,"Uva Paranagama",Ulugala
Badulla,"Uva Paranagama",Hangiliella
Badulla,"Uva Paranagama","Kotawera Udagama"
Badulla,"Uva Paranagama","Kotawera Pahalagama"
Badulla,"Uva Paranagama",Daragala
Badulla,Welimada,Alakolagala
Badulla,Welimada,Hulankapolla
Badulla,Welimada,Silmiyapura
Badulla,Welimada,Boragas
Badulla,Welimada,Vidurupola
Badulla,Welimada,Gavarammana
Badulla,Welimada,"Palugama Town"
Badulla,Welimada,Puranwela
Badulla,Welimada,Girambe
Badulla,Welimada,Divurumgama
Badulla,Welimada,"Palugama Ella"
Badulla,Welimada,"Walimada Waththa"
Badulla,Welimada,AmbagahaKubura
Badulla,Welimada,Dimuthugama
Badulla,Welimada,"Welimada Town"
Badulla,Welimada,Landegama
Badulla,Welimada,Divithotawela
Badulla,Welimada,Puhulpola
Badulla,Welimada,Dikkapitiya
Badulla,Welimada,Koskanuwegama
Badulla,Welimada,"Dayaraba Wattha"
Badulla,Welimada,Ketakella
Badulla,Welimada,Yalpathwela
Badulla,Welimada,Dambawinna
Badulla,Welimada,Kabillegama
Badulla,Welimada,Idamegama
Badulla,Welimada,Erabadda
Badulla,Welimada,Keppetipola
Badulla,Welimada,Hewanakumbura
Badulla,Welimada,Ambewela
Badulla,Welimada,Himbiliyagolla
Badulla,Welimada,Thennakonwela
Badulla,Welimada,Kalubululanda
Badulla,Welimada,Mavithikumbura
Badulla,Welimada,Nedungamuwa
Badulla,Welimada,Medagedaragama
Badulla,Welimada,Nawela
Badulla,Welimada,Pahalayalkumbura
Badulla,Welimada,Welikadagama
Badulla,Welimada,Mirahawatta
Badulla,Welimada,Udupeella
Badulla,Welimada,Kotakithula
Badulla,Welimada,Malpotha
Badulla,Welimada,Karagasthenna
Badulla,Welimada,Alugolla
Badulla,Welimada,Bogahakumbura
Badulla,Welimada,Bibiligamuwa
Badulla,Welimada,Alawathugoda
Badulla,Welimada,Kandepuhulpola
Badulla,Welimada,Helayalkumbura
Badulla,Welimada,Guruthalawa
Badulla,Welimada,Mahathenna
Badulla,Welimada,Hingurugamuwa
Badulla,Welimada,Galedanda
Badulla,Welimada,Boralanda
Badulla,Welimada,Wangiyakumbura
Badulla,Welimada,Ohiya
Badulla,Welimada,Rahangala
Badulla,Welimada,Hinnarangolla
Badulla,Welimada,Udakendagolla
Badulla,Welimada,Rathkarawwa
Badulla,Welimada,Pitapola
Badulla,Welimada,"Ohiya Estate"
Badulla,Welimada,Maligathenna
Badulla,Bandarawela,Mathetilla
Badulla,Bandarawela,Konthahela
Badulla,Bandarawela,"Icelab Watta"
Badulla,Bandarawela,Kirioruwa
Badulla,Bandarawela,Ettalapitiya
Badulla,Bandarawela,Diganathenna
Badulla,Bandarawela,Ambegoda
Badulla,Bandarawela,Wewathenna
Badulla,Bandarawela,Watagamuwa
Badulla,Bandarawela,Bindunuwewa
Badulla,Bandarawela,"Kebillawela North"
Badulla,Bandarawela,Gediyaroda
Badulla,Bandarawela,"Bandarawela West"
Badulla,Bandarawela,"Bandarawela East"
Badulla,Bandarawela,Thanthiriya
Badulla,Bandarawela,Udaperuwa
Badulla,Bandarawela,Egodagama
Badulla,Bandarawela,Weheragalathenna
Badulla,Bandarawela,Bambaragama
Badulla,Bandarawela,Makulella
Badulla,Bandarawela,Kinigama
Badulla,Bandarawela,Inikambedda
Badulla,Bandarawela,Karagahawela
Badulla,Bandarawela,Obadella
Badulla,Bandarawela,Beddekumbura
Badulla,Bandarawela,"Kebillewela South"
Badulla,Bandarawela,Mahaulpatha
Badulla,Bandarawela,Darahitawanagoda
Badulla,Bandarawela,Doolgolla
Badulla,Bandarawela,"Creig Watta"
Badulla,Bandarawela,"Liyangahawela Watta"
Badulla,Bandarawela,Ambadandegama
Badulla,Bandarawela,Beddearawa
Badulla,Bandarawela,Liyangahawela
Badulla,Bandarawela,"Nayabedda Estate"
Badulla,Ella,Piyarapandowa
Badulla,Ella,Halpe
Badulla,Ella,Kirinda
Badulla,Ella,Demodara
Badulla,Ella,Navulla
Badulla,Ella,Gawarawela
Badulla,Ella,Baddewela
Badulla,Ella,"Pupula West"
Badulla,Ella,Pupula
Badulla,Ella,Galtenhena
Badulla,Ella,"Nawela East"
Badulla,Ella,"Nawela West"
Badulla,Ella,"Medawela West"
Badulla,Ella,Yahalewela
Badulla,Ella,Newberg
Badulla,Ella,Ella
Badulla,Ella,Madhuragama
Badulla,Ella,Idamegama
Badulla,Ella,Hettipola
Badulla,Ella,Millagama
Badulla,Ella,Udukumbalwela
Badulla,Ella,Dowa
Badulla,Ella,Palleperuwa
Badulla,Ella,Heeloya
Badulla,Ella,Kithalella
Badulla,Ella,Rawanaella
Badulla,Ella,Karandagolla
Badulla,Ella,Govussa
Badulla,Ella,Ilukpelessa
Badulla,Ella,Ballaketuwa
Badulla,Ella,Namunukula
Badulla,Ella,Dodamgolla
Badulla,Haputale,Ellagama
Badulla,Haputale,Kahattewela
Badulla,Haputale,Eranawela
Badulla,Haputale,Ranjallawa
Badulla,Haputale,Bingethenna
Badulla,Haputale,Kahagolla
Badulla,Haputale,Dodamwatta
Badulla,Haputale,Diyathalawa
Badulla,Haputale,Jayaminipura
Badulla,Haputale,Aluthwela
Badulla,Haputale,"Welanhinna "
Badulla,Haputale,"Pahala kadurugamuwa"
Badulla,Haputale,"Viharakele "
Badulla,Haputale,Umankadura
Badulla,Haputale,"Helakaduru gamuwa"
Badulla,Haputale,Haputhalegama
Badulla,Haputale,Glenanore
Badulla,Haputale,Horadorowwa
Badulla,Haputale,Magiripura
Badulla,Haputale,Kolathenna
Badulla,Haputale,"Haputhale Town"
Badulla,Haputale,Dambethenna
Badulla,Haputale,Thotalagala
Badulla,"Haputale ",Panketiya
Badulla,"Haputale ",Galkanda
Badulla,haputale,Pitarathmale
Badulla,Haldummulla,Weerakongama
Badulla,Haldummulla,Kalupahana
Badulla,Haldummulla,Haldummulla
Badulla,Haldummulla,Beragala
Badulla,Haldummulla,Viharagala
Badulla,Haldummulla,"Nikapotha West"
Badulla,Haldummulla,"Nikapotha East"
Badulla,Haldummulla,Lemasthota
Badulla,Haldummulla,Ranasinghegama
Badulla,Haldummulla,Kotabakma
Badulla,Haldummulla,Koslanda
Badulla,Haldummulla,Mahakanda
Badulla,Haldummulla,Poonagala
Badulla,Haldummulla,Divulgasmulla
Badulla,Haldummulla,Gampaha
Badulla,Haldummulla,Ampitithenna
Badulla,Haldummulla,Kelipanawela
Badulla,Haldummulla,Moraketiya
Badulla,Haldummulla,Kirawanagama
Badulla,Haldummulla,Manthenna
Badulla,Haldummulla,Amilagama
Badulla,Haldummulla,Soragune
Badulla,Haldummulla,Kithulgahaarawa
Badulla,Haldummulla,Watagamuwa
Badulla,Haldummulla,Walhaputhenna
Badulla,Haldummulla,Uvathenna
Badulla,Haldummulla,"Marangahawela "
Badulla,Haldummulla,Seelathenna
Badulla,Haldummulla,Harankahawa
Badulla,Haldummulla,Medawela
Badulla,Haldummulla,Welibissa
Badulla,Haldummulla,"We Eliya"
Badulla,Haldummulla,Kosgama
Badulla,Haldummulla,Ranwanguhawa
Badulla,Haldummulla,"Akkara Seeya"
Badulla,Haldummulla,Welanvita
Badulla,Haldummulla,Kolongasthenna
Badulla,Haldummulla,"Bambara Pokuna"
Badulla,Haldummulla,Mahalanda
Moneragala,Bibile,Uravula
Moneragala,Bibile,Karandugala
Moneragala,Bibile,Bulupitiya
Moneragala,Bibile,Nilgala
Moneragala,Bibile,Kanawegalla
Moneragala,Bibile,Ussagala
Moneragala,Bibile,Bokagonna
Moneragala,Bibile,Pitakumbura
Moneragala,Bibile,Hamapola
Moneragala,Bibile,Thotillaketiya
Moneragala,Bibile,Kokunnewa
Moneragala,Bibile,Morattamulla
Moneragala,Bibile,Nagala
Moneragala,Bibile,Radaliyadda
Moneragala,Bibile,Ambagolla
Moneragala,Bibile,Wegama
Moneragala,Bibile,"Wegama South"
Moneragala,Bibile,Mallehewa
Moneragala,Bibile,"Karagahawela East"
Moneragala,Bibile,"Kehel Attawala"
Moneragala,Bibile,"Karagahawela West"
Moneragala,Bibile,Udamallehewa
Moneragala,Bibile,"Egoda Kotagama"
Moneragala,Bibile,Kotagama
Moneragala,Bibile,Badullagammana
Moneragala,Bibile,Kavudulla
Moneragala,Bibile,Rathupasketiya
Moneragala,Bibile,Lindakumbura
Moneragala,Bibile,Bibile
Moneragala,Bibile,Ambelanda
Moneragala,Bibile,Dodamgolla
Moneragala,Bibile,Dehiattawela
Moneragala,Bibile,Kanulwela
Moneragala,Bibile,Ethanawatta
Moneragala,Bibile,Kuruwamba
Moneragala,Bibile,Hewelwela
Moneragala,Bibile,Mudiyala
Moneragala,Bibile,Yalkumbura
Moneragala,Bibile,Thanayamgama
Moneragala,Bibile,Medipitiya
Moneragala,Madulla,Nelliyadda
Moneragala,Madulla,Mullegama
Moneragala,Madulla,Galgamuwa
Moneragala,Madulla,Inginiyagala
Moneragala,Madulla,Baduluwela
Moneragala,Madulla,Bandarawadiya
Moneragala,Madulla,Panguwa
Moneragala,Madulla,Thalkotayaya
Moneragala,Madulla,Deliwa
Moneragala,Madulla,Thampalawela
Moneragala,Madulla,Ruwalwela
Moneragala,Madulla,Watawanagama
Moneragala,Madulla,Gangodagama
Moneragala,Madulla,Ritigahawatta
Moneragala,Madulla,Mariarawa
Moneragala,Madulla,Kolladeniya
Moneragala,Madulla,Ihawa
Moneragala,Madulla,Alpitiya
Moneragala,Madulla,Makulla
Moneragala,Madulla,"Namaloya Colony"
Moneragala,Madulla,Aratugaswela
Moneragala,Madulla,Pagura
Moneragala,Madulla,Galbokka
Moneragala,Madulla,Magandana
Moneragala,Madulla,Udumulla
Moneragala,Madulla,Kottagala
Moneragala,Madulla,"Gangoda Arawa"
Moneragala,Madulla,Polgahagama
Moneragala,Madulla,Alugalge
Moneragala,Madulla,"Neelawa Bedda"
Moneragala,Madulla,Kahagolla
Moneragala,Madulla,"Magandanaoya Colony"
Moneragala,Madulla,Gonathalawa
Moneragala,Madulla,Dambagalla
Moneragala,Madulla,Ellekona
Moneragala,Madulla,Therela
Moneragala,Madulla,Iluklanda
Moneragala,Madulla,Obbegoda
Moneragala,Medagama,Pothubaddana
Moneragala,Medagama,Yakunnawa
Moneragala,Medagama,Badiyawa
Moneragala,Medagama,Kotabowa
Moneragala,Medagama,Godigamuwa
Moneragala,Medagama,Senpathigama
Moneragala,Medagama,Aiwela
Moneragala,Medagama,Senapathiya
Moneragala,Medagama,Bibilamulla
Moneragala,Medagama,Nannapurawa
Moneragala,Medagama,Dahamgama
Moneragala,Medagama,Kalugahawadiya
Moneragala,Medagama,Kongolla
Moneragala,Medagama,Diviyapola
Moneragala,Medagama,Kohukumbura
Moneragala,Medagama,Nugamura
Moneragala,Medagama,Ellekona
Moneragala,Medagama,Dahagoniya
Moneragala,Medagama,Monarawana
Moneragala,Medagama,Mellagama
Moneragala,Medagama,Thambana
Moneragala,Medagama,Thimbiriya
Moneragala,Medagama,Medagama
Moneragala,Medagama,Elhena
Moneragala,Medagama,Pitadeniya
Moneragala,Medagama,Kinnarabowa
Moneragala,Medagama,Ilukkumbura
Moneragala,Medagama,Bakinigahawela
Moneragala,Medagama,Pubbara
Moneragala,Medagama,Polgahapitiya
Moneragala,Medagama,Kendavinna
Moneragala,Medagama,Alana
Moneragala,Medagama,Rattanadeniya
Moneragala,Medagama,Amunekandura
Moneragala,Medagama,Keenagoda
Moneragala,Siyambalanduwa,Nape
Moneragala,Siyambalanduwa,Buddama
Moneragala,Siyambalanduwa,Waragama
Moneragala,Siyambalanduwa,Kotagoda
Moneragala,Siyambalanduwa,Weragoda
Moneragala,Siyambalanduwa,Newgala
Moneragala,Siyambalanduwa,Govindupura
Moneragala,Siyambalanduwa,Pallewela
Moneragala,Siyambalanduwa,Ambagahapitiya
Moneragala,Siyambalanduwa,Meeyagala
Moneragala,Siyambalanduwa,Barawaya
Moneragala,Siyambalanduwa,Kooragammana
Moneragala,Siyambalanduwa,"Kalugolla Yaya"
Moneragala,Siyambalanduwa,"Samanala Bedda"
Moneragala,Siyambalanduwa,Muthukandiya
Moneragala,Siyambalanduwa,Yakkadurawa
Moneragala,Siyambalanduwa,"Gal Amuna"
Moneragala,Siyambalanduwa,Helamulla
Moneragala,Siyambalanduwa,Pallegama
Moneragala,Siyambalanduwa,"Maha Kalugolla"
Moneragala,Siyambalanduwa,Karambagoda
Moneragala,Siyambalanduwa,"Ruhunu Danawwa"
Moneragala,Siyambalanduwa,"Sri Wijithapura"
Moneragala,Siyambalanduwa,Siyambalanduwa
Moneragala,Siyambalanduwa,Manabharana
Moneragala,Siyambalanduwa,Madugama
Moneragala,Siyambalanduwa,Kivuleyaya
Moneragala,Siyambalanduwa,Kodayana
Moneragala,Siyambalanduwa,Nugagahakivula
Moneragala,Siyambalanduwa,Kotiyagoda
Moneragala,Siyambalanduwa,Indigasella
Moneragala,Siyambalanduwa,Dombagahawela
Moneragala,Siyambalanduwa,Liyanagolla
Moneragala,Siyambalanduwa,Beraliyapola
Moneragala,Siyambalanduwa,Kimbulawela
Moneragala,Siyambalanduwa,"Pahatha Arawa"
Moneragala,Siyambalanduwa,Ethimale
Moneragala,Siyambalanduwa,Guruhela
Moneragala,Siyambalanduwa,Gemunupura
Moneragala,Siyambalanduwa,Perakumpura
Moneragala,Siyambalanduwa,Siripura
Moneragala,Siyambalanduwa,Thissapura
Moneragala,Siyambalanduwa,"Ethimale Colony"
Moneragala,Siyambalanduwa,Minipura
Moneragala,Siyambalanduwa,Vilaoya
Moneragala,Siyambalanduwa,Wattegama
Moneragala,Siyambalanduwa,Wijayapura
Moneragala,Siyambalanduwa,Kotiyagala
Moneragala,Moneragala,Tenwatta
Moneragala,Moneragala,Guruhela
Moneragala,Moneragala,Batugammana
Moneragala,Moneragala,Debeddekivula
Moneragala,Moneragala,Weliyaya
Moneragala,Moneragala,Rattanapitiya
Moneragala,Moneragala,Nakkala
Moneragala,Moneragala,Hidikivula
Moneragala,Moneragala,Hulandawa
Moneragala,Moneragala,Magandanamulla
Moneragala,Moneragala,Monaragala
Moneragala,Moneragala,Aliyawatta
Moneragala,Moneragala,Kolonvinna
Moneragala,Moneragala,Bohitiya
Moneragala,Moneragala,Kawdawa
Moneragala,Moneragala,"Hulandawa Left"
Moneragala,Moneragala,Viharamulla
Moneragala,Moneragala,Muppane
Moneragala,Moneragala,Maduruketiya
Moneragala,Moneragala,Kumbukkana
Moneragala,Moneragala,Horombuwa
Moneragala,Moneragala,"Hulandawa South"
Moneragala,Moneragala,Marawa
Moneragala,Moneragala,Veheragala
Moneragala,Moneragala,Thenagallanda
Moneragala,Moneragala,Kahambana
Moneragala,Badalkumbura,Gedavila
Moneragala,Badalkumbura,Karandagama
Moneragala,Badalkumbura,Ella
Moneragala,Badalkumbura,Pallegama
Moneragala,Badalkumbura,Thalawagama
Moneragala,Badalkumbura,Mailagasthenna
Moneragala,Badalkumbura,Karavila
Moneragala,Badalkumbura,Madamagama
Moneragala,Badalkumbura,Wekumbura
Moneragala,Badalkumbura,"Maiyokka Watta"
Moneragala,Badalkumbura,Waradola
Moneragala,Badalkumbura,Ankada
Moneragala,Badalkumbura,Kotamuduna
Moneragala,Badalkumbura,Alupotha
Moneragala,Badalkumbura,Wasipaha
Moneragala,Badalkumbura,Badalkumbura
Moneragala,Badalkumbura,Maligathenna
Moneragala,Badalkumbura,Pussellawa
Moneragala,Badalkumbura,"Madukotan Arawa"
Moneragala,Badalkumbura,Yakurawa
Moneragala,Badalkumbura,Therappahuwa
Moneragala,Badalkumbura,Punsisigama
Moneragala,Badalkumbura,Madugahapattiya
Moneragala,Badalkumbura,Kalagahakivula
Moneragala,Badalkumbura,Madugasmulla
Moneragala,Badalkumbura,Ranugalla
Moneragala,Badalkumbura,Ethpattiya
Moneragala,Badalkumbura,Miyanakandura
Moneragala,Badalkumbura,Dewathura
Moneragala,Badalkumbura,Naranwatta
Moneragala,Badalkumbura,Athala
Moneragala,Badalkumbura,Ettalamulla
Moneragala,Badalkumbura,Muthukeliyawa
Moneragala,Badalkumbura,Meegahayaya
Moneragala,Badalkumbura,Bogahapelessa
Moneragala,Badalkumbura,Dambagahawela
Moneragala,Badalkumbura,Hingurukaduwa
Moneragala,Badalkumbura,Keliwessa
Moneragala,Badalkumbura,Moratuwagama
Moneragala,Badalkumbura,"Lunugala Colony"
Moneragala,Badalkumbura,Katugahagalge
Moneragala,Wellawaya,Kurugama
Moneragala,Wellawaya,Randeniya
Moneragala,Wellawaya,Siyambalagunaya
Moneragala,Wellawaya,Sudupanawela
Moneragala,Wellawaya,Kotikambokka
Moneragala,Wellawaya,Galbokka
Moneragala,Wellawaya,Dimbulamuraya
Moneragala,Wellawaya,Wellawaya
Moneragala,Wellawaya,Yalabowa
Moneragala,Wellawaya,Nugayaya
Moneragala,Wellawaya,Warunagama
Moneragala,Wellawaya,Anapallama
Moneragala,Wellawaya,Pubuduwewa
Moneragala,Wellawaya,Neluwagala
Moneragala,Wellawaya,Buduruwagala
Moneragala,Wellawaya,Andawelayaya
Moneragala,Wellawaya,Siripuragama
Moneragala,Wellawaya,"Veherayaya Colony"
Moneragala,Wellawaya,Veherayaya
Moneragala,Wellawaya,Randenigodayaya
Moneragala,Wellawaya,Handapanagala
Moneragala,Wellawaya,"Maha Aragama"
Moneragala,Wellawaya,"Thelulla Colony"
Moneragala,Wellawaya,Ethiliwewa
Moneragala,Wellawaya,Thelulla
Moneragala,Wellawaya,Balaharuwa
Moneragala,Wellawaya,"Debara Ara"
Moneragala,Wellawaya,Kithulkote
Moneragala,Wellawaya,"Uva Kudaoya"
Moneragala,Buttala,"Uda Arawa"
Moneragala,Buttala,Horabokka
Moneragala,Buttala,Unawatuna
Moneragala,Buttala,Yudaganawa
Moneragala,Buttala,Dikyaya
Moneragala,Buttala,Udagama
Moneragala,Buttala,Mahagodayaya
Moneragala,Buttala,Gaminipura
Moneragala,Buttala,Okkampitiya
Moneragala,Buttala,Galtemmandiya
Moneragala,Buttala,Ulugala
Moneragala,Buttala,Maligavila
Moneragala,Buttala,Minipuragama
Moneragala,Buttala,Buruthagolla
Moneragala,Buttala,Pahalagama
Moneragala,Buttala,Konketiya
Moneragala,Buttala,Medagama
Moneragala,Buttala,Pettagamwela
Moneragala,Buttala,Puhulkotuwa
Moneragala,Buttala,Veheragala
Moneragala,Buttala,Pelwatta
Moneragala,Buttala,Mahasenpura
Moneragala,Buttala,Kumaragama
Moneragala,Buttala,Kukurampola
Moneragala,Buttala,Kumarapura
Moneragala,Buttala,Yatiyallathota
Moneragala,Buttala,Waguruwela
Moneragala,Buttala,"Gonagan Ara"
Moneragala,Buttala,Rahathangama
Moneragala,Katharagama,"Sella Katharagama"
Moneragala,Katharagama,Katharagama
Moneragala,Katharagama,Datagamuwa
Moneragala,Katharagama,Kandasurindugama
Moneragala,Katharagama,Karavile
Moneragala,Thanamalvila,Kandiyapitawewa
Moneragala,Thanamalvila,"Kotavehera Mankada"
Moneragala,Thanamalvila,Aluthwewa
Moneragala,Thanamalvila,Hambegamuwa
Moneragala,Thanamalvila,"Hambegamuwa  Colony"
Moneragala,Thanamalvila,"Kahakurullan Pelessa"
Moneragala,Thanamalvila,Mahawewa
Moneragala,Thanamalvila,Sooriyaara
Moneragala,Thanamalvila,Usgala
Moneragala,Thanamalvila,Nikawewa
Moneragala,Thanamalvila,Bodagama
Moneragala,Thanamalvila,"Kivul Ara"
Moneragala,Thanamalvila,Sittarama
Moneragala,Thanamalvila,Seenukkuwa
Moneragala,Sevanagala,Katupilagama
Moneragala,Sevanagala,Habaraluwewa
Moneragala,Sevanagala,Samagipura
Moneragala,Sevanagala,Weliara
Moneragala,Sevanagala,Punchiwewa
Moneragala,Sevanagala,"Kiri Ibbanwewa"
Moneragala,Sevanagala,Sevanagala
Moneragala,Sevanagala,Muthuminigama
Moneragala,Sevanagala,Bahirawa
Moneragala,Sevanagala,Indikolapelessa
Moneragala,Sevanagala,Habarugala
Moneragala,Sevanagala,Nugegalayaya
Moneragala,Sevanagala,Mahagama
Moneragala,Sevanagala,Habaranthawela
Rathnapura,Eheliyagoda,Divurumpitiya
Rathnapura,Eheliyagoda,Hewainna
Rathnapura,Eheliyagoda,"Kalatuwawa East"
Rathnapura,Eheliyagoda,Getahetta
Rathnapura,Eheliyagoda,Walavita
Rathnapura,Eheliyagoda,Meennana
Rathnapura,Eheliyagoda,"Bopetta Didda"
Rathnapura,Eheliyagoda,Thoranakada
Rathnapura,Eheliyagoda,Ganegoda
Rathnapura,Eheliyagoda,Iddamalgoda
Rathnapura,Eheliyagoda,Huladduwa
Rathnapura,Eheliyagoda,"Kalatuwawa West"
Rathnapura,Eheliyagoda,Uduwaka
Rathnapura,Eheliyagoda,Napawala
Rathnapura,Eheliyagoda,"Pelpitiya "
Rathnapura,Eheliyagoda,Udumatta
Rathnapura,Eheliyagoda,Vilegoda
Rathnapura,Eheliyagoda,"Vilegoda East"
Rathnapura,Eheliyagoda,"Eheliyagoda Watta"
Rathnapura,Eheliyagoda,"Asgangula North"
Rathnapura,Eheliyagoda,"Kendangamuwa Ihalagama"
Rathnapura,Eheliyagoda,Moragala
Rathnapura,Eheliyagoda,Bulugahapitiya
Rathnapura,Eheliyagoda,Yakudagoda
Rathnapura,Eheliyagoda,Kendangamuwa
Rathnapura,Eheliyagoda,"Asgangula South"
Rathnapura,Eheliyagoda,Mahara
Rathnapura,Eheliyagoda,Mahingoda
Rathnapura,Eheliyagoda,Nakandala
Rathnapura,Eheliyagoda,Viyalagoda
Rathnapura,Eheliyagoda,"Kendangamuwa Pahalagama"
Rathnapura,Eheliyagoda,Paleegala
Rathnapura,Eheliyagoda,Miyanakolathenna
Rathnapura,Eheliyagoda,Mitipola
Rathnapura,Eheliyagoda,Mapota
Rathnapura,Eheliyagoda,"Karandana North"
Rathnapura,Eheliyagoda,Kiriporuwa
Rathnapura,Eheliyagoda,Nedurana
Rathnapura,Eheliyagoda,Erepola
Rathnapura,Eheliyagoda,Sirisamanpura
Rathnapura,Eheliyagoda,Nugadanda
Rathnapura,Eheliyagoda,"Karandana West"
Rathnapura,Eheliyagoda,"Karandana South"
Rathnapura,Eheliyagoda,Hindurangala
Rathnapura,Kuruvita,Amuhenkanda
Rathnapura,Kuruvita,"Pathberiya West"
Rathnapura,Kuruvita,Pathberiya
Rathnapura,Kuruvita,Meneripitiya
Rathnapura,Kuruvita,Parakaduwa
Rathnapura,Kuruvita,Bodhimaluwa
Rathnapura,Kuruvita,Thalavitiya
Rathnapura,Kuruvita,Pohorabawa
Rathnapura,Kuruvita,Pussella
Rathnapura,Kuruvita,Devipahala
Rathnapura,Kuruvita,Endiriyanwala
Rathnapura,Kuruvita,Erathna
Rathnapura,Kuruvita,Adavikanda
Rathnapura,Kuruvita,Lassakanda
Rathnapura,Kuruvita,Sudagala
Rathnapura,Kuruvita,"Ekneligoda North"
Rathnapura,Kuruvita,Kiragala
Rathnapura,Kuruvita,Kandangoda
Rathnapura,Kuruvita,Millavitiya
Rathnapura,Kuruvita,Miyanadeniya
Rathnapura,Kuruvita,Ovitigama
Rathnapura,Kuruvita,Theppanawa
Rathnapura,Kuruvita,"Theppanawa Ihalagama"
Rathnapura,Kuruvita,"Pahala Kuruvita"
Rathnapura,Kuruvita,"Kandangoda South"
Rathnapura,Kuruvita,Wathuyaya
Rathnapura,Kuruvita,Udakada
Rathnapura,Kuruvita,Ekneligoda
Rathnapura,Kuruvita,Delgamuwa
Rathnapura,Kuruvita,Kuruvita
Rathnapura,Kuruvita,Walandura
Rathnapura,Kuruvita,Nadukaradeniya
Rathnapura,Kuruvita,Kahengama
Rathnapura,Kuruvita,Pathagama
Rathnapura,Kuruvita,"Theppanawa Pahalagama"
Rathnapura,Kuruvita,Kithulpe
Rathnapura,Kuruvita,"Kahengama West"
Rathnapura,Kuruvita,Kosgoda
Rathnapura,Kuruvita,Galukagama
Rathnapura,Kiriella,Ellawala
Rathnapura,Kiriella,Deheragoda
Rathnapura,Kiriella,Kanuggalla
Rathnapura,Kiriella,"Ellawala Pahalagama"
Rathnapura,Kiriella,Mudunkotuwa
Rathnapura,Kiriella,Akurana
Rathnapura,Kiriella,Kiriella
Rathnapura,Kiriella,Handukanda
Rathnapura,Kiriella,Epitawala
Rathnapura,Kiriella,Munasinhapura
Rathnapura,Kiriella,Yatipawwa
Rathnapura,Kiriella,Ellagawa
Rathnapura,Kiriella,Idangoda
Rathnapura,Kiriella,Matuwagala
Rathnapura,Kiriella,Dodampe
Rathnapura,Kiriella,Holeepitiya
Rathnapura,Kiiriella,"Dompe West"
Rathnapura,Ratnapura,"Gileemale North"
Rathnapura,Ratnapura,Ketawala
Rathnapura,Ratnapura,Guruluwana
Rathnapura,Ratnapura,Siripagama
Rathnapura,Ratnapura,"Sri Palabaddala"
Rathnapura,Ratnapura,Mapalana
Rathnapura,Ratnapura,Kudawa
Rathnapura,Ratnapura,Dehenakanda
Rathnapura,Ratnapura,Bambarabotuwa
Rathnapura,Ratnapura,Alupola
Rathnapura,Ratnapura,Balakotunna
Rathnapura,Ratnapura,Hapugasthenna
Rathnapura,Ratnapura,Rathgama
Rathnapura,Ratnapura,"Gileemale South"
Rathnapura,Ratnapura,Pagoda
Rathnapura,Ratnapura,Embuldeniya
Rathnapura,Ratnapura,Malangama
Rathnapura,Ratnapura,Amuthagoda
Rathnapura,Ratnapura,Kahangama
Rathnapura,Ratnapura,Ketaliyampalla
Rathnapura,Ratnapura,"New Town"
Rathnapura,Ratnapura,Ellegedara
Rathnapura,Ratnapura,Malwala
Rathnapura,Ratnapura,Durekkanda
Rathnapura,Ratnapura,Galabada
Rathnapura,Ratnapura,Gallella
Rathnapura,Ratnapura,Amunuthenna
Rathnapura,Ratnapura,Kempanawatta
Rathnapura,Ratnapura,"Gurubevilagama "
Rathnapura,Ratnapura,Batewela
Rathnapura,Ratnapura,Hettikanda
Rathnapura,Ratnapura,Banagoda
Rathnapura,Ratnapura,Heenberenduwa
Rathnapura,Ratnapura,"Egoda Malwala"
Rathnapura,Ratnapura,Meehitiya
Rathnapura,Ratnapura,Kospelavinna
Rathnapura,Ratnapura,Weralupe
Rathnapura,Ratnapura,Dewalegawa
Rathnapura,Ratnapura,Muwagama
Rathnapura,Ratnapura,"Rathnapura Town West"
Rathnapura,Ratnapura,"Rathnapura Town North"
Rathnapura,Ratnapura,Mihindugama
Rathnapura,Ratnapura,Mahawala
Rathnapura,Ratnapura,Godigamuwa
Rathnapura,Ratnapura,"Ratnapura Town"
Rathnapura,Ratnapura,"Mudduva East"
Rathnapura,Ratnapura,Samagipura
Rathnapura,Ratnapura,Ethoya
Rathnapura,Ratnapura,Mudduwa
Rathnapura,Ratnapura,Batugedara
Rathnapura,Ratnapura," Angammana "
Rathnapura,Ratnapura,Thiriwanketiya
Rathnapura,Ratnapura,Kolandagala
Rathnapura,Imbulpe,Rawanakanda
Rathnapura,Imbulpe,Gallenakanda
Rathnapura,Imbulpe,Kattadikanda
Rathnapura,Imbulpe,"Waleboda North"
Rathnapura,Imbulpe,Bellankanda
Rathnapura,Imbulpe,Bolthumbe
Rathnapura,Imbulpe,Pinnawala
Rathnapura,Imbulpe,Udagama
Rathnapura,Imbulpe,Maddegama
Rathnapura,Imbulpe,Pidaligannawela
Rathnapura,Imbulpe,Ihalagalagama
Rathnapura,Imbulpe,Viharawela
Rathnapura,Imbulpe,Kumburutheniwela
Rathnapura,Imbulpe,Belihuloya
Rathnapura,Imbulpe,Yakdehiwela
Rathnapura,Imbulpe,Muttettuwegama
Rathnapura,Imbulpe,Puwakgahawela
Rathnapura,Imbulpe,Budunwela
Rathnapura,Imbulpe,Halpe
Rathnapura,Imbulpe,Nittamaluwa
Rathnapura,Imbulpe,Kumbalgama
Rathnapura,Imbulpe,Kinchigune
Rathnapura,Imbulpe,Karagasthalawa
Rathnapura,Imbulpe,Seelogama
Rathnapura,Imbulpe,Imbulpe
Rathnapura,Imbulpe,Passaramulla
Rathnapura,Imbulpe,Alakolaella
Rathnapura,Imbulpe,Atawakwela
Rathnapura,Imbulpe,Kanathiriyanwala
Rathnapura,Imbulpe,Pallewela
Rathnapura,Imbulpe,Gurubevila
Rathnapura,Imbulpe,Pandeniya
Rathnapura,Imbulpe,Pagalovita
Rathnapura,Imbulpe,Maddethalawa
Rathnapura,Imbulpe,Amuwathugoda
Rathnapura,Imbulpe,Medagedaragoda
Rathnapura,Imbulpe,Aluthnuwara
Rathnapura,Imbulpe,Thotapalla
Rathnapura,Imbulpe,Ulupitiya
Rathnapura,Imbulpe,Mamalgaha
Rathnapura,Imbulpe,Welanhinna
Rathnapura,Imbulpe,Amupitiya
Rathnapura,Imbulpe,Naluwela
Rathnapura,Imbulpe,Wegapitiya
Rathnapura,Imbulpe,Morahela
Rathnapura,Imbulpe,Oluganthota
Rathnapura,Imbulpe,Rathmalavinna
Rathnapura,Imbulpe,Karadiyamulla
Rathnapura,Imbulpe,Hatharabage
Rathnapura,Imbulpe,Thunkinda
Rathnapura,Balangoda,"Egoda Waleboda"
Rathnapura,Balangoda,Welekumbura
Rathnapura,Balangoda,Wijanathkumbura
Rathnapura,Balangoda,Bulathgama
Rathnapura,Balangoda,Thumbagoda
Rathnapura,Balangoda,Kirindigala
Rathnapura,Balangoda,Yahalewela
Rathnapura,Balangoda,Batugammana
Rathnapura,Balangoda,Aldora
Rathnapura,Balangoda,Watawala
Rathnapura,Balangoda,Mulgama
Rathnapura,Balangoda,Rajawaka
Rathnapura,Balangoda,Bowatta
Rathnapura,Balangoda,Vikiliya
Rathnapura,Balangoda,Thotupalathenna
Rathnapura,Balangoda,Kirimetithenna
Rathnapura,Balangoda,Dehigasthalawa
Rathnapura,Balangoda,"Balangoda Town"
Rathnapura,Balangoda,Balangoda
Rathnapura,Balangoda,Jahinkanda
Rathnapura,Balangoda,Meddekanda
Rathnapura,Balangoda,Ellewatta
Rathnapura,Balangoda,Polwathugoda
Rathnapura,Balangoda,Durakanda
Rathnapura,Balangoda,Rassagala
Rathnapura,Balangoda,Ampitiyawatta
Rathnapura,Balangoda,Massenna
Rathnapura,Balangoda,Pettigala
Rathnapura,Balangoda,Pallekanda
Rathnapura,Balangoda,Ellepola
Rathnapura,Balangoda,Thalangama
Rathnapura,Balangoda,"Kumara Gama"
Rathnapura,Balangoda,Damahana
Rathnapura,Balangoda,Godakumbura
Rathnapura,Balangoda,Imbulamura
Rathnapura,Balangoda,Mahawalathenna
Rathnapura,Balangoda,Theladiriya
Rathnapura,Balangoda,Mawela
Rathnapura,Balangoda,Welage
Rathnapura,Balangoda,Gawaranhena
Rathnapura,Balangoda,Horaketiya
Rathnapura,Kalthota,Thanjanthenna
Rathnapura,Kalthota,Kalthota
Rathnapura,Kalthota,"Uggalkalthota Left Bank South"
Rathnapura,Kalthota,Medabedda
Rathnapura,Kalthota,Neluyaya
Rathnapura,Kalthota,"Uggalkalthota Left Bank Left"
Rathnapura,Kalthota,Welipathayaya
Rathnapura,Kalthota,Kuragala
Rathnapura,Kalthota,Molamura
Rathnapura,Kalthota,Kongahamankada
Rathnapura,Kalthota,Kalupedigama
Rathnapura,Kalthota,Diyavinna
Rathnapura,Opanayaka,Polwattahena
Rathnapura,Opanayaka,Metihakwala
Rathnapura,Opanayaka,Malmeekanda
Rathnapura,Opanayaka,Meegahawela
Rathnapura,Opanayaka,Kendaketiya
Rathnapura,Opanayaka,Pelendakanda
Rathnapura,Opanayaka,Madola
Rathnapura,Opanayaka,Udawela
Rathnapura,Opanayaka,Opanayake
Rathnapura,Opanayaka,"Hunuwala North "
Rathnapura,Opanayaka,Hallinna
Rathnapura,Opanayaka,"Hunuwala South"
Rathnapura,Opanayaka,Dandeniya
Rathnapura,Opanayaka,"Wallaketiya "
Rathnapura,Opanayaka,Akarella
Rathnapura,Opanayaka,Hattella
Rathnapura,Opanayaka,"Hattella Egoda"
Rathnapura,Opanayaka,Batadura
Rathnapura,Opanayaka,Liyanagoda
Rathnapura,Opanayaka,Galkanda
Rathnapura,Pelmadulla,Gonakumbura
Rathnapura,Pelmadulla,Bopetta
Rathnapura,Pelmadulla,Berenduwa
Rathnapura,Pelmadulla,Narangoda
Rathnapura,Pelmadulla,Kuttapitiya
Rathnapura,Pelmadulla,Ganegama
Rathnapura,Pelmadulla,Godagama
Rathnapura,Pelmadulla,Dombagasvinna
Rathnapura,Pelmadulla,Sannasgama
Rathnapura,Pelmadulla,Dippitigala
Rathnapura,Pelmadulla,Lellopitiya
Rathnapura,Pelmadulla,Welimaluwa
Rathnapura,Pelmadulla,Gallinna
Rathnapura,Pelmadulla,Maudella
Rathnapura,Pelmadulla,Marapana
Rathnapura,Pelmadulla,"Pahala Hakamuwa"
Rathnapura,Pelmadulla,"Ihala Hakamuwa"
Rathnapura,Pelmadulla,Pottakanda
Rathnapura,Pelmadulla,Niralgama
Rathnapura,Pelmadulla,Alupotha
Rathnapura,Pelmadulla,Dewalegama
Rathnapura,Pelmadulla,"Denawaka Pathakada"
Rathnapura,Pelmadulla,"Rilhena "
Rathnapura,Pelmadulla,"Pahala Bopitiya"
Rathnapura,Pelmadulla,"Palmadulla Town"
Rathnapura,Pelmadulla,Udathula
Rathnapura,Pelmadulla,Warigama
Rathnapura,Pelmadulla,"Denavaka Udakada"
Rathnapura,Pelmadulla,Pelmadullagama
Rathnapura,Pelmadulla,"Ihala Bopitiya "
Rathnapura,Pelmadulla,Halpawala
Rathnapura,Pelmadulla,Kapuhenthota
Rathnapura,Pelmadulla,Panawenna
Rathnapura,Pelmadulla,Borala
Rathnapura,Pelmadulla,Morathota
Rathnapura,Pelmadulla,Kattange
Rathnapura,Pelmadulla,Poronuwa
Rathnapura,Elapatha,Kahawatta
Rathnapura,Elapatha,Dambuluwana
Rathnapura,Elapatha,Raddella
Rathnapura,Elapatha,Haldola
Rathnapura,Elapatha,Karangoda
Rathnapura,Elapatha,Samangama
Rathnapura,Elapatha,Kehelovitigama
Rathnapura,Elapatha,Weragama
Rathnapura,Elapatha,Dellabada
Rathnapura,Elapatha,Elapatha
Rathnapura,Elapatha,Pallegedera
Rathnapura,Elapatha,Kotamulla
Rathnapura,Elapatha,Amuwala
Rathnapura,Elapatha,Gangulvitiya
Rathnapura,Elapatha,Niriella
Rathnapura,Elapatha,Palawela
Rathnapura,Elapatha,Batakada
Rathnapura,Elapatha,Digana
Rathnapura,Elapatha,Magurugoda
Rathnapura,Elapatha,Hangamuwa
Rathnapura,Ayagama,"Dumbara "
Rathnapura,Ayagama,Ketepola
Rathnapura,Ayagama,Dethabadakanda
Rathnapura,Ayagama,Madabaddara
Rathnapura,Ayagama,"Pahala Galathura"
Rathnapura,Ayagama,Galathura
Rathnapura,Ayagama,Sinhalagoda
Rathnapura,Ayagama,Gangodakanda
Rathnapura,Ayagama,"Dumbara Manana"
Rathnapura,Ayagama,Gawaragiriya
Rathnapura,Ayagama,Pitakanda
Rathnapura,Ayagama,Pallekada
Rathnapura,Ayagama,Ellahena
Rathnapura,Ayagama,Vithanagama
Rathnapura,Ayagama,Ayagama
Rathnapura,Ayagama,"Udugala North"
Rathnapura,Ayagama,Kolambewa
Rathnapura,Ayagama,"Udugala "
Rathnapura,Ayagama,Paragala
Rathnapura,Ayagama,Pimbura
Rathnapura,Ayagama,Nikagoda
Rathnapura,Kalawana,Kodippilikanda
Rathnapura,Kalawana,Jathuwangoda
Rathnapura,Kalawana,Meepagama
Rathnapura,Kalawana,"Kukulegama North"
Rathnapura,Kalawana,Samanpura
Rathnapura,Kalawana,"Kalawana West"
Rathnapura,Kalawana,Thapassarakanda
Rathnapura,Kalawana,Koswatta
Rathnapura,Kalawana,"Kukulegama South"
Rathnapura,Kalawana,Pitigalakanda
Rathnapura,Kalawana,Wewagama
Rathnapura,Kalawana,Davugalagama
Rathnapura,Kalawana,Wembiyagoda
Rathnapura,Kalawana,"Kalawana East"
Rathnapura,Kalawana,Wewelkandura
Rathnapura,Kalawana,Hangarangala
Rathnapura,Kalawana,Wathurawa
Rathnapura,Kalawana,"Delgoda East"
Rathnapura,Kalawana,"Delgoda West"
Rathnapura,Kalawana,"Weddagala West"
Rathnapura,Kalawana,"Weddagala East"
Rathnapura,Kalawana,Kudumeeriya
Rathnapura,Kalawana,Thanabela
Rathnapura,Kalawana,Rambuka
Rathnapura,Kalawana,Dolekanda
Rathnapura,Kalawana,Kathlana
Rathnapura,Kalawana,Gangulagamuwa
Rathnapura,Kalawana,Panapola
Rathnapura,Kalawana,Kudawa
Rathnapura,Kalawana,Hapugoda
Rathnapura,Kalawana,"Pothupitiya North"
Rathnapura,Kalawana,"Pothupitiya South"
Rathnapura,Kalawana,Ilumbakanda
Rathnapura,Nivitigala,Pathakada
Rathnapura,Nivitigala,Noragalla
Rathnapura,Nivitigala,Dombagammana
Rathnapura,Nivitigala,Erabadda
Rathnapura,Nivitigala,Kiribathgala
Rathnapura,Nivitigala,Wanniyawatta
Rathnapura,Nivitigala,Watapotha
Rathnapura,Nivitigala,Thuttiripitiya
Rathnapura,Nivitigala,Nivithigala
Rathnapura,Nivitigala,Yakdehiwatta
Rathnapura,Nivitigala,Wathupitiya
Rathnapura,Nivitigala,Horangala
Rathnapura,Nivitigala,"Pahala Karavita"
Rathnapura,Nivitigala,"Uda Karavita"
Rathnapura,Nivitigala,Pinkanda
Rathnapura,Nivitigala,Halkandaliya
Rathnapura,Nivitigala,Sidurupitiya
Rathnapura,Nivitigala,Doloswala
Rathnapura,Nivitigala,Kolombugama
Rathnapura,Nivitigala,Doloswalakanda
Rathnapura,Nivitigala,Pebotuwa
Rathnapura,Nivitigala,Horanekarakanda
Rathnapura,Nivitigala,Delwala
Rathnapura,Nivitigala,Panahetagala
Rathnapura,Kahawatta,Yainna
Rathnapura,Kahawatta,"Nugawela West"
Rathnapura,Kahawatta,"Nugawela East"
Rathnapura,Kahawatta,Weladura
Rathnapura,Kahawatta,Bungiriya
Rathnapura,Kahawatta,"Uda Hawpe"
Rathnapura,Kahawatta,Yatagare
Rathnapura,Kahawatta,"Madalagama  Colony"
Rathnapura,Kahawatta,"Panapitiya North"
Rathnapura,Kahawatta,Nambuluwa
Rathnapura,Kahawatta,Atakalanpanna
Rathnapura,Kahawatta,Pahamunupanna
Rathnapura,Kahawatta,Kalalella
Rathnapura,Kahawatta,"Panapitiya South"
Rathnapura,Kahawatta,Gabbela
Rathnapura,Kahawatta,Endana
Rathnapura,Kahawatta,"Madalagama "
Rathnapura,Kahawatta,"Miyanavita West"
Rathnapura,Kahawatta,"Miyanavita East"
Rathnapura,Kahawatta,Kiranodagama
Rathnapura,Kahawatta,Pannila
Rathnapura,Godakawela,Kotakethana
Rathnapura,Godakawela,Dimbulwala
Rathnapura,Godakawela,Hapurudeniya
Rathnapura,Godakawela,Panawala
Rathnapura,Godakawela,Buluwana
Rathnapura,Godakawela,Makandura
Rathnapura,Godakawela,Ematiyagoda
Rathnapura,Godakawela,Ridivita
Rathnapura,Godakawela,Maragala
Rathnapura,Godakawela,Hiramadagama
Rathnapura,Godakawela,"Madampe North"
Rathnapura,Godakawela,Kavuduwawa
Rathnapura,Godakawela,"Madampe South"
Rathnapura,Godakawela,Horamula
Rathnapura,Godakawela,Weralugahamula
Rathnapura,Godakawela,Alpitiya
Rathnapura,Godakawela,Galahitiya
Rathnapura,Godakawela,Kompitiya
Rathnapura,Godakawela,Malwatta
Rathnapura,Godakawela,"Werahera West"
Rathnapura,Godakawela,"Werahera East"
Rathnapura,Godakawela,Godakawela
Rathnapura,Godakawela,Warayaya
Rathnapura,Godakawela,Niyangama
Rathnapura,Godakawela,Bambaragasthenna
Rathnapura,Godakawela,"Balavinna North"
Rathnapura,Godakawela,"Balavinna West"
Rathnapura,Godakawela,Kapuhenthenna
Rathnapura,Godakawela,Mawathalanda
Rathnapura,Godakawela,Meddegama
Rathnapura,Godakawela,Masimbula
Rathnapura,Godakawela,"Rakwana Town"
Rathnapura,Godakawela,Kottala
Rathnapura,Godakawela,"Rakwana South"
Rathnapura,Godakawela,"Rakwana North"
Rathnapura,Godakawela,Yahalawela
Rathnapura,Godakawela,"Bibilegama West"
Rathnapura,Godakawela,"Bibilegama East"
Rathnapura,Godakawela,"Thambagamuwa West"
Rathnapura,Godakawela,Dambavinna
Rathnapura,Godakawela,"Balavinna East"
Rathnapura,Godakawela,"Thambagamuwa East"
Rathnapura,Godakawela,"Mahagama West"
Rathnapura,Godakawela,"Mahagama East"
Rathnapura,Weligepola,Paragahamaditta
Rathnapura,Weligepola,Ilukkumbura
Rathnapura,Weligepola,Panana
Rathnapura,Weligepola,Galgodagama
Rathnapura,Weligepola,Kongasthenna
Rathnapura,Weligepola,Bopitigoda
Rathnapura,Weligepola,Gangodagama
Rathnapura,Weligepola,Medaganoya
Rathnapura,Weligepola,Udaranwala
Rathnapura,Weligepola,Weligepola
Rathnapura,Weligepola,Udagangoda
Rathnapura,Weligepola,Belimaliyadda
Rathnapura,Weligepola,Handagiriya
Rathnapura,Weligepola,Handagirigoda
Rathnapura,Weligepola,Palugahawela
Rathnapura,Weligepola,Urawala
Rathnapura,Weligepola,Kottimbulwala
Rathnapura,Weligepola,Thalagaskanda
Rathnapura,Weligepola,Ranwala
Rathnapura,Weligepola,Ammaduwa
Rathnapura,Weligepola,Elamalpe
Rathnapura,Weligepola,Thennahena
Rathnapura,Weligepola,Kalatuwakanda
Rathnapura,Weligepola,Badullegama
Rathnapura,Weligepola,Hatangala
Rathnapura,Weligepola,Bambaragala
Rathnapura,Weligepola,Pussathota
Rathnapura,Weligepola,Madawalalanda
Rathnapura,Weligepola,Galpaya
Rathnapura,Weligepola,Muttettupola
Rathnapura,Embilipitiya,Pallebedda
Rathnapura,Embilipitiya,Thittawelpotha
Rathnapura,Embilipitiya,Panahaduwa
Rathnapura,Embilipitiya,Udawalawa
Rathnapura,Embilipitiya,Thimbolketiya
Rathnapura,Embilipitiya,"Kolambage Ara"
Rathnapura,Embilipitiya,Sankhapala
Rathnapura,Embilipitiya,Miriswelpatha
Rathnapura,Embilipitiya,Adaluwa
Rathnapura,Embilipitiya,Maduwanwela
Rathnapura,Embilipitiya,"Udawalawa Track 02"
Rathnapura,Embilipitiya,Rathkarawwa
Rathnapura,Embilipitiya,Gangeyaya
Rathnapura,Embilipitiya,"Ketagal Ara"
Rathnapura,Embilipitiya,"Nindagam Pelessa"
Rathnapura,Embilipitiya,Ranchamadama
Rathnapura,Embilipitiya,Panamura
Rathnapura,Embilipitiya,Konkatuwa
Rathnapura,Embilipitiya,"Embilipitiya Udagama"
Rathnapura,Embilipitiya,"Hingura Ara"
Rathnapura,Embilipitiya,"Kalagedi Ara"
Rathnapura,Embilipitiya,Moraketiya
Rathnapura,Embilipitiya,"Embilipitiya Pallegama"
Rathnapura,Embilipitiya,"Embilipitiya New Town"
Rathnapura,Embilipitiya,Yodhagama
Rathnapura,Embilipitiya,Modarawana
Rathnapura,Embilipitiya,Sudugala
Rathnapura,Embilipitiya,Walalgoda
Rathnapura,Embilipitiya,Jadura
Rathnapura,Embilipitiya,Diyapota
Rathnapura,Embilipitiya,Mulendiyawala
Rathnapura,Embilipitiya,Thorakolayaya
Rathnapura,Embilipitiya,"Kumbugoda Ara"
Rathnapura,Embilipitiya,Hingura
Rathnapura,Embilipitiya,Halmillaketiya
Rathnapura,Embilipitiya,Thunkama
Rathnapura,Embilipitiya,Hagala
Rathnapura,Embilipitiya,Kuttigala
Rathnapura,Embilipitiya,Julangete
Rathnapura,Embilipitiya,Padalangala
Rathnapura,Kolonna,Buluthota
Rathnapura,Kolonna,Ranhotikanda
Rathnapura,Kolonna,Yakmaditta
Rathnapura,Kolonna,Helaudakanda
Rathnapura,Kolonna,Heneggegoda
Rathnapura,Kolonna,Kumburugamuwa
Rathnapura,Kolonna,Dambemada
Rathnapura,Kolonna,Welewathugoda
Rathnapura,Kolonna,Ereporuwa
Rathnapura,Kolonna,Wijeriya
Rathnapura,Kolonna,Poddana
Rathnapura,Kolonna,Ittakanda
Rathnapura,Kolonna,Buthkanda
Rathnapura,Kolonna,Kolonna
Rathnapura,Kolonna,"Maduwanwela Peranigama"
Rathnapura,Kolonna,Nandanagama
Rathnapura,Kolonna,Ambagahayaya
Rathnapura,Kolonna,Kella
Rathnapura,Kolonna,Boraluwageaina
Rathnapura,Kolonna,Ullinduwawa
Rathnapura,Kolonna,Pupulaketiya
Rathnapura,Kolonna,Habbeliara
Rathnapura,Kolonna,Walakada
Rathnapura,Kolonna,Koppakanda
Rathnapura,Kolonna,Dapane
Rathnapura,Kolonna,Dorapane
Rathnapura,Kolonna,Morawadiya
Rathnapura,Kolonna,Omalpe
Rathnapura,Kolonna,Kempane
Kegalle,Rambukkana,"Dombemada East"
Kegalle,Rambukkana,"Dombemada west"
Kegalle,Rambukkana,Udanvita
Kegalle,Rambukkana,Maligathenna
Kegalle,Rambukkana,Alugolla
Kegalle,Rambukkana,"Gabbala North"
Kegalle,Rambukkana,"Gabbala South"
Kegalle,Rambukkana,Mahagama
Kegalle,Rambukkana,Halwatta
Kegalle,Rambukkana,Hewadiwela
Kegalle,Rambukkana,Nattambura
Kegalle,Rambukkana,"Kudagama North"
Kegalle,Rambukkana,"Kudagama South"
Kegalle,Rambukkana,Madagaladeniya
Kegalle,Rambukkana,Walgama
Kegalle,Rambukkana,Udagaladeniya
Kegalle,Rambukkana,Dambulla
Kegalle,Rambukkana,Deliwala
Kegalle,Rambukkana,Hangawela
Kegalle,Rambukkana,"Ihala Walpola"
Kegalle,Rambukkana,Kotawella
Kegalle,Rambukkana,Kanugolla
Kegalle,Rambukkana,"Parape North"
Kegalle,Rambukkana,"Parape South"
Kegalle,Rambukkana,Kossinna
Kegalle,Rambukkana,Kansalagamuwa
Kegalle,Rambukkana,Heenabowa
Kegalle,Rambukkana,Walalgoda
Kegalle,Rambukkana,Kiriwallapitiya
Kegalle,Rambukkana,Eriyagolla
Kegalle,Rambukkana,Werellapatha
Kegalle,Rambukkana,Weligamuwa
Kegalle,Rambukkana,Thaldewa
Kegalle,Rambukkana,Wahawa
Kegalle,Rambukkana,Padavigampala
Kegalle,Rambukkana,Puwakmote
Kegalle,Rambukkana,Udugama
Kegalle,Rambukkana,Thismalpola
Kegalle,Rambukkana,Yatagama
Kegalle,Rambukkana,Meeduma
Kegalle,Rambukkana,Hurimaluwa
Kegalle,Rambukkana,Eriyawa
Kegalle,Rambukkana,"Rambukkana Town"
Kegalle,Rambukkana,Diyasunnatha
Kegalle,Rambukkana,Madawala
Kegalle,Rambukkana,Godagandeniya
Kegalle,Rambukkana,Kempitiya
Kegalle,Rambukkana,Kadigamuwa
Kegalle,Rambukkana,Halagiriya
Kegalle,Rambukkana,Muwapitiya
Kegalle,Rambukkana,Beligodapitiya
Kegalle,Rambukkana,Pinnawala
Kegalle,Rambukkana,Daluggala
Kegalle,Rambukkana,Mottappuliya
Kegalle,Rambukkana,Koorempola
Kegalle,Rambukkana,Halpitiya
Kegalle,Rambukkana,"Naranbedda East"
Kegalle,Rambukkana,"Naranbedda West"
Kegalle,Rambukkana,Marukwathura
Kegalle,Rambukkana,Imbulgasdeniya
Kegalle,Rambukkana,Ambuwangala
Kegalle,Rambukkana,Kehelwathugoda
Kegalle,Rambukkana,Dunukewala
Kegalle,Rambukkana,Waduwadeniya
Kegalle,Rambukkana,Hiriwadunna
Kegalle,Rambukkana,Bathambure
Kegalle,Rambukkana,Kottanawatta
Kegalle,Rambukkana,Kotagama
Kegalle,Rambukkana,Kiriwandeniya
Kegalle,Rambukkana,Netiyapana
Kegalle,Rambukkana,"Udugama Gondewala"
Kegalle,Rambukkana,Pattampitiya
Kegalle,Rambukkana,Yatiwaldeniya
Kegalle,Rambukkana,Henepola
Kegalle,Rambukkana,"Deegana Kanda"
Kegalle,Rambukkana,Gangoda
Kegalle,Rambukkana,Beddawala
Kegalle,Rambukkana,Yodhagama
Kegalle,Rambukkana,Pitiyegama
Kegalle,Rambukkana,Deldeniya
Kegalle,Rambukkana,Kivulpana
Kegalle,Rambukkana,Minwana
Kegalle,Rambukkana,Kumbaldiwela
Kegalle,Rambukkana,Galpala
Kegalle,Rambukkana,Kumbaloluwa
Kegalle,Rambukkana,Kavudaulla
Kegalle,Rambukkana,Molagoda
Kegalle,Rambukkana,Waragoda
Kegalle,Rambukkana,Mangalagama
Kegalle,Mawanella,Weganthale
Kegalle,Mawanella,Yatimahana
Kegalle,Mawanella,Keppetipola
Kegalle,Mawanella,"Ihala Kotte"
Kegalle,Mawanella,Makehelwala
Kegalle,Mawanella,"Dunugama Maliyadda"
Kegalle,Mawanella,Karapane
Kegalle,Mawanella,Kondeniya
Kegalle,Mawanella,Gondiwala
Kegalle,Mawanella,Uthuwankanda
Kegalle,Mawanella,Ambulugala
Kegalle,Mawanella,Attanagoda
Kegalle,Mawanella,Panagamuwa
Kegalle,Mawanella,Dehimaduwa
Kegalle,Mawanella,Habbunkaduwa
Kegalle,Mawanella,Mahawatta
Kegalle,Mawanella,Muruthawala
Kegalle,Mawanella,Randiwala
Kegalle,Mawanella,"Uda Makadawara"
Kegalle,Mawanella,Ganethenna
Kegalle,Mawanella,Makadawara
Kegalle,Mawanella,Batawala
Kegalle,Mawanella,Hingula
Kegalle,Mawanella,Owatta
Kegalle,Mawanella,Hinguloya
Kegalle,Mawanella,Rankothdiwala
Kegalle,Mawanella,Mawanella
Kegalle,Mawanella,Mawana
Kegalle,Mawanella,Kiringadeniya
Kegalle,Mawanella,Weligalla
Kegalle,Mawanella,Dodanthale
Kegalle,Mawanella,Kappagoda
Kegalle,Mawanella,Nankurugama
Kegalle,Mawanella,Kongamuwa
Kegalle,Mawanella,Beligammana
Kegalle,Mawanella,Edanduwawa
Kegalle,Mawanella,Idampitiya
Kegalle,Mawanella,Kekirigoda
Kegalle,Mawanella,Uyanwatta
Kegalle,Mawanella,Aluthnuwara
Kegalle,Mawanella,Molligoda
Kegalle,Mawanella,Mawela
Kegalle,Mawanella,Warakapana
Kegalle,Mawanella,Kahawandala
Kegalle,Mawanella,Mahanthegama
Kegalle,Mawanella,Heenatipana
Kegalle,Mawanella,Rukulagama
Kegalle,Mawanella,Daswatta
Kegalle,Mawanella,Lewke
Kegalle,Mawanella,Kumbalgama
Kegalle,Mawanella,Balawathgama
Kegalle,Mawanella,Werake
Kegalle,Mawanella,Embilmeewala
Kegalle,Mawanella,Thambavita
Kegalle,Mawanella,Eraminigammana
Kegalle,Mawanella,Ambadeniya
Kegalle,Mawanella,Weragoda
Kegalle,Mawanella,Kooragala
Kegalle,Mawanella,Waduwawala
Kegalle,Mawanella,"Ginihappitiya  West"
Kegalle,Mawanella,"Ginihappitiya  East"
Kegalle,Mawanella,Ambaruppa
Kegalle,Mawanella,Madulbowa
Kegalle,Mawanella,Ambalawa
Kegalle,Mawanella,Balathgamuwa
Kegalle,Mawanella,"Kehelpannala East"
Kegalle,Mawanella,Wadiyathenna
Kegalle,Mawanella,Hemmathagama
Kegalle,Mawanella,Palliporuwa
Kegalle,Mawanella,Dumbuluwawa
Kegalle,Mawanella,"Kehelpannala West"
Kegalle,Aranayaka,"Deewela Udagama"
Kegalle,Aranayaka,Wakirigala
Kegalle,Aranayaka,"Epalawa Watta"
Kegalle,Aranayaka,Uduwewela
Kegalle,Aranayaka,"Kande Watta"
Kegalle,Aranayaka,"Gal Athara"
Kegalle,Aranayaka,Gammannagoda
Kegalle,Aranayaka,Katugaha
Kegalle,Aranayaka,Ussapitiya
Kegalle,Aranayaka,Waharakgoda
Kegalle,Aranayaka,Ruwandeniya
Kegalle,Aranayaka,Attapitiya
Kegalle,Aranayaka,Devanagala
Kegalle,Aranayaka,Kariyagama
Kegalle,Aranayaka,Godigamuwa
Kegalle,Aranayaka,Narangammana
Kegalle,Aranayaka,Lambutuwa
Kegalle,Aranayaka,Wattegedara
Kegalle,Aranayaka,Asmadala
Kegalle,Aranayaka,Kandamulla
Kegalle,Aranayaka,Kumarapura
Kegalle,Aranayaka,"Debathgama Udabage"
Kegalle,Aranayaka,"Debathgama Pallebage"
Kegalle,Aranayaka,Hathgampala
Kegalle,Aranayaka,Moragammana
Kegalle,Aranayaka,"Gevilipitiya Town"
Kegalle,Aranayaka,"Gevilipitiya Gama"
Kegalle,Aranayaka,Pehinipeddara
Kegalle,Aranayaka,Nikapitiya
Kegalle,Aranayaka,Thalgamuwa
Kegalle,Aranayaka,Dippitiya
Kegalle,Aranayaka,Habalakkawa
Kegalle,Aranayaka,Keerapana
Kegalle,Aranayaka,Vilpola
Kegalle,Aranayaka,Galbokka
Kegalle,Aranayaka,Elangipitiya
Kegalle,Aranayaka,Kalugala
Kegalle,Aranayaka,Kehelwatta
Kegalle,Aranayaka,Dampelgoda
Kegalle,Aranayaka,Narangala
Kegalle,Aranayaka,"Getaberi Kanda"
Kegalle,Aranayaka,Pannala
Kegalle,Aranayaka,Duldeniya
Kegalle,Aranayaka,"Thalgaspitiya Muslimgama"
Kegalle,Aranayaka,Thalgaspitiya
Kegalle,Aranayaka,Thelleka
Kegalle,Aranayaka,Hakurugammana
Kegalle,Aranayaka,Aranayaka
Kegalle,Aranayaka,Udagama
Kegalle,Aranayaka,Ambalakanda
Kegalle,Aranayaka,"Ganthuna Udagama"
Kegalle,Aranayaka,"Ganthuna Medagama"
Kegalle,Aranayaka,Jambugasmada
Kegalle,Aranayaka,Podape
Kegalle,Aranayaka,Deiyanwala
Kegalle,Aranayaka,Arama
Kegalle,Aranayaka,Rahala
Kegalle,Aranayaka,Randiligama
Kegalle,Aranayaka,Yodhagama
Kegalle,Aranayaka,"Selawa East"
Kegalle,Aranayaka,"Selawa West"
Kegalle,Kegalle,Siyambalapitiya
Kegalle,Kegalle,Pussella
Kegalle,Kegalle,Dimbulagamuwa
Kegalle,Kegalle,Kolongalla
Kegalle,Kegalle,Diyagama
Kegalle,Kegalle,Kalugalla
Kegalle,Kegalle,Puwakdeniya
Kegalle,Kegalle,Meepitiya
Kegalle,Kegalle,Olagankanda
Kegalle,Kegalle,Wewaladeniya
Kegalle,Kegalle,Ranwala
Kegalle,Kegalle,Paranagampola
Kegalle,Kegalle,Uraulla
Kegalle,Kegalle,Ambanpitiya
Kegalle,Kegalle,Beragala
Kegalle,Kegalle,"Kegalle Town"
Kegalle,Kegalle,Golahena
Kegalle,Kegalle,Pallewela
Kegalle,Kegalle,Karandupotha
Kegalle,Kegalle,"Uda karandupana"
Kegalle,Kegalle,Nilmalgoda
Kegalle,Kegalle,Paragammana
Kegalle,Kegalle,Waldeniya
Kegalle,Kegalle,Dikella
Kegalle,Kegalle,Buluruppa
Kegalle,Kegalle,Ekiriyagala
Kegalle,Kegalle,"Deewela Madagama"
Kegalle,Kegalle,"Deewela Pallegama"
Kegalle,Kegalle,Ewunugalla
Kegalle,Kegalle,Dikkohupitiya
Kegalle,Kegalle,Kawudugama
Kegalle,Kegalle,Makoora
Kegalle,Kegalle,Bulugahadeniya
Kegalle,Kegalle,Thalewela
Kegalle,Kegalle,Hettimulla
Kegalle,Kegalle,Minuwangamuwa
Kegalle,Kegalle,Udumagama
Kegalle,Kegalle,Wadupola
Kegalle,Kegalle,Wathura
Kegalle,Kegalle,"Meedeniya South"
Kegalle,Kegalle,"Meedeniya North"
Kegalle,Kegalle,Malavita
Kegalle,Kegalle,Godigamuwa
Kegalle,Kegalle,"Hapuwita Pallegama"
Kegalle,Kegalle,Alapalawala
Kegalle,Kegalle,Nilpalagammana
Kegalle,Kegalle,Eregama
Kegalle,Kegalle,Athurupana
Kegalle,Kegalle,Rotuwa
Kegalle,Kegalle,Hungampola
Kegalle,Kegalle,Gurullawala
Kegalle,Kegalle,Moradana
Kegalle,Kegalle,Mabopitiya
Kegalle,Kegalle,Higgoda
Kegalle,Kegalle,Bossella
Kegalle,Kegalle,"Ganthuna Pallegama North"
Kegalle,Kegalle,Bogala
Kegalle,Kegalle,Thiyambarahena
Kegalle,Kegalle,Undugoda
Kegalle,Kegalle,Belihulwana
Kegalle,Kegalle,"Ganthuna Pallegama South"
Kegalle,Galigamuwa,Helamada
Kegalle,Galigamuwa,Godapola
Kegalle,Galigamuwa,Batuwatta
Kegalle,Galigamuwa,Makuddala
Kegalle,Galigamuwa,Weragoda
Kegalle,Galigamuwa,Jeewana
Kegalle,Galigamuwa,Dewalegama
Kegalle,Galigamuwa,Walagama
Kegalle,Galigamuwa,Kandegedara
Kegalle,Galigamuwa,"Edurapotha West"
Kegalle,Galigamuwa,Panakawa
Kegalle,Galigamuwa,"Edurapotha East"
Kegalle,Galigamuwa,Nawagamuwa
Kegalle,Galigamuwa,Hathnagoda
Kegalle,Galigamuwa,Peherambe
Kegalle,Galigamuwa,Palapoluwa
Kegalle,Galigamuwa,Yattogoda
Kegalle,Galigamuwa,"Ballapana Pathabage"
Kegalle,Galigamuwa,Kobbewala
Kegalle,Galigamuwa,Gligamuwa
Kegalle,Galigamuwa,"Ballapana Udabage"
Kegalle,Galigamuwa,Mayfield
Kegalle,Galigamuwa,Asideniya
Kegalle,Galigamuwa,Dematanpitiya
Kegalle,Galigamuwa,Bisowela
Kegalle,Galigamuwa,Imbulgala
Kegalle,Galigamuwa,Atugoda
Kegalle,Galigamuwa,Renapana
Kegalle,Galigamuwa,Bambaragama
Kegalle,Galigamuwa,Naberiyawa
Kegalle,Galigamuwa,Narangoda
Kegalle,Galigamuwa,Alawala
Kegalle,Galigamuwa,Holombuwa
Kegalle,Galigamuwa,Boyagoda
Kegalle,Galigamuwa,Arandara
Kegalle,Galigamuwa,Kiridana
Kegalle,Galigamuwa,Kinigama
Kegalle,Galigamuwa,Damunupola
Kegalle,Galigamuwa,Lahupana
Kegalle,Galigamuwa,Pothukoladeniya
Kegalle,Galigamuwa,Pindeniya
Kegalle,Galigamuwa,Udugama
Kegalle,Galigamuwa,Nadeniya
Kegalle,Galigamuwa,Atala
Kegalle,Galigamuwa,Hapudeniya
Kegalle,Galigamuwa,Kurunegoda
Kegalle,Galigamuwa,Ruggahathenna
Kegalle,Galigamuwa,Ampe
Kegalle,Galigamuwa,Hathnapitiya
Kegalle,Galigamuwa,Karagala
Kegalle,Galigamuwa,Aruggammana
Kegalle,Warakapola,Waddeniya
Kegalle,Warakapola,Kalugala
Kegalle,Warakapola,Weniwellakaduwa
Kegalle,Warakapola,Kodapaluwa
Kegalle,Warakapola,Opatha
Kegalle,Warakapola,Paspolakanda
Kegalle,Warakapola,Thulhiriya
Kegalle,Warakapola,Parakramagama
Kegalle,Warakapola,Nangalla
Kegalle,Warakapola,Ragalkanda
Kegalle,Warakapola,Heliyagoda
Kegalle,Warakapola,Metiyagane
Kegalle,Warakapola,Thalgama
Kegalle,Warakapola,Egalla
Kegalle,Warakapola,Kumbalgama
Kegalle,Warakapola,Akwatta
Kegalle,Warakapola,"Pinnagoda Kanda"
Kegalle,Warakapola,Gasnawa
Kegalle,Warakapola,Mangedara
Kegalle,Warakapola,Ambepussa
Kegalle,Warakapola,Warakapola
Kegalle,Warakapola,"Mahena Colony"
Kegalle,Warakapola,"Mahena "
Kegalle,Warakapola,Tholangamuwa
Kegalle,Warakapola,Nape
Kegalle,Warakapola,Morawaka
Kegalle,Warakapola,Mampita
Kegalle,Warakapola,Nelumdeniya
Kegalle,Warakapola,Othnapitiya
Kegalle,Warakapola,Boorunnawa
Kegalle,Warakapola,Elipangamuwa
Kegalle,Warakapola,Delgamuwa
Kegalle,Warakapola,Thumbaliyadda
Kegalle,Warakapola,Ganithapura
Kegalle,Warakapola,Ethnawala
Kegalle,Warakapola,Dummaladeniya
Kegalle,Warakapola,Puhulegama
Kegalle,Warakapola,Godawela
Kegalle,Warakapola,Penihela
Kegalle,Warakapola,Thambugala
Kegalle,Warakapola,Thalgahadeniya
Kegalle,Warakapola,Niwatuwa
Kegalle,Warakapola,Kukulpane
Kegalle,Warakapola,Thalliyadda
Kegalle,Warakapola,"Dorawaka Pallebage"
Kegalle,Warakapola,Yaddehimulla
Kegalle,Warakapola,Kohombadeniya
Kegalle,Warakapola,"Ihala Lenagala"
Kegalle,Warakapola,Dedigama
Kegalle,Warakapola,Pitadeniya
Kegalle,Warakapola,Thunthota
Kegalle,Warakapola,Imbulovita
Kegalle,Warakapola,Menikkadawara
Kegalle,Warakapola,"Maha Pallegama"
Kegalle,Warakapola,Kinivita
Kegalle,Warakapola,Hapugoda
Kegalle,Warakapola,"Dorawaka Udabage"
Kegalle,Warakapola,Weragoda
Kegalle,Warakapola,Palamure
Kegalle,Warakapola,Bopitiya
Kegalle,Warakapola,"Algama Ihalagama"
Kegalle,Warakapola,Algama
Kegalle,Warakapola,Madurupitiya
Kegalle,Warakapola,Kandegama
Kegalle,Warakapola,Uduwaka
Kegalle,Warakapola,Hallawa
Kegalle,Warakapola,Ebidigala
Kegalle,Warakapola,Alpitiya
Kegalle,Warakapola,Kivuldeniya
Kegalle,Warakapola,Kudapallegama
Kegalle,Warakapola,Thambadiya
Kegalle,Warakapola,Elamaldeniya
Kegalle,Warakapola,Malmaduwa
Kegalle,Warakapola,Polgampala
Kegalle,Warakapola,Weragala
Kegalle,Warakapola,Pallepelpita
Kegalle,Warakapola,"Pahala Lenagala"
Kegalle,Warakapola,Welhella
Kegalle,Ruwanwella,Dunumala
Kegalle,Ruwanwella,Galapitamada
Kegalle,Ruwanwella,Walgampatha
Kegalle,Ruwanwella,Kadigamuwa
Kegalle,Ruwanwella,Mahakanda
Kegalle,Ruwanwella,Lenagala
Kegalle,Ruwanwella,"Lewangama North"
Kegalle,Ruwanwella,"Lewangama South"
Kegalle,Ruwanwella,Morathota
Kegalle,Ruwanwella,Waharaka
Kegalle,Ruwanwella,Daluwalana
Kegalle,Ruwanwella,Wahakula
Kegalle,Ruwanwella,Dannoruwa
Kegalle,Ruwanwella,Nivunhella
Kegalle,Ruwanwella,Imbulana
Kegalle,Ruwanwella,Siyambalawala
Kegalle,Ruwanwella,Pethangoda
Kegalle,Ruwanwella,Kannattota
Kegalle,Ruwanwella,Gonaramba
Kegalle,Ruwanwella,Doranuwa
Kegalle,Ruwanwella,Bopetta
Kegalle,Ruwanwella,"Morawatta "
Kegalle,Ruwanwella,Mahalla
Kegalle,Ruwanwella,"Gonagala North"
Kegalle,Ruwanwella,Indurana
Kegalle,Ruwanwella,Puranpotta
Kegalle,Ruwanwella,Batuvita
Kegalle,Ruwanwella,"Amithirigala North"
Kegalle,Ruwanwella,"Amithirigala South"
Kegalle,Ruwanwella,"Gonagala West"
Kegalle,Ruwanwella,Mapitigama
Kegalle,Ruwanwella,Moraliya
Kegalle,Ruwanwella,Ruwanwella
Kegalle,Ruwanwella,Wendala
Kegalle,Ruwanwella,"Mahadeniya "
Kegalle,Ruwanwella,Udakanugala
Kegalle,Ruwanwella,"Palle Kanugala"
Kegalle,Ruwanwella,Medagoda
Kegalle,Bulathkohupitiya,Kanangamuwa
Kegalle,Bulathkohupitiya,Getiyamulla
Kegalle,Bulathkohupitiya,Higgoda
Kegalle,Bulathkohupitiya,Puspane
Kegalle,Bulathkohupitiya,Kabagamuwa
Kegalle,Bulathkohupitiya,Alawathura
Kegalle,Bulathkohupitiya,Ambuwakka
Kegalle,Bulathkohupitiya,Haloluwa
Kegalle,Bulathkohupitiya,Wegalla
Kegalle,Bulathkohupitiya,Lewala
Kegalle,Bulathkohupitiya,Bulathkohupitiya
Kegalle,Bulathkohupitiya,Rangalla
Kegalle,Bulathkohupitiya,"Navismiyar Ihala"
Kegalle,Bulathkohupitiya,Uduwa
Kegalle,Bulathkohupitiya,Dedugala
Kegalle,Bulathkohupitiya,Pelempitiya
Kegalle,Bulathkohupitiya,Neluwakkana
Kegalle,Bulathkohupitiya,Udapotha
Kegalle,Bulathkohupitiya,Kendawa
Kegalle,Bulathkohupitiya,Narangala
Kegalle,Bulathkohupitiya,Urumeewala
Kegalle,Bulathkohupitiya,Punehela
Kegalle,Bulathkohupitiya,Panapitiya
Kegalle,Bulathkohupitiya,Ampagala
Kegalle,Bulathkohupitiya,Thelkumuduwala
Kegalle,Bulathkohupitiya,Kiriporuwa
Kegalle,Bulathkohupitiya,Ambamalla
Kegalle,Yatiyanthota,Mattamagoda
Kegalle,Yatiyanthota,Galpatha
Kegalle,Yatiyanthota,Kabulumulla
Kegalle,Yatiyanthota,"Garagoda Pahala"
Kegalle,Yatiyanthota,"Garagoda Ihala"
Kegalle,Yatiyanthota,Yatiyanthota
Kegalle,Yatiyanthota,Mahavila
Kegalle,Yatiyanthota,Parussella
Kegalle,Yatiyanthota,Jayavindagama
Kegalle,Yatiyanthota,Welihelathenna
Kegalle,Yatiyanthota,Malalpola
Kegalle,Yatiyanthota,Dombepola
Kegalle,Yatiyanthota,Amanawala
Kegalle,Yatiyanthota,Berannawa
Kegalle,Yatiyanthota,Seepoth
Kegalle,Yatiyanthota,Mahabage
Kegalle,Yatiyanthota,Dunukedeniya
Kegalle,Yatiyanthota,Malwatta
Kegalle,Yatiyanthota,Kirikohutenna
Kegalle,Yatiyanthota,Neluwathukanda
Kegalle,Yatiyanthota,Polpitiya
Kegalle,Yatiyanthota,Weeragalla
Kegalle,Yatiyanthota,Nawata
Kegalle,Yatiyanthota,Meegasthenna
Kegalle,Yatiyanthota,Pelellegama
Kegalle,Yatiyanthota,Hakbellawaka
Kegalle,Yatiyanthota,Ganepalla
Kegalle,Yatiyanthota,Theligama
Kegalle,Yatiyanthota,Gonagamuwa
Kegalle,Yatiyanthota,"Kithulgala North"
Kegalle,Yatiyanthota,Kalukohuthenna
Kegalle,Yatiyanthota,"Kithulgala South"
Kegalle,Dehiovita,Kurupetta
Kegalle,Dehiovita,Daigala
Kegalle,Dehiovita,Eluwana
Kegalle,Dehiovita,Magammana
Kegalle,Dehiovita,Kanangama
Kegalle,Dehiovita,Walpola
Kegalle,Dehiovita,Boralankada
Kegalle,Dehiovita,Dikella
Kegalle,Dehiovita,Kahanvita
Kegalle,Dehiovita,Dehiovita
Kegalle,Dehiovita,Atulugamwela
Kegalle,Dehiovita,Atulugama
Kegalle,Dehiovita,Kelegama
Kegalle,Dehiovita,Napawala
Kegalle,Dehiovita,Uduvila
Kegalle,Dehiovita,Epalapitiya
Kegalle,Dehiovita,"Pahala Thaldoowa"
Kegalle,Dehiovita,"Ihala Thaldoowa"
Kegalle,Dehiovita,Debegama
Kegalle,Dehiovita,Thimbiripola
Kegalle,Dehiovita,Algoda
Kegalle,Dehiovita,"Hinguralakanda East"
Kegalle,Dehiovita,Batangala
Kegalle,Dehiovita,Viharakanda
Kegalle,Dehiovita,"Galabalana Kanda"
Kegalle,Dehiovita,Maniyangama
Kegalle,Dehiovita,Madola
Kegalle,Dehiovita,Welangalla
Kegalle,Dehiovita,Bomaluwa
Kegalle,Dehiovita,Rangegama
Kegalle,Dehiovita,Panawala
Kegalle,Dehiovita,"Hinguralakanda West"
Kegalle,Dehiovita,Pukunuwala
Kegalle,Dehiovita,Godagampala
Kegalle,Dehiovita,Ambalampitiya
Kegalle,Dehiovita,Madagammana
Kegalle,Dehiovita,Pannila
Kegalle,Dehiovita,Imbulpitiya
Kegalle,Dehiovita,Elavulla
Kegalle,Deraniyagala,Ballahela
Kegalle,Deraniyagala,Behennella
Kegalle,Deraniyagala,Nilwala
Kegalle,Deraniyagala,Dodawatta
Kegalle,Deraniyagala,Basnagala
Kegalle,Deraniyagala,Keerihena
Kegalle,Deraniyagala,Udabage
Kegalle,Deraniyagala,Wattegedara
Kegalle,Deraniyagala,Deraniyagala
Kegalle,Deraniyagala,Lassegama
Kegalle,Deraniyagala,Anhettigama
Kegalle,Deraniyagala,Panakoora
Kegalle,Deraniyagala,Pandaha
Kegalle,Deraniyagala,Polgaswatta
Kegalle,Deraniyagala,Maliboda
Kegalle,Deraniyagala,Poddenikanda
Kegalle,Deraniyagala,Nakkavita
Kegalle,Deraniyagala,Miyanawita
Kegalle,Deraniyagala,"Deraniyagala South"
Kegalle,Deraniyagala,Rasnakkanda
Kegalle,Deraniyagala,Udapola
Kegalle,Deraniyagala,Demada
Kegalle,Deraniyagala,Kosgahakanda
Kegalle,Deraniyagala,Yatiwala
Kegalle,Deraniyagala,Magala
Kegalle,Deraniyagala,Dikellakanda
